Flow,O,D,Year
298,17,34,2005
395,17,46,2005
914,17,16,2005
312,17,21,2005
108,17,49,2005
114,17,39,2005
2206,17,10,2005
4620,17,18,2005
38,17,9,2005
324,17,28,2005
138,17,47,2005
71,17,31,2005
218,17,26,2005
159,17,41,2005
622,17,6,2005
377,17,37,2005
50,17,8,2005
275,17,7,2005
88,17,48,2005
1009,17,1,2005
189,17,20,2005
62,17,30,2005
8,17,11,2005
32,17,27,2005
5,17,33,2005
76,17,36,2005
123,17,13,2005
310,17,25,2005
806,17,2,2005
515,17,42,2005
183,17,3,2005
255,17,44,2005
198,17,19,2005
18,17,40,2005
471,17,32,2005
1785,17,23,2005
1471,17,15,2005
449,17,4,2005
38,17,12,2005
72,17,5,2005
475,17,43,2005
56,17,24,2005
89,34,17,2005
197,34,46,2005
4394,34,16,2005
1095,34,21,2005
7,34,49,2005
33,34,39,2005
76,34,35,2005
930,34,10,2005
529,34,18,2005
352,34,9,2005
788,34,28,2005
373,34,47,2005
313,34,31,2005
327,34,26,2005
172,34,41,2005
114,34,6,2005
56,34,38,2005
293,34,37,2005
101,34,8,2005
349,34,7,2005
356,34,48,2005
82,34,1,2005
657,34,20,2005
171,34,30,2005
185,34,11,2005
942,34,27,2005
61,34,33,2005
314,34,36,2005
1215,34,13,2005
529,34,25,2005
422,34,2,2005
110,34,45,2005
516,34,42,2005
459,34,3,2005
901,34,44,2005
461,34,19,2005
68,34,40,2005
199,34,32,2005
95,34,14,2005
136,34,23,2005
1900,34,15,2005
971,34,22,2005
14,34,29,2005
351,34,4,2005
1892,34,12,2005
62,34,5,2005
342,34,43,2005
191,34,24,2005
1084,46,17,2005
631,46,34,2005
849,46,16,2005
416,46,21,2005
117,46,39,2005
1129,46,10,2005
403,46,18,2005
872,46,28,2005
77,46,47,2005
277,46,31,2005
480,46,26,2005
553,46,41,2005
986,46,6,2005
86,46,38,2005
185,46,37,2005
32,46,8,2005
250,46,7,2005
93,46,48,2005
641,46,1,2005
2812,46,20,2005
54,46,30,2005
11,46,11,2005
114,46,27,2005
12,46,36,2005
527,46,13,2005
259,46,25,2005
313,46,2,2005
21,46,45,2005
218,46,42,2005
2308,46,3,2005
486,46,44,2005
251,46,19,2005
68,46,32,2005
1778,46,23,2005
3303,46,15,2005
26,46,22,2005
132,46,4,2005
233,46,12,2005
19,46,5,2005
339,46,43,2005
60,46,24,2005
81,16,17,2005
2526,16,34,2005
165,16,46,2005
679,16,21,2005
106,16,49,2005
25,16,39,2005
62,16,35,2005
781,16,10,2005
553,16,18,2005
419,16,9,2005
504,16,28,2005
192,16,47,2005
132,16,31,2005
182,16,26,2005
104,16,41,2005
161,16,6,2005
82,16,38,2005
222,16,37,2005
201,16,8,2005
204,16,7,2005
244,16,48,2005
126,16,1,2005
320,16,20,2005
161,16,30,2005
99,16,11,2005
1504,16,27,2005
36,16,33,2005
209,16,36,2005
338,16,13,2005
497,16,25,2005
401,16,2,2005
38,16,45,2005
296,16,42,2005
228,16,3,2005
1510,16,44,2005
316,16,19,2005
49,16,40,2005
95,16,32,2005
28,16,14,2005
328,16,23,2005
2003,16,15,2005
479,16,22,2005
7,16,29,2005
430,16,4,2005
1278,16,12,2005
9,16,5,2005
180,16,43,2005
89,16,24,2005
380,21,17,2005
2280,21,34,2005
396,21,46,2005
2837,21,16,2005
175,21,49,2005
41,21,39,2005
53,21,35,2005
1585,21,10,2005
691,21,18,2005
480,21,9,2005
871,21,28,2005
241,21,47,2005
463,21,31,2005
802,21,26,2005
182,21,41,2005
155,21,6,2005
172,21,38,2005
243,21,37,2005
130,21,8,2005
453,21,7,2005
573,21,48,2005
215,21,1,2005
649,21,20,2005
439,21,30,2005
536,21,11,2005
406,21,27,2005
5,21,33,2005
230,21,36,2005
1443,21,13,2005
614,21,25,2005
456,21,2,2005
112,21,45,2005
686,21,42,2005
651,21,3,2005
971,21,44,2005
330,21,19,2005
62,21,40,2005
203,21,32,2005
298,21,14,2005
295,21,23,2005
3124,21,15,2005
967,21,22,2005
83,21,29,2005
712,21,4,2005
1280,21,12,2005
37,21,5,2005
554,21,43,2005
816,21,24,2005
89,49,17,2005
505,49,34,2005
18,49,46,2005
2025,49,16,2005
157,49,21,2005
3,49,39,2005
72,49,35,2005
3522,49,10,2005
1028,49,18,2005
70,49,9,2005
269,49,28,2005
142,49,47,2005
46,49,31,2005
205,49,26,2005
111,49,41,2005
64,49,6,2005
603,49,38,2005
389,49,37,2005
2311,49,8,2005
297,49,7,2005
252,49,48,2005
155,49,20,2005
136,49,30,2005
117,49,11,2005
176,49,27,2005
356,49,33,2005
1311,49,36,2005
129,49,13,2005
2581,49,25,2005
1199,49,2,2005
106,49,45,2005
420,49,42,2005
53,49,3,2005
104,49,44,2005
1068,49,19,2005
348,49,40,2005
415,49,32,2005
192,49,23,2005
617,49,15,2005
107,49,22,2005
540,49,29,2005
1000,49,4,2005
265,49,12,2005
145,49,43,2005
625,39,17,2005
266,39,34,2005
897,39,16,2005
136,39,21,2005
206,39,49,2005
396,39,35,2005
1601,39,10,2005
722,39,18,2005
396,39,28,2005
71,39,47,2005
90,39,26,2005
110,39,41,2005
4925,39,37,2005
141,39,8,2005
116,39,7,2005
238,39,1,2005
44,39,30,2005
60,39,11,2005
96,39,27,2005
1445,39,36,2005
416,39,25,2005
1136,39,42,2005
8015,39,19,2005
11,39,32,2005
484,39,23,2005
908,39,15,2005
487,39,4,2005
365,39,12,2005
292,39,5,2005
315,35,17,2005
1952,35,34,2005
5736,35,16,2005
917,35,21,2005
2481,35,49,2005
3172,35,10,2005
693,35,18,2005
47,35,9,2005
484,35,28,2005
641,35,47,2005
389,35,41,2005
289,35,6,2005
591,35,38,2005
35024,35,37,2005
1060,35,8,2005
631,35,7,2005
252,35,48,2005
234,35,1,2005
163,35,20,2005
1242,35,27,2005
1323,35,36,2005
3226,35,25,2005
935,35,2,2005
748,35,42,2005
216,35,3,2005
1758,35,44,2005
2561,35,19,2005
99,35,40,2005
376,35,32,2005
665,35,14,2005
223,35,23,2005
2506,35,15,2005
467,35,22,2005
218,35,29,2005
10263,35,4,2005
713,35,12,2005
191,35,43,2005
829,10,17,2005
381,10,34,2005
277,10,46,2005
1339,10,16,2005
449,10,21,2005
279,10,49,2005
105,10,39,2005
58,10,35,2005
2872,10,18,2005
73,10,9,2005
800,10,28,2005
481,10,47,2005
167,10,31,2005
152,10,26,2005
519,10,41,2005
278,10,6,2005
187,10,38,2005
456,10,37,2005
396,10,8,2005
676,10,7,2005
160,10,48,2005
206,10,1,2005
277,10,20,2005
71,10,30,2005
110,10,11,2005
204,10,27,2005
65,10,33,2005
765,10,36,2005
209,10,13,2005
1353,10,25,2005
1539,10,2,2005
46,10,45,2005
870,10,42,2005
336,10,3,2005
116,10,44,2005
778,10,19,2005
55,10,40,2005
711,10,32,2005
35,10,14,2005
1006,10,23,2005
1662,10,15,2005
183,10,22,2005
73,10,29,2005
982,10,4,2005
343,10,12,2005
195,10,5,2005
223,10,43,2005
29,10,24,2005
1830,18,17,2005
64,18,34,2005
111,18,46,2005
1007,18,16,2005
316,18,21,2005
77,18,49,2005
61,18,39,2005
32,18,35,2005
4381,18,10,2005
18,18,9,2005
422,18,28,2005
248,18,47,2005
179,18,31,2005
161,18,26,2005
406,18,41,2005
419,18,6,2005
133,18,38,2005
369,18,37,2005
150,18,8,2005
318,18,7,2005
114,18,48,2005
483,18,1,2005
200,18,20,2005
32,18,30,2005
26,18,11,2005
117,18,27,2005
103,18,33,2005
364,18,36,2005
75,18,13,2005
856,18,25,2005
1750,18,2,2005
574,18,42,2005
368,18,3,2005
103,18,44,2005
411,18,19,2005
23,18,40,2005
1647,18,32,2005
15,18,14,2005
1608,18,23,2005
1779,18,15,2005
90,18,22,2005
943,18,4,2005
314,18,12,2005
257,18,5,2005
100,18,43,2005
103,9,17,2005
1871,9,34,2005
108,9,46,2005
3261,9,16,2005
880,9,21,2005
141,9,39,2005
387,9,10,2005
444,9,18,2005
277,9,28,2005
27,9,47,2005
40,9,31,2005
25,9,26,2005
62,9,6,2005
22,9,38,2005
325,9,37,2005
22,9,8,2005
394,9,7,2005
292,9,48,2005
117,9,20,2005
655,9,30,2005
246,9,11,2005
940,9,27,2005
28,9,36,2005
119,9,13,2005
264,9,25,2005
31,9,2,2005
39,9,45,2005
31,9,42,2005
664,9,3,2005
4859,9,44,2005
80,9,19,2005
212,9,32,2005
103,9,14,2005
83,9,23,2005
910,9,15,2005
3237,9,22,2005
903,9,4,2005
6521,9,12,2005
41,9,5,2005
30,9,43,2005
734,9,24,2005
265,28,17,2005
897,28,34,2005
281,28,46,2005
1234,28,16,2005
302,28,21,2005
143,28,49,2005
53,28,39,2005
118,28,35,2005
1432,28,10,2005
435,28,18,2005
65,28,9,2005
2058,28,47,2005
1018,28,31,2005
115,28,26,2005
274,28,41,2005
73,28,6,2005
20,28,38,2005
302,28,37,2005
190,28,8,2005
703,28,7,2005
872,28,48,2005
223,28,1,2005
1276,28,20,2005
62,28,30,2005
75,28,11,2005
201,28,27,2005
35,28,33,2005
225,28,36,2005
48,28,13,2005
616,28,25,2005
362,28,2,2005
28,28,45,2005
654,28,42,2005
125,28,3,2005
140,28,44,2005
383,28,19,2005
15,28,40,2005
256,28,32,2005
35,28,14,2005
477,28,23,2005
1229,28,15,2005
140,28,22,2005
34,28,29,2005
490,28,4,2005
529,28,12,2005
54,28,5,2005
1927,28,43,2005
17,28,24,2005
262,47,17,2005
573,47,34,2005
218,47,46,2005
864,47,16,2005
385,47,21,2005
60,47,49,2005
3,47,39,2005
29,47,35,2005
2734,47,10,2005
1076,47,18,2005
10,47,9,2005
2778,47,28,2005
128,47,31,2005
117,47,26,2005
2035,47,41,2005
63,47,6,2005
27,47,38,2005
183,47,37,2005
179,47,8,2005
1393,47,7,2005
303,47,48,2005
204,47,1,2005
522,47,20,2005
181,47,11,2005
295,47,27,2005
35,47,33,2005
85,47,36,2005
112,47,13,2005
339,47,25,2005
612,47,2,2005
42,47,45,2005
1513,47,42,2005
122,47,3,2005
197,47,44,2005
318,47,19,2005
19,47,40,2005
292,47,32,2005
27,47,14,2005
913,47,23,2005
853,47,15,2005
112,47,22,2005
44,47,29,2005
291,47,4,2005
152,47,12,2005
40,47,5,2005
443,47,43,2005
14,47,24,2005
122,31,17,2005
508,31,34,2005
129,31,46,2005
1562,31,16,2005
527,31,21,2005
24,31,49,2005
1221,31,10,2005
223,31,18,2005
137,31,9,2005
3994,31,28,2005
408,31,47,2005
358,31,26,2005
229,31,41,2005
108,31,6,2005
21,31,38,2005
108,31,37,2005
428,31,7,2005
2351,31,48,2005
374,31,1,2005
1400,31,20,2005
187,31,30,2005
2040,31,11,2005
68,31,27,2005
23,31,36,2005
64,31,13,2005
758,31,25,2005
207,31,2,2005
118,31,45,2005
486,31,42,2005
373,31,3,2005
360,31,44,2005
104,31,19,2005
93,31,32,2005
1135,31,14,2005
386,31,23,2005
1484,31,15,2005
65,31,22,2005
451,31,4,2005
1094,31,12,2005
508,31,43,2005
177,31,24,2005
138,26,17,2005
670,26,34,2005
443,26,46,2005
1722,26,16,2005
1585,26,21,2005
229,26,49,2005
28,26,39,2005
438,26,10,2005
760,26,18,2005
18,26,9,2005
846,26,28,2005
320,26,47,2005
870,26,31,2005
47,26,41,2005
635,26,6,2005
139,26,37,2005
77,26,8,2005
313,26,7,2005
220,26,48,2005
88,26,1,2005
7186,26,20,2005
180,26,30,2005
830,26,11,2005
174,26,27,2005
126,26,33,2005
31,26,36,2005
376,26,13,2005
103,26,25,2005
395,26,2,2005
201,26,45,2005
397,26,42,2005
1846,26,3,2005
58,26,44,2005
424,26,19,2005
26,26,40,2005
64,26,32,2005
87,26,14,2005
210,26,23,2005
3976,26,15,2005
212,26,22,2005
561,26,4,2005
715,26,12,2005
37,26,5,2005
253,26,43,2005
104,26,24,2005
393,41,17,2005
218,41,34,2005
146,41,46,2005
650,41,16,2005
333,41,21,2005
74,41,49,2005
36,41,39,2005
7,41,35,2005
1826,41,10,2005
1368,41,18,2005
11,41,9,2005
623,41,28,2005
2934,41,47,2005
109,41,31,2005
166,41,26,2005
181,41,6,2005
68,41,38,2005
286,41,37,2005
104,41,8,2005
380,41,7,2005
45,41,48,2005
178,41,1,2005
288,41,20,2005
7,41,30,2005
228,41,11,2005
139,41,27,2005
58,41,33,2005
186,41,36,2005
6,41,13,2005
236,41,25,2005
719,41,2,2005
2736,41,42,2005
213,41,3,2005
168,41,44,2005
273,41,19,2005
455,41,32,2005
56,41,14,2005
2176,41,23,2005
1019,41,15,2005
64,41,22,2005
2,41,29,2005
841,41,4,2005
347,41,12,2005
229,41,5,2005
125,41,43,2005
8,41,24,2005
1075,6,17,2005
347,6,34,2005
1433,6,46,2005
1624,6,16,2005
369,6,21,2005
20,6,49,2005
5,6,39,2005
59,6,35,2005
2051,6,10,2005
2067,6,18,2005
14,6,9,2005
537,6,28,2005
162,6,47,2005
106,6,31,2005
298,6,26,2005
455,6,41,2005
20,6,38,2005
252,6,37,2005
163,6,8,2005
516,6,7,2005
225,6,48,2005
3026,6,1,2005
782,6,20,2005
52,6,30,2005
67,6,11,2005
157,6,27,2005
40,6,33,2005
337,6,36,2005
13,6,13,2005
514,6,25,2005
492,6,2,2005
105,6,45,2005
248,6,42,2005
496,6,3,2005
47,6,44,2005
418,6,19,2005
29,6,40,2005
710,6,32,2005
1791,6,23,2005
15832,6,15,2005
46,6,22,2005
25,6,29,2005
539,6,4,2005
394,6,12,2005
55,6,5,2005
257,6,43,2005
56,6,24,2005
18,38,17,2005
302,38,34,2005
12,38,46,2005
795,38,16,2005
493,38,21,2005
407,38,49,2005
131,38,35,2005
4170,38,10,2005
192,38,18,2005
183,38,28,2005
195,38,47,2005
64,38,31,2005
201,38,6,2005
1202,38,37,2005
5684,38,8,2005
67,38,7,2005
237,38,1,2005
208,38,20,2005
116,38,11,2005
116,38,27,2005
2811,38,33,2005
207,38,36,2005
88,38,13,2005
1154,38,25,2005
399,38,2,2005
177,38,42,2005
28,38,3,2005
481,38,44,2005
893,38,19,2005
647,38,40,2005
73,38,32,2005
228,38,23,2005
1348,38,15,2005
171,38,22,2005
188,38,29,2005
1805,38,4,2005
384,38,12,2005
13,38,5,2005
33,38,43,2005
285,37,17,2005
538,37,34,2005
7,37,46,2005
1146,37,16,2005
340,37,21,2005
385,37,49,2005
1332,37,39,2005
1742,37,35,2005
3426,37,10,2005
675,37,18,2005
257,37,9,2005
549,37,28,2005
190,37,47,2005
46,37,31,2005
60,37,26,2005
103,37,41,2005
179,37,6,2005
208,37,38,2005
580,37,8,2005
292,37,7,2005
83,37,48,2005
183,37,1,2005
164,37,20,2005
2,37,11,2005
170,37,27,2005
30,37,33,2005
964,37,36,2005
107,37,13,2005
904,37,25,2005
1693,37,2,2005
13,37,45,2005
755,37,42,2005
287,37,3,2005
224,37,44,2005
3241,37,19,2005
33,37,40,2005
1161,37,32,2005
71,37,14,2005
534,37,23,2005
1175,37,15,2005
20,37,22,2005
39,37,29,2005
4459,37,4,2005
246,37,12,2005
695,37,5,2005
81,37,43,2005
24,37,24,2005
54,8,17,2005
337,8,34,2005
216,8,46,2005
1680,8,16,2005
318,8,21,2005
1140,8,49,2005
48,8,39,2005
392,8,35,2005
3807,8,10,2005
786,8,18,2005
52,8,9,2005
615,8,28,2005
52,8,47,2005
18,8,31,2005
5,8,26,2005
44,8,41,2005
121,8,6,2005
1014,8,38,2005
564,8,37,2005
133,8,7,2005
83,8,48,2005
14,8,1,2005
62,8,20,2005
13,8,30,2005
84,8,11,2005
73,8,27,2005
2727,8,33,2005
636,8,36,2005
52,8,13,2005
2307,8,25,2005
1045,8,2,2005
6,8,45,2005
382,8,42,2005
72,8,3,2005
27,8,44,2005
756,8,19,2005
1112,8,40,2005
591,8,32,2005
20,8,14,2005
188,8,23,2005
655,8,15,2005
68,8,22,2005
352,8,29,2005
648,8,4,2005
648,8,12,2005
53,8,5,2005
106,8,43,2005
17,8,24,2005
291,7,17,2005
863,7,34,2005
98,7,46,2005
1019,7,16,2005
117,7,21,2005
134,7,49,2005
62,7,39,2005
12,7,35,2005
2530,7,10,2005
662,7,18,2005
71,7,9,2005
1096,7,28,2005
1106,7,47,2005
101,7,31,2005
135,7,26,2005
199,7,41,2005
142,7,6,2005
36,7,38,2005
243,7,37,2005
202,7,8,2005
408,7,48,2005
168,7,1,2005
303,7,20,2005
73,7,30,2005
90,7,11,2005
297,7,27,2005
5,7,33,2005
277,7,36,2005
99,7,13,2005
575,7,25,2005
266,7,2,2005
55,7,45,2005
1401,7,42,2005
269,7,3,2005
130,7,44,2005
324,7,19,2005
11,7,40,2005
192,7,32,2005
50,7,14,2005
567,7,23,2005
1739,7,15,2005
72,7,22,2005
22,7,29,2005
374,7,4,2005
220,7,12,2005
98,7,5,2005
567,7,43,2005
20,7,24,2005
10,48,17,2005
860,48,34,2005
93,48,46,2005
1224,48,16,2005
599,48,21,2005
9,48,49,2005
16,48,39,2005
68,48,35,2005
2113,48,10,2005
312,48,18,2005
68,48,9,2005
1274,48,28,2005
133,48,47,2005
957,48,31,2005
207,48,26,2005
185,48,41,2005
10,48,6,2005
4,48,38,2005
353,48,37,2005
152,48,8,2005
380,48,7,2005
141,48,1,2005
443,48,20,2005
134,48,30,2005
163,48,11,2005
349,48,27,2005
7,48,33,2005
439,48,36,2005
109,48,13,2005
452,48,25,2005
393,48,2,2005
1082,48,45,2005
167,48,42,2005
124,48,3,2005
132,48,44,2005
141,48,19,2005
38,48,32,2005
619,48,14,2005
91,48,23,2005
801,48,15,2005
166,48,22,2005
15,48,29,2005
451,48,4,2005
460,48,12,2005
2859,48,43,2005
41,48,24,2005
3397,1,17,2005
445,1,34,2005
1426,1,46,2005
895,1,16,2005
438,1,21,2005
18,1,49,2005
1856,1,10,2005
1881,1,18,2005
27,1,9,2005
1769,1,28,2005
463,1,47,2005
149,1,31,2005
186,1,26,2005
571,1,41,2005
2653,1,6,2005
20,1,38,2005
376,1,37,2005
32,1,8,2005
565,1,7,2005
232,1,48,2005
391,1,20,2005
54,1,27,2005
155,1,36,2005
74,1,13,2005
241,1,25,2005
655,1,2,2005
19,1,45,2005
185,1,42,2005
229,1,3,2005
122,1,44,2005
152,1,19,2005
218,1,32,2005
21,1,14,2005
4025,1,23,2005
2262,1,15,2005
166,1,22,2005
764,1,4,2005
316,1,12,2005
139,1,5,2005
182,1,43,2005
19,1,24,2005
294,20,17,2005
394,20,34,2005
1617,20,46,2005
1418,20,16,2005
568,20,21,2005
56,20,49,2005
17,20,39,2005
11,20,35,2005
1215,20,10,2005
378,20,18,2005
178,20,9,2005
2505,20,28,2005
714,20,47,2005
657,20,31,2005
3349,20,26,2005
382,20,41,2005
220,20,6,2005
24,20,38,2005
227,20,37,2005
76,20,8,2005
508,20,7,2005
365,20,48,2005
295,20,1,2005
41,20,30,2005
298,20,11,2005
59,20,27,2005
52,20,33,2005
119,20,36,2005
77,20,13,2005
359,20,25,2005
562,20,2,2005
45,20,45,2005
344,20,42,2005
810,20,3,2005
334,20,44,2005
354,20,19,2005
17,20,40,2005
365,20,32,2005
18,20,14,2005
415,20,23,2005
1766,20,15,2005
173,20,22,2005
528,20,4,2005
269,20,12,2005
9,20,5,2005
251,20,43,2005
73,20,24,2005
1704,30,34,2005
73,30,46,2005
2629,30,16,2005
2720,30,21,2005
144,30,49,2005
1243,30,10,2005
258,30,18,2005
2188,30,9,2005
324,30,28,2005
40,30,47,2005
283,30,31,2005
185,30,26,2005
230,30,41,2005
29,30,38,2005
468,30,8,2005
112,30,7,2005
593,30,48,2005
501,30,1,2005
392,30,20,2005
118,30,11,2005
1333,30,27,2005
1061,30,33,2005
38,30,36,2005
232,30,13,2005
396,30,25,2005
93,30,2,2005
508,30,45,2005
100,30,42,2005
426,30,3,2005
2851,30,44,2005
273,30,19,2005
625,30,14,2005
64,30,23,2005
1131,30,15,2005
1155,30,22,2005
122,30,29,2005
150,30,4,2005
4925,30,12,2005
189,30,5,2005
233,30,43,2005
1907,30,24,2005
223,11,17,2005
1484,11,34,2005
322,11,46,2005
1892,11,16,2005
2844,11,21,2005
59,11,49,2005
24,11,39,2005
101,11,35,2005
690,11,10,2005
649,11,18,2005
262,11,9,2005
871,11,28,2005
55,11,47,2005
4334,11,31,2005
652,11,26,2005
23,11,41,2005
33,11,6,2005
43,11,38,2005
387,11,37,2005
30,11,8,2005
193,11,7,2005
620,11,48,2005
37,11,1,2005
2100,11,20,2005
132,11,30,2005
156,11,27,2005
226,11,13,2005
173,11,25,2005
199,11,2,2005
48,11,45,2005
478,11,42,2005
558,11,3,2005
379,11,44,2005
519,11,19,2005
148,11,32,2005
1103,11,14,2005
34,11,23,2005
1103,11,15,2005
213,11,22,2005
400,11,4,2005
656,11,12,2005
407,11,43,2005
441,11,24,2005
262,27,17,2005
3730,27,34,2005
159,27,46,2005
10471,27,16,2005
1380,27,21,2005
143,27,49,2005
1050,27,10,2005
987,27,18,2005
1241,27,9,2005
1018,27,28,2005
324,27,47,2005
772,27,31,2005
350,27,26,2005
108,27,41,2005
302,27,6,2005
24,27,38,2005
365,27,37,2005
318,27,8,2005
802,27,7,2005
191,27,48,2005
76,27,1,2005
778,27,20,2005
268,27,30,2005
181,27,11,2005
196,27,36,2005
704,27,13,2005
597,27,25,2005
118,27,2,2005
47,27,45,2005
1084,27,42,2005
301,27,3,2005
918,27,44,2005
93,27,19,2005
256,27,40,2005
294,27,32,2005
62,27,14,2005
392,27,23,2005
1455,27,15,2005
2749,27,22,2005
424,27,4,2005
1375,27,12,2005
22,27,5,2005
774,27,43,2005
446,27,24,2005
350,33,17,2005
614,33,34,2005
842,33,16,2005
1145,33,21,2005
1256,33,49,2005
50,33,35,2005
5457,33,10,2005
383,33,18,2005
423,33,28,2005
36,33,47,2005
907,33,31,2005
160,33,26,2005
39,33,41,2005
3063,33,38,2005
359,33,37,2005
8417,33,8,2005
75,33,7,2005
14,33,48,2005
427,33,1,2005
299,33,20,2005
111,33,30,2005
167,33,27,2005
725,33,36,2005
898,33,25,2005
1060,33,2,2005
269,33,42,2005
44,33,3,2005
164,33,44,2005
495,33,19,2005
500,33,40,2005
413,33,32,2005
298,33,15,2005
519,33,22,2005
3847,33,29,2005
884,33,4,2005
442,33,12,2005
119,33,43,2005
108,36,17,2005
544,36,34,2005
54,36,46,2005
1342,36,16,2005
86,36,21,2005
396,36,49,2005
309,36,39,2005
108,36,35,2005
3911,36,10,2005
671,36,18,2005
37,36,9,2005
177,36,28,2005
164,36,47,2005
14,36,31,2005
47,36,26,2005
147,36,41,2005
55,36,6,2005
98,36,38,2005
696,36,37,2005
470,36,8,2005
84,36,7,2005
56,36,48,2005
31,36,1,2005
25,36,20,2005
31,36,11,2005
119,36,27,2005
147,36,33,2005
64,36,13,2005
2817,36,25,2005
1327,36,2,2005
218,36,42,2005
73,36,3,2005
35,36,44,2005
4190,36,19,2005
184,36,40,2005
541,36,32,2005
164,36,23,2005
737,36,15,2005
92,36,22,2005
46,36,29,2005
771,36,4,2005
290,36,12,2005
82,36,5,2005
49,36,43,2005
30,36,24,2005
261,13,17,2005
5599,13,34,2005
536,13,46,2005
2974,13,16,2005
3171,13,21,2005
102,13,35,2005
680,13,10,2005
227,13,18,2005
282,13,9,2005
40,13,28,2005
421,13,47,2005
10,13,31,2005
393,13,26,2005
267,13,41,2005
23,13,6,2005
85,13,38,2005
804,13,37,2005
241,13,8,2005
485,13,7,2005
32,13,1,2005
140,13,20,2005
263,13,30,2005
276,13,11,2005
718,13,27,2005
358,13,33,2005
250,13,36,2005
524,13,25,2005
347,13,2,2005
100,13,45,2005
153,13,42,2005
851,13,3,2005
91,13,44,2005
422,13,19,2005
468,13,32,2005
33,13,14,2005
144,13,23,2005
6371,13,15,2005
602,13,22,2005
24,13,29,2005
369,13,4,2005
726,13,12,2005
78,13,5,2005
57,13,43,2005
195,13,24,2005
166,25,17,2005
348,25,34,2005
49,25,46,2005
1344,25,16,2005
332,25,21,2005
1356,25,49,2005
234,25,39,2005
144,25,35,2005
5079,25,10,2005
1619,25,18,2005
17,25,9,2005
282,25,28,2005
81,25,47,2005
76,25,31,2005
44,25,26,2005
52,25,41,2005
81,25,6,2005
148,25,38,2005
584,25,37,2005
735,25,8,2005
210,25,7,2005
137,25,48,2005
114,25,1,2005
95,25,20,2005
18,25,30,2005
46,25,11,2005
212,25,27,2005
93,25,33,2005
3212,25,36,2005
109,25,13,2005
1501,25,2,2005
2,25,45,2005
377,25,42,2005
116,25,3,2005
92,25,44,2005
1918,25,19,2005
125,25,40,2005
472,25,32,2005
13,25,14,2005
244,25,23,2005
683,25,15,2005
56,25,22,2005
125,25,29,2005
827,25,4,2005
195,25,12,2005
32,25,5,2005
79,25,43,2005
3,25,24,2005
157,2,17,2005
306,2,34,2005
87,2,46,2005
1719,2,16,2005
481,2,21,2005
181,2,49,2005
39,2,39,2005
225,2,35,2005
3059,2,10,2005
1621,2,18,2005
20,2,9,2005
301,2,28,2005
165,2,47,2005
214,2,31,2005
212,2,26,2005
298,2,41,2005
329,2,6,2005
55,2,38,2005
502,2,37,2005
262,2,8,2005
403,2,7,2005
198,2,48,2005
163,2,1,2005
255,2,20,2005
14,2,30,2005
44,2,11,2005
163,2,27,2005
32,2,33,2005
269,2,36,2005
163,2,13,2005
1011,2,25,2005
5,2,45,2005
535,2,42,2005
104,2,3,2005
30,2,44,2005
1015,2,19,2005
18,2,40,2005
2490,2,32,2005
13,2,14,2005
840,2,23,2005
1430,2,15,2005
132,2,22,2005
32,2,29,2005
1742,2,4,2005
289,2,12,2005
279,2,5,2005
157,2,43,2005
5,2,24,2005
118,45,17,2005
1947,45,34,2005
201,45,46,2005
2147,45,16,2005
1591,45,21,2005
650,45,10,2005
675,45,18,2005
305,45,9,2005
786,45,28,2005
225,45,47,2005
1333,45,31,2005
444,45,26,2005
106,45,41,2005
127,45,37,2005
1053,45,8,2005
35,45,7,2005
10188,45,48,2005
125,45,1,2005
77,45,20,2005
927,45,30,2005
305,45,11,2005
219,45,27,2005
206,45,36,2005
363,45,13,2005
465,45,25,2005
117,45,2,2005
772,45,42,2005
520,45,3,2005
618,45,44,2005
598,45,19,2005
1689,45,14,2005
1034,45,15,2005
222,45,22,2005
77,45,4,2005
542,45,12,2005
48,45,5,2005
57,45,43,2005
139,45,24,2005
181,42,17,2005
488,42,34,2005
68,42,46,2005
690,42,16,2005
248,42,21,2005
126,42,49,2005
38,42,39,2005
18,42,35,2005
3393,42,10,2005
637,42,18,2005
29,42,9,2005
510,42,28,2005
865,42,47,2005
101,42,31,2005
144,42,26,2005
1311,42,41,2005
144,42,6,2005
99,42,38,2005
352,42,37,2005
167,42,8,2005
1092,42,7,2005
103,42,48,2005
63,42,1,2005
266,42,20,2005
7,42,30,2005
20,42,11,2005
371,42,27,2005
75,42,33,2005
132,42,36,2005
142,42,13,2005
727,42,25,2005
822,42,2,2005
15,42,45,2005
127,42,3,2005
135,42,44,2005
785,42,19,2005
15,42,40,2005
517,42,32,2005
14,42,14,2005
536,42,23,2005
954,42,15,2005
102,42,22,2005
9,42,29,2005
714,42,4,2005
271,42,12,2005
795,42,5,2005
139,42,43,2005
12,42,24,2005
624,3,17,2005
602,3,34,2005
2305,3,46,2005
838,3,16,2005
659,3,21,2005
43,3,39,2005
33,3,35,2005
958,3,10,2005
617,3,18,2005
54,3,9,2005
427,3,28,2005
106,3,47,2005
104,3,31,2005
1787,3,26,2005
103,3,41,2005
425,3,6,2005
87,3,37,2005
26,3,8,2005
256,3,7,2005
348,3,48,2005
282,3,1,2005
1805,3,20,2005
256,3,30,2005
267,3,11,2005
129,3,27,2005
37,3,33,2005
155,3,36,2005
479,3,13,2005
319,3,25,2005
309,3,2,2005
154,3,42,2005
389,3,44,2005
91,3,19,2005
342,3,32,2005
22,3,14,2005
797,3,23,2005
6013,3,15,2005
55,3,22,2005
49,3,29,2005
575,3,4,2005
499,3,12,2005
35,3,5,2005
226,3,43,2005
371,3,24,2005
21,44,17,2005
1451,44,34,2005
205,44,46,2005
4480,44,16,2005
645,44,21,2005
52,44,49,2005
51,44,39,2005
45,44,35,2005
259,44,10,2005
445,44,18,2005
1731,44,9,2005
105,44,28,2005
151,44,47,2005
163,44,31,2005
94,44,26,2005
26,44,41,2005
60,44,38,2005
108,44,37,2005
251,44,8,2005
714,44,7,2005
208,44,48,2005
56,44,1,2005
534,44,20,2005
723,44,30,2005
57,44,11,2005
988,44,27,2005
106,44,33,2005
136,44,36,2005
226,44,13,2005
382,44,25,2005
225,44,2,2005
108,44,45,2005
234,44,42,2005
179,44,3,2005
229,44,19,2005
89,44,32,2005
288,44,14,2005
333,44,23,2005
1540,44,15,2005
820,44,22,2005
6,44,29,2005
420,44,4,2005
6716,44,12,2005
44,44,5,2005
300,44,43,2005
297,44,24,2005
59,19,17,2005
471,19,34,2005
54,19,46,2005
758,19,16,2005
360,19,21,2005
257,19,49,2005
679,19,39,2005
70,19,35,2005
2227,19,10,2005
473,19,18,2005
51,19,9,2005
392,19,28,2005
300,19,47,2005
49,19,31,2005
58,19,26,2005
79,19,41,2005
39,19,6,2005
53,19,38,2005
811,19,37,2005
241,19,8,2005
220,19,7,2005
88,19,48,2005
33,19,1,2005
146,19,20,2005
70,19,30,2005
39,19,11,2005
206,19,27,2005
16,19,33,2005
1976,19,36,2005
58,19,13,2005
1397,19,25,2005
852,19,2,2005
13,19,45,2005
972,19,42,2005
87,19,3,2005
109,19,44,2005
17,19,40,2005
351,19,32,2005
17,19,14,2005
382,19,23,2005
905,19,15,2005
38,19,22,2005
76,19,29,2005
817,19,4,2005
163,19,12,2005
434,19,5,2005
145,19,43,2005
7,19,24,2005
563,40,34,2005
1626,40,16,2005
349,40,21,2005
3459,40,49,2005
462,40,39,2005
52,40,35,2005
6550,40,10,2005
636,40,18,2005
315,40,9,2005
1924,40,28,2005
116,40,47,2005
57,40,31,2005
17,40,26,2005
491,40,38,2005
260,40,37,2005
7257,40,8,2005
165,40,7,2005
80,40,48,2005
277,40,1,2005
261,40,20,2005
43,40,30,2005
477,40,33,2005
3086,40,36,2005
1907,40,25,2005
1229,40,2,2005
351,40,42,2005
81,40,3,2005
53,40,44,2005
419,40,19,2005
391,40,32,2005
277,40,23,2005
1821,40,15,2005
222,40,22,2005
85,40,29,2005
956,40,4,2005
65,40,12,2005
353,40,5,2005
110,40,43,2005
523,32,17,2005
317,32,34,2005
381,32,46,2005
498,32,16,2005
220,32,21,2005
102,32,49,2005
85,32,35,2005
2352,32,10,2005
2720,32,18,2005
49,32,9,2005
577,32,28,2005
279,32,47,2005
103,32,31,2005
293,32,26,2005
333,32,41,2005
215,32,6,2005
37,32,38,2005
415,32,37,2005
145,32,8,2005
381,32,7,2005
61,32,48,2005
180,32,1,2005
293,32,20,2005
105,32,30,2005
18,32,11,2005
139,32,27,2005
261,32,33,2005
531,32,36,2005
4,32,13,2005
924,32,25,2005
4499,32,2,2005
8,32,45,2005
926,32,42,2005
271,32,3,2005
308,32,44,2005
640,32,19,2005
130,32,40,2005
750,32,23,2005
947,32,15,2005
11,32,22,2005
57,32,29,2005
1395,32,4,2005
722,32,12,2005
240,32,5,2005
1030,14,34,2005
412,14,46,2005
1688,14,16,2005
2423,14,21,2005
573,14,10,2005
96,14,18,2005
287,14,28,2005
480,14,47,2005
4543,14,31,2005
240,14,26,2005
111,14,6,2005
83,14,38,2005
203,14,8,2005
213,14,7,2005
5023,14,48,2005
645,14,20,2005
566,14,30,2005
2302,14,11,2005
82,14,27,2005
68,14,36,2005
602,14,13,2005
231,14,2,2005
993,14,45,2005
82,14,42,2005
934,14,3,2005
635,14,44,2005
115,14,19,2005
180,14,32,2005
399,14,23,2005
976,14,15,2005
613,14,22,2005
237,14,4,2005
352,14,12,2005
960,14,43,2005
1470,14,24,2005
1421,23,17,2005
769,23,34,2005
800,23,46,2005
596,23,16,2005
375,23,21,2005
57,23,49,2005
80,23,39,2005
57,23,35,2005
1910,23,10,2005
2625,23,18,2005
65,23,9,2005
623,23,28,2005
531,23,47,2005
110,23,31,2005
274,23,26,2005
1487,23,41,2005
295,23,6,2005
53,23,38,2005
361,23,37,2005
24,23,8,2005
471,23,7,2005
273,23,48,2005
1618,23,1,2005
502,23,20,2005
22,23,30,2005
85,23,11,2005
63,23,27,2005
4,23,33,2005
99,23,36,2005
169,23,13,2005
286,23,25,2005
893,23,2,2005
20,23,45,2005
539,23,42,2005
500,23,3,2005
124,23,44,2005
284,23,19,2005
47,23,40,2005
601,23,32,2005
93,23,14,2005
1027,23,15,2005
54,23,22,2005
1176,23,4,2005
255,23,12,2005
165,23,5,2005
82,23,43,2005
5,23,24,2005
298,15,17,2005
691,15,34,2005
789,15,46,2005
1427,15,16,2005
590,15,21,2005
63,15,49,2005
7,15,39,2005
28,15,35,2005
1002,15,10,2005
578,15,18,2005
80,15,9,2005
450,15,28,2005
255,15,47,2005
184,15,31,2005
255,15,26,2005
248,15,41,2005
624,15,6,2005
51,15,38,2005
289,15,37,2005
131,15,8,2005
250,15,7,2005
137,15,48,2005
259,15,1,2005
373,15,20,2005
34,15,30,2005
111,15,11,2005
239,15,27,2005
61,15,33,2005
174,15,36,2005
627,15,13,2005
252,15,25,2005
500,15,2,2005
47,15,45,2005
300,15,42,2005
1030,15,3,2005
148,15,44,2005
211,15,19,2005
18,15,40,2005
196,15,32,2005
71,15,14,2005
466,15,23,2005
132,15,22,2005
20,15,29,2005
465,15,4,2005
378,15,12,2005
53,15,5,2005
134,15,43,2005
34,15,24,2005
72,22,17,2005
2553,22,34,2005
105,22,46,2005
4115,22,16,2005
1851,22,21,2005
15,22,49,2005
50,22,39,2005
286,22,35,2005
578,22,10,2005
483,22,18,2005
2597,22,9,2005
368,22,28,2005
142,22,47,2005
248,22,31,2005
13,22,26,2005
18,22,6,2005
65,22,38,2005
185,22,37,2005
230,22,8,2005
204,22,7,2005
104,22,48,2005
159,22,1,2005
217,22,20,2005
259,22,30,2005
441,22,11,2005
2421,22,27,2005
98,22,33,2005
193,22,36,2005
310,22,13,2005
839,22,25,2005
637,22,2,2005
34,22,45,2005
844,22,42,2005
352,22,3,2005
913,22,44,2005
544,22,19,2005
14,22,40,2005
195,22,32,2005
59,22,14,2005
376,22,23,2005
2303,22,15,2005
1346,22,4,2005
1877,22,12,2005
111,22,5,2005
95,22,43,2005
551,22,24,2005
260,29,17,2005
503,29,34,2005
1048,29,16,2005
202,29,21,2005
3221,29,49,2005
43,29,35,2005
2142,29,10,2005
808,29,18,2005
437,29,28,2005
180,29,47,2005
341,29,31,2005
247,29,6,2005
407,29,38,2005
292,29,37,2005
2792,29,8,2005
522,29,7,2005
464,29,20,2005
174,29,30,2005
135,29,27,2005
7304,29,33,2005
76,29,36,2005
279,29,13,2005
3382,29,25,2005
824,29,2,2005
289,29,42,2005
22,29,3,2005
1372,29,44,2005
856,29,19,2005
3876,29,32,2005
412,29,23,2005
770,29,15,2005
1182,29,22,2005
2065,29,4,2005
238,29,12,2005
270,29,43,2005
320,4,17,2005
522,4,34,2005
168,4,46,2005
1966,4,16,2005
406,4,21,2005
206,4,49,2005
131,4,39,2005
704,4,35,2005
3324,4,10,2005
1208,4,18,2005
40,4,9,2005
429,4,28,2005
492,4,47,2005
40,4,31,2005
111,4,26,2005
327,4,41,2005
217,4,6,2005
176,4,38,2005
3378,4,37,2005
281,4,8,2005
481,4,7,2005
116,4,48,2005
232,4,1,2005
155,4,20,2005
45,4,30,2005
86,4,11,2005
87,4,27,2005
190,4,33,2005
483,4,36,2005
83,4,13,2005
1143,4,25,2005
3441,4,2,2005
11,4,45,2005
634,4,42,2005
218,4,3,2005
282,4,44,2005
1399,4,19,2005
152,4,40,2005
812,4,32,2005
7,4,14,2005
959,4,23,2005
1493,4,15,2005
98,4,22,2005
50,4,29,2005
455,4,12,2005
689,4,5,2005
196,4,43,2005
55,4,24,2005
196,12,17,2005
1532,12,34,2005
157,12,46,2005
4408,12,16,2005
541,12,21,2005
94,12,49,2005
65,12,35,2005
791,12,10,2005
1055,12,18,2005
1586,12,9,2005
297,12,28,2005
154,12,47,2005
219,12,31,2005
111,12,26,2005
261,12,41,2005
174,12,6,2005
22,12,38,2005
307,12,37,2005
243,12,8,2005
321,12,7,2005
285,12,48,2005
28,12,1,2005
585,12,20,2005
749,12,30,2005
136,12,11,2005
542,12,27,2005
37,12,33,2005
131,12,36,2005
294,12,13,2005
573,12,25,2005
241,12,2,2005
126,12,45,2005
305,12,42,2005
230,12,3,2005
3458,12,44,2005
185,12,19,2005
45,12,40,2005
343,12,32,2005
136,12,14,2005
293,12,23,2005
1605,12,15,2005
559,12,22,2005
31,12,29,2005
675,12,4,2005
354,12,43,2005
115,12,24,2005
232,5,17,2005
284,5,34,2005
31,5,46,2005
177,5,16,2005
290,5,21,2005
75,5,49,2005
136,5,39,2005
209,5,35,2005
2033,5,10,2005
475,5,18,2005
757,5,28,2005
284,5,47,2005
105,5,31,2005
119,5,26,2005
2026,5,41,2005
76,5,6,2005
37,5,38,2005
1695,5,37,2005
525,5,7,2005
213,5,48,2005
67,5,1,2005
229,5,20,2005
12,5,30,2005
35,5,11,2005
80,5,36,2005
251,5,13,2005
69,5,25,2005
1156,5,2,2005
4471,5,42,2005
26,5,44,2005
2201,5,19,2005
47,5,40,2005
175,5,32,2005
108,5,14,2005
864,5,23,2005
368,5,15,2005
195,5,22,2005
52,5,29,2005
4097,5,4,2005
214,5,12,2005
130,5,43,2005
26,5,24,2005
53,43,17,2005
1370,43,34,2005
270,43,46,2005
695,43,16,2005
614,43,21,2005
8,43,49,2005
8,43,35,2005
1633,43,10,2005
632,43,18,2005
64,43,9,2005
1945,43,28,2005
588,43,47,2005
717,43,31,2005
80,43,26,2005
119,43,41,2005
47,43,6,2005
17,43,38,2005
265,43,37,2005
63,43,8,2005
773,43,7,2005
2711,43,48,2005
346,43,1,2005
339,43,20,2005
148,43,30,2005
116,43,11,2005
252,43,27,2005
18,43,33,2005
9,43,36,2005
50,43,13,2005
452,43,25,2005
319,43,2,2005
106,43,45,2005
395,43,42,2005
23,43,3,2005
158,43,44,2005
95,43,19,2005
87,43,32,2005
77,43,14,2005
471,43,23,2005
888,43,15,2005
134,43,22,2005
198,43,4,2005
382,43,12,2005
48,43,5,2005
6,43,24,2005
772,24,17,2005
2582,24,34,2005
72,24,46,2005
2524,24,16,2005
10079,24,21,2005
1546,24,10,2005
2085,24,9,2005
138,24,28,2005
246,24,47,2005
1557,24,31,2005
1787,24,26,2005
274,24,6,2005
357,24,37,2005
95,24,8,2005
377,24,7,2005
912,24,48,2005
184,24,20,2005
3050,24,30,2005
1117,24,11,2005
288,24,27,2005
311,24,33,2005
90,24,25,2005
2017,24,2,2005
550,24,42,2005
3744,24,3,2005
403,24,44,2005
386,24,19,2005
173,24,40,2005
508,24,32,2005
1707,24,14,2005
802,24,23,2005
2834,24,15,2005
1321,24,22,2005
33,24,29,2005
341,24,4,2005
783,24,12,2005
100,24,5,2005
949,24,43,2005
377,17,34,2006
559,17,46,2006
863,17,16,2006
268,17,21,2006
103,17,49,2006
2719,17,10,2006
3107,17,18,2006
35,17,9,2006
268,17,28,2006
324,17,47,2006
154,17,31,2006
196,17,26,2006
807,17,41,2006
539,17,6,2006
16,17,38,2006
310,17,37,2006
76,17,8,2006
455,17,7,2006
52,17,48,2006
1237,17,1,2006
440,17,20,2006
122,17,30,2006
25,17,11,2006
54,17,27,2006
15,17,33,2006
137,17,36,2006
252,17,13,2006
169,17,25,2006
521,17,2,2006
16,17,45,2006
383,17,42,2006
107,17,3,2006
8,17,44,2006
294,17,19,2006
20,17,40,2006
998,17,32,2006
1554,17,23,2006
1825,17,15,2006
151,17,22,2006
3,17,29,2006
706,17,4,2006
114,17,12,2006
207,17,5,2006
374,17,43,2006
29,17,24,2006
203,34,17,2006
657,34,46,2006
4981,34,16,2006
2140,34,21,2006
40,34,49,2006
8,34,39,2006
35,34,35,2006
941,34,10,2006
784,34,18,2006
496,34,9,2006
924,34,28,2006
379,34,47,2006
265,34,31,2006
264,34,26,2006
163,34,41,2006
36,34,6,2006
25,34,38,2006
234,34,37,2006
219,34,8,2006
406,34,7,2006
517,34,48,2006
102,34,1,2006
476,34,20,2006
291,34,30,2006
193,34,11,2006
1032,34,27,2006
121,34,33,2006
333,34,36,2006
1275,34,13,2006
586,34,25,2006
611,34,2,2006
130,34,45,2006
707,34,42,2006
709,34,3,2006
1260,34,44,2006
375,34,19,2006
131,34,40,2006
353,34,32,2006
144,34,14,2006
481,34,23,2006
2909,34,15,2006
1169,34,22,2006
71,34,29,2006
512,34,4,2006
1541,34,12,2006
2,34,5,2006
363,34,43,2006
142,34,24,2006
619,46,17,2006
398,46,34,2006
1269,46,16,2006
305,46,21,2006
69,46,39,2006
59,46,35,2006
1106,46,10,2006
975,46,18,2006
77,46,9,2006
790,46,28,2006
411,46,47,2006
231,46,31,2006
853,46,26,2006
368,46,41,2006
850,46,6,2006
13,46,38,2006
39,46,37,2006
151,46,8,2006
449,46,7,2006
56,46,48,2006
858,46,1,2006
2772,46,20,2006
124,46,11,2006
228,46,27,2006
56,46,33,2006
71,46,36,2006
134,46,13,2006
113,46,25,2006
564,46,2,2006
17,46,45,2006
431,46,42,2006
2715,46,3,2006
143,46,44,2006
394,46,19,2006
78,46,32,2006
65,46,14,2006
1231,46,23,2006
5039,46,15,2006
84,46,22,2006
22,46,29,2006
363,46,4,2006
323,46,12,2006
10,46,5,2006
782,46,43,2006
136,46,24,2006
160,16,17,2006
2290,16,34,2006
244,16,46,2006
932,16,21,2006
73,16,49,2006
8,16,39,2006
71,16,35,2006
741,16,10,2006
660,16,18,2006
362,16,9,2006
410,16,28,2006
197,16,47,2006
181,16,31,2006
218,16,26,2006
146,16,41,2006
141,16,6,2006
30,16,38,2006
273,16,37,2006
310,16,8,2006
257,16,7,2006
267,16,48,2006
73,16,1,2006
334,16,20,2006
92,16,30,2006
138,16,11,2006
1602,16,27,2006
51,16,33,2006
211,16,36,2006
219,16,13,2006
619,16,25,2006
471,16,2,2006
39,16,45,2006
297,16,42,2006
239,16,3,2006
1374,16,44,2006
289,16,19,2006
48,16,40,2006
109,16,32,2006
41,16,14,2006
287,16,23,2006
2185,16,15,2006
669,16,22,2006
14,16,29,2006
503,16,4,2006
1421,16,12,2006
27,16,5,2006
116,16,43,2006
32,16,24,2006
229,21,17,2006
1392,21,34,2006
349,21,46,2006
3147,21,16,2006
130,21,49,2006
31,21,39,2006
26,21,35,2006
1837,21,10,2006
683,21,18,2006
679,21,9,2006
1169,21,28,2006
253,21,47,2006
375,21,31,2006
1337,21,26,2006
379,21,41,2006
219,21,6,2006
79,21,38,2006
379,21,37,2006
537,21,8,2006
557,21,7,2006
534,21,48,2006
122,21,1,2006
778,21,20,2006
286,21,30,2006
1040,21,11,2006
1405,21,27,2006
50,21,33,2006
176,21,36,2006
947,21,13,2006
470,21,25,2006
609,21,2,2006
254,21,45,2006
409,21,42,2006
526,21,3,2006
876,21,44,2006
313,21,19,2006
22,21,40,2006
171,21,32,2006
435,21,14,2006
386,21,23,2006
3734,21,15,2006
683,21,22,2006
186,21,29,2006
622,21,4,2006
1126,21,12,2006
38,21,5,2006
430,21,43,2006
1283,21,24,2006
59,49,17,2006
388,49,34,2006
13,49,46,2006
1563,49,16,2006
188,49,21,2006
164,49,39,2006
288,49,35,2006
3908,49,10,2006
1559,49,18,2006
16,49,9,2006
774,49,28,2006
270,49,47,2006
69,49,31,2006
53,49,26,2006
74,49,41,2006
292,49,6,2006
888,49,38,2006
1029,49,37,2006
3683,49,8,2006
204,49,7,2006
312,49,48,2006
41,49,1,2006
77,49,20,2006
86,49,30,2006
264,49,27,2006
719,49,33,2006
802,49,36,2006
46,49,13,2006
4593,49,25,2006
1398,49,2,2006
15,49,45,2006
274,49,42,2006
77,49,3,2006
74,49,44,2006
1036,49,19,2006
831,49,40,2006
678,49,32,2006
6,49,14,2006
162,49,23,2006
805,49,15,2006
166,49,22,2006
477,49,29,2006
1311,49,4,2006
429,49,12,2006
90,49,5,2006
164,49,43,2006
9,49,24,2006
435,39,17,2006
654,39,34,2006
97,39,46,2006
1488,39,16,2006
383,39,21,2006
177,39,49,2006
2750,39,35,2006
1873,39,10,2006
2313,39,18,2006
511,39,28,2006
200,39,47,2006
170,39,31,2006
865,39,26,2006
42,39,41,2006
518,39,6,2006
5137,39,37,2006
115,39,8,2006
106,39,7,2006
41,39,48,2006
14,39,1,2006
444,39,30,2006
56,39,11,2006
203,39,27,2006
2590,39,36,2006
125,39,13,2006
1918,39,25,2006
492,39,2,2006
2381,39,42,2006
12,39,3,2006
6602,39,19,2006
90,39,40,2006
401,39,32,2006
66,39,23,2006
247,39,15,2006
1103,39,4,2006
124,39,12,2006
372,39,5,2006
404,35,17,2006
581,35,34,2006
535,35,46,2006
3377,35,16,2006
624,35,21,2006
469,35,49,2006
38,35,39,2006
2214,35,10,2006
3073,35,18,2006
373,35,9,2006
2637,35,28,2006
107,35,31,2006
158,35,26,2006
287,35,41,2006
877,35,6,2006
36822,35,37,2006
1701,35,8,2006
251,35,7,2006
143,35,48,2006
246,35,1,2006
803,35,20,2006
143,35,30,2006
294,35,11,2006
264,35,27,2006
156,35,33,2006
1885,35,36,2006
609,35,13,2006
6513,35,25,2006
5082,35,2,2006
1093,35,42,2006
1229,35,44,2006
3048,35,19,2006
135,35,40,2006
1521,35,32,2006
641,35,23,2006
1667,35,15,2006
657,35,29,2006
17874,35,4,2006
226,35,12,2006
540,35,5,2006
515,35,43,2006
161,35,24,2006
1021,10,17,2006
406,10,34,2006
194,10,46,2006
1443,10,16,2006
547,10,21,2006
371,10,49,2006
85,10,39,2006
47,10,35,2006
3989,10,18,2006
75,10,9,2006
916,10,28,2006
555,10,47,2006
131,10,31,2006
121,10,26,2006
579,10,41,2006
257,10,6,2006
245,10,38,2006
422,10,37,2006
513,10,8,2006
728,10,7,2006
211,10,48,2006
223,10,1,2006
446,10,20,2006
97,10,30,2006
115,10,11,2006
252,10,27,2006
227,10,33,2006
516,10,36,2006
197,10,13,2006
1634,10,25,2006
2178,10,2,2006
27,10,45,2006
1204,10,42,2006
194,10,3,2006
207,10,44,2006
999,10,19,2006
65,10,40,2006
920,10,32,2006
12,10,14,2006
1513,10,23,2006
2115,10,15,2006
149,10,22,2006
121,10,29,2006
978,10,4,2006
394,10,12,2006
182,10,5,2006
342,10,43,2006
36,10,24,2006
2177,18,17,2006
317,18,34,2006
163,18,46,2006
1378,18,16,2006
312,18,21,2006
133,18,49,2006
100,18,39,2006
94,18,35,2006
3570,18,10,2006
11,18,9,2006
396,18,28,2006
412,18,47,2006
51,18,31,2006
322,18,26,2006
540,18,41,2006
457,18,6,2006
390,18,37,2006
222,18,8,2006
382,18,7,2006
147,18,48,2006
317,18,1,2006
404,18,20,2006
30,18,30,2006
92,18,11,2006
180,18,27,2006
28,18,33,2006
370,18,36,2006
139,18,13,2006
746,18,25,2006
1668,18,2,2006
27,18,45,2006
697,18,42,2006
159,18,3,2006
214,18,44,2006
438,18,19,2006
37,18,40,2006
1853,18,32,2006
25,18,14,2006
1427,18,23,2006
1712,18,15,2006
78,18,22,2006
45,18,29,2006
773,18,4,2006
328,18,12,2006
129,18,5,2006
180,18,43,2006
1,18,24,2006
33,9,17,2006
2971,9,34,2006
249,9,46,2006
4129,9,16,2006
845,9,21,2006
82,9,35,2006
864,9,10,2006
290,9,18,2006
1317,9,28,2006
231,9,47,2006
208,9,31,2006
27,9,26,2006
168,9,41,2006
199,9,6,2006
141,9,37,2006
118,9,8,2006
323,9,7,2006
140,9,48,2006
354,9,20,2006
725,9,30,2006
644,9,11,2006
1648,9,27,2006
409,9,36,2006
176,9,13,2006
61,9,25,2006
1035,9,2,2006
221,9,45,2006
662,9,42,2006
116,9,3,2006
2671,9,44,2006
110,9,19,2006
295,9,32,2006
38,9,14,2006
428,9,23,2006
1308,9,15,2006
5753,9,22,2006
11,9,29,2006
516,9,4,2006
7195,9,12,2006
19,9,5,2006
40,9,43,2006
140,9,24,2006
363,28,17,2006
727,28,34,2006
219,28,46,2006
1958,28,16,2006
523,28,21,2006
125,28,49,2006
44,28,39,2006
139,28,35,2006
2039,28,10,2006
1065,28,18,2006
47,28,9,2006
2649,28,47,2006
954,28,31,2006
184,28,26,2006
447,28,41,2006
114,28,6,2006
3,28,38,2006
206,28,37,2006
328,28,8,2006
983,28,7,2006
775,28,48,2006
241,28,1,2006
1483,28,20,2006
57,28,30,2006
96,28,11,2006
285,28,27,2006
24,28,33,2006
205,28,36,2006
179,28,13,2006
553,28,25,2006
505,28,2,2006
18,28,45,2006
683,28,42,2006
177,28,3,2006
108,28,44,2006
261,28,19,2006
21,28,40,2006
319,28,32,2006
50,28,14,2006
415,28,23,2006
1879,28,15,2006
126,28,22,2006
2,28,29,2006
1011,28,4,2006
609,28,12,2006
50,28,5,2006
1623,28,43,2006
30,28,24,2006
489,47,17,2006
544,47,34,2006
133,47,46,2006
1074,47,16,2006
220,47,21,2006
36,47,49,2006
60,47,39,2006
96,47,35,2006
2072,47,10,2006
1070,47,18,2006
13,47,9,2006
3196,47,28,2006
440,47,31,2006
153,47,26,2006
1889,47,41,2006
136,47,6,2006
54,47,38,2006
185,47,37,2006
258,47,8,2006
1212,47,7,2006
401,47,48,2006
281,47,1,2006
261,47,20,2006
41,47,30,2006
112,47,11,2006
321,47,27,2006
22,47,33,2006
121,47,36,2006
55,47,13,2006
249,47,25,2006
672,47,2,2006
1574,47,42,2006
143,47,3,2006
83,47,44,2006
554,47,19,2006
53,47,40,2006
456,47,32,2006
75,47,14,2006
931,47,23,2006
1934,47,15,2006
179,47,22,2006
551,47,4,2006
338,47,12,2006
15,47,5,2006
309,47,43,2006
53,47,24,2006
292,31,17,2006
1650,31,34,2006
291,31,46,2006
780,31,16,2006
802,31,21,2006
37,31,49,2006
44,31,39,2006
38,31,35,2006
923,31,10,2006
841,31,18,2006
791,31,9,2006
2472,31,28,2006
550,31,47,2006
824,31,26,2006
454,31,41,2006
458,31,6,2006
92,31,37,2006
164,31,8,2006
503,31,7,2006
1742,31,48,2006
100,31,1,2006
2235,31,20,2006
103,31,30,2006
2112,31,11,2006
391,31,27,2006
287,31,36,2006
11,31,13,2006
129,31,25,2006
249,31,2,2006
78,31,45,2006
330,31,42,2006
719,31,3,2006
88,31,44,2006
253,31,19,2006
24,31,40,2006
197,31,32,2006
904,31,14,2006
378,31,23,2006
1191,31,15,2006
36,31,22,2006
122,31,4,2006
232,31,12,2006
910,31,43,2006
22,31,24,2006
133,26,17,2006
599,26,34,2006
710,26,46,2006
1755,26,16,2006
1632,26,21,2006
105,26,49,2006
125,26,35,2006
795,26,10,2006
651,26,18,2006
203,26,9,2006
1128,26,28,2006
308,26,47,2006
1075,26,31,2006
202,26,41,2006
60,26,6,2006
19,26,38,2006
66,26,37,2006
43,26,8,2006
746,26,7,2006
428,26,48,2006
122,26,1,2006
6513,26,20,2006
1473,26,11,2006
265,26,27,2006
24,26,33,2006
97,26,36,2006
374,26,13,2006
415,26,25,2006
232,26,2,2006
4,26,45,2006
202,26,42,2006
3124,26,3,2006
157,26,44,2006
171,26,19,2006
78,26,40,2006
173,26,32,2006
40,26,14,2006
490,26,23,2006
3863,26,15,2006
37,26,22,2006
533,26,4,2006
830,26,12,2006
15,26,5,2006
178,26,43,2006
42,26,24,2006
751,41,17,2006
631,41,34,2006
403,41,46,2006
393,41,16,2006
48,41,21,2006
45,41,49,2006
22,41,39,2006
123,41,35,2006
2069,41,10,2006
1036,41,18,2006
87,41,9,2006
986,41,28,2006
2661,41,47,2006
34,41,31,2006
296,41,26,2006
280,41,6,2006
11,41,38,2006
268,41,37,2006
96,41,8,2006
688,41,7,2006
73,41,48,2006
29,41,1,2006
341,41,20,2006
27,41,30,2006
109,41,11,2006
120,41,27,2006
112,41,36,2006
175,41,13,2006
182,41,25,2006
334,41,2,2006
40,41,45,2006
3255,41,42,2006
212,41,3,2006
115,41,44,2006
284,41,19,2006
419,41,32,2006
63,41,14,2006
2741,41,23,2006
1255,41,15,2006
254,41,22,2006
12,41,29,2006
836,41,4,2006
134,41,12,2006
410,41,5,2006
150,41,43,2006
2207,6,17,2006
574,6,34,2006
1807,6,46,2006
2323,6,16,2006
494,6,21,2006
59,6,49,2006
29,6,39,2006
60,6,35,2006
3519,6,10,2006
4284,6,18,2006
20,6,9,2006
650,6,28,2006
551,6,47,2006
285,6,31,2006
313,6,26,2006
216,6,41,2006
69,6,38,2006
874,6,37,2006
344,6,8,2006
392,6,7,2006
459,6,48,2006
4221,6,1,2006
1009,6,20,2006
44,6,30,2006
120,6,11,2006
358,6,27,2006
151,6,33,2006
229,6,36,2006
191,6,13,2006
562,6,25,2006
1238,6,2,2006
21,6,45,2006
837,6,42,2006
686,6,3,2006
373,6,44,2006
266,6,19,2006
71,6,40,2006
531,6,32,2006
98,6,14,2006
1559,6,23,2006
26086,6,15,2006
269,6,22,2006
1361,6,4,2006
612,6,12,2006
94,6,5,2006
286,6,43,2006
95,6,24,2006
228,38,17,2006
1077,38,34,2006
1723,38,16,2006
540,38,21,2006
775,38,49,2006
213,38,39,2006
85,38,35,2006
4257,38,10,2006
955,38,18,2006
62,38,9,2006
231,38,28,2006
134,38,31,2006
143,38,26,2006
385,38,41,2006
48,38,6,2006
359,38,37,2006
3342,38,8,2006
384,38,7,2006
45,38,48,2006
51,38,1,2006
56,38,20,2006
16,38,11,2006
52,38,27,2006
1609,38,33,2006
249,38,36,2006
135,38,13,2006
2280,38,25,2006
885,38,2,2006
148,38,42,2006
98,38,44,2006
1064,38,19,2006
131,38,40,2006
607,38,32,2006
549,38,23,2006
267,38,15,2006
308,38,22,2006
1187,38,29,2006
1446,38,4,2006
343,38,12,2006
228,38,43,2006
37,38,24,2006
127,37,17,2006
477,37,34,2006
58,37,46,2006
1751,37,16,2006
393,37,21,2006
235,37,49,2006
1220,37,39,2006
1872,37,35,2006
2477,37,10,2006
1162,37,18,2006
30,37,9,2006
507,37,28,2006
244,37,47,2006
116,37,31,2006
79,37,26,2006
550,37,41,2006
391,37,6,2006
67,37,38,2006
444,37,8,2006
104,37,7,2006
133,37,48,2006
132,37,1,2006
175,37,20,2006
30,37,30,2006
60,37,11,2006
224,37,27,2006
33,37,33,2006
696,37,36,2006
73,37,13,2006
1602,37,25,2006
2889,37,2,2006
11,37,45,2006
866,37,42,2006
392,37,3,2006
149,37,44,2006
3967,37,19,2006
173,37,40,2006
980,37,32,2006
354,37,23,2006
1367,37,15,2006
71,37,22,2006
239,37,29,2006
3870,37,4,2006
336,37,12,2006
888,37,5,2006
52,37,43,2006
65,37,24,2006
60,8,17,2006
277,8,34,2006
135,8,46,2006
2108,8,16,2006
601,8,21,2006
1820,8,49,2006
45,8,39,2006
114,8,35,2006
4140,8,10,2006
771,8,18,2006
352,8,28,2006
145,8,47,2006
19,8,31,2006
61,8,26,2006
117,8,41,2006
36,8,6,2006
1082,8,38,2006
489,8,37,2006
341,8,7,2006
216,8,48,2006
1,8,1,2006
158,8,20,2006
30,8,30,2006
1,8,11,2006
170,8,27,2006
2377,8,33,2006
1073,8,36,2006
134,8,13,2006
2710,8,25,2006
706,8,2,2006
10,8,45,2006
739,8,42,2006
72,8,3,2006
108,8,44,2006
1038,8,19,2006
1369,8,40,2006
242,8,32,2006
245,8,23,2006
893,8,15,2006
116,8,22,2006
418,8,29,2006
730,8,4,2006
325,8,12,2006
22,8,5,2006
140,8,43,2006
417,7,17,2006
1055,7,34,2006
198,7,46,2006
1082,7,16,2006
357,7,21,2006
94,7,49,2006
21,7,39,2006
72,7,35,2006
3136,7,10,2006
523,7,18,2006
49,7,9,2006
1492,7,28,2006
1478,7,47,2006
262,7,31,2006
75,7,26,2006
441,7,41,2006
210,7,6,2006
100,7,38,2006
319,7,37,2006
209,7,8,2006
206,7,48,2006
216,7,1,2006
369,7,20,2006
35,7,30,2006
60,7,11,2006
418,7,27,2006
13,7,33,2006
64,7,36,2006
73,7,13,2006
324,7,25,2006
660,7,2,2006
81,7,45,2006
1586,7,42,2006
127,7,3,2006
198,7,44,2006
429,7,19,2006
15,7,40,2006
348,7,32,2006
71,7,14,2006
412,7,23,2006
1006,7,15,2006
166,7,22,2006
22,7,29,2006
590,7,4,2006
402,7,12,2006
65,7,5,2006
529,7,43,2006
101,7,24,2006
62,48,17,2006
1165,48,34,2006
346,48,46,2006
1063,48,16,2006
712,48,21,2006
66,48,49,2006
12,48,35,2006
743,48,10,2006
554,48,18,2006
164,48,9,2006
976,48,28,2006
187,48,47,2006
1387,48,31,2006
213,48,26,2006
114,48,41,2006
89,48,6,2006
31,48,38,2006
108,48,37,2006
290,48,8,2006
389,48,7,2006
19,48,1,2006
490,48,20,2006
214,48,30,2006
591,48,11,2006
134,48,27,2006
36,48,33,2006
137,48,36,2006
188,48,13,2006
365,48,25,2006
276,48,2,2006
1726,48,45,2006
280,48,42,2006
242,48,3,2006
476,48,44,2006
183,48,19,2006
13,48,40,2006
294,48,32,2006
540,48,14,2006
98,48,23,2006
2141,48,15,2006
193,48,22,2006
12,48,29,2006
283,48,4,2006
885,48,12,2006
24,48,5,2006
3566,48,43,2006
57,48,24,2006
3812,1,17,2006
359,1,34,2006
931,1,46,2006
1568,1,16,2006
460,1,21,2006
126,1,39,2006
148,1,35,2006
4474,1,10,2006
1796,1,18,2006
162,1,9,2006
804,1,28,2006
459,1,47,2006
280,1,31,2006
227,1,26,2006
219,1,41,2006
3739,1,6,2006
51,1,38,2006
477,1,37,2006
17,1,8,2006
578,1,7,2006
75,1,48,2006
1079,1,20,2006
193,1,11,2006
265,1,27,2006
143,1,33,2006
117,1,36,2006
148,1,13,2006
317,1,25,2006
896,1,2,2006
185,1,45,2006
236,1,42,2006
513,1,3,2006
19,1,44,2006
402,1,19,2006
14,1,40,2006
560,1,32,2006
3852,1,23,2006
4272,1,15,2006
62,1,22,2006
75,1,29,2006
716,1,4,2006
241,1,12,2006
226,1,5,2006
97,1,43,2006
58,1,24,2006
378,20,17,2006
264,20,34,2006
1800,20,46,2006
975,20,16,2006
476,20,21,2006
80,20,49,2006
39,20,39,2006
46,20,35,2006
1348,20,10,2006
872,20,18,2006
134,20,9,2006
2966,20,28,2006
651,20,47,2006
1069,20,31,2006
4581,20,26,2006
605,20,41,2006
381,20,6,2006
284,20,37,2006
217,20,8,2006
350,20,7,2006
554,20,48,2006
360,20,1,2006
84,20,30,2006
276,20,11,2006
275,20,27,2006
96,20,33,2006
95,20,36,2006
39,20,13,2006
306,20,25,2006
500,20,2,2006
51,20,45,2006
372,20,42,2006
1017,20,3,2006
195,20,44,2006
226,20,19,2006
290,20,32,2006
49,20,14,2006
846,20,23,2006
1918,20,15,2006
192,20,22,2006
2,20,29,2006
485,20,4,2006
495,20,12,2006
48,20,5,2006
333,20,43,2006
58,20,24,2006
2633,30,34,2006
131,30,46,2006
1891,30,16,2006
1531,30,21,2006
49,30,49,2006
27,30,35,2006
719,30,10,2006
1169,30,18,2006
3417,30,9,2006
267,30,28,2006
420,30,47,2006
95,30,31,2006
575,30,26,2006
93,30,41,2006
270,30,6,2006
180,30,37,2006
165,30,8,2006
288,30,7,2006
1219,30,48,2006
364,30,20,2006
392,30,11,2006
330,30,27,2006
224,30,33,2006
81,30,13,2006
347,30,25,2006
49,30,2,2006
1751,30,45,2006
172,30,42,2006
663,30,3,2006
1792,30,44,2006
262,30,19,2006
122,30,32,2006
753,30,14,2006
382,30,23,2006
1578,30,15,2006
1253,30,22,2006
88,30,29,2006
451,30,4,2006
3546,30,12,2006
211,30,43,2006
975,30,24,2006
36,11,17,2006
1088,11,34,2006
302,11,46,2006
1368,11,16,2006
3127,11,21,2006
266,11,49,2006
15,11,39,2006
759,11,10,2006
845,11,18,2006
88,11,9,2006
887,11,28,2006
538,11,47,2006
4726,11,31,2006
1931,11,26,2006
175,11,41,2006
153,11,6,2006
62,11,37,2006
184,11,8,2006
605,11,7,2006
772,11,48,2006
1751,11,20,2006
161,11,30,2006
258,11,27,2006
224,11,36,2006
589,11,13,2006
249,11,25,2006
308,11,2,2006
222,11,45,2006
408,11,42,2006
1181,11,3,2006
656,11,44,2006
244,11,19,2006
190,11,32,2006
2253,11,14,2006
387,11,23,2006
1944,11,15,2006
220,11,22,2006
807,11,4,2006
314,11,12,2006
155,11,43,2006
318,11,24,2006
66,27,17,2006
3883,27,34,2006
199,27,46,2006
10677,27,16,2006
1041,27,21,2006
20,27,49,2006
19,27,39,2006
18,27,35,2006
1540,27,10,2006
784,27,18,2006
1131,27,9,2006
767,27,28,2006
264,27,47,2006
374,27,31,2006
321,27,26,2006
347,27,41,2006
271,27,6,2006
593,27,37,2006
300,27,8,2006
1048,27,7,2006
788,27,48,2006
210,27,1,2006
654,27,20,2006
208,27,30,2006
98,27,11,2006
23,27,33,2006
326,27,36,2006
824,27,13,2006
843,27,25,2006
673,27,2,2006
54,27,45,2006
625,27,42,2006
518,27,3,2006
1598,27,44,2006
210,27,19,2006
30,27,40,2006
533,27,32,2006
54,27,14,2006
494,27,23,2006
2118,27,15,2006
2182,27,22,2006
183,27,4,2006
1974,27,12,2006
84,27,5,2006
232,27,43,2006
299,27,24,2006
76,33,17,2006
1166,33,34,2006
38,33,46,2006
1004,33,16,2006
307,33,21,2006
717,33,49,2006
66,33,39,2006
201,33,35,2006
2493,33,10,2006
641,33,18,2006
357,33,9,2006
225,33,28,2006
110,33,47,2006
35,33,31,2006
44,33,26,2006
43,33,41,2006
47,33,6,2006
3243,33,38,2006
1059,33,37,2006
6993,33,8,2006
172,33,7,2006
50,33,48,2006
224,33,20,2006
62,33,27,2006
598,33,36,2006
113,33,13,2006
2463,33,25,2006
896,33,2,2006
372,33,42,2006
96,33,3,2006
348,33,44,2006
647,33,19,2006
1405,33,40,2006
885,33,32,2006
221,33,23,2006
993,33,15,2006
1701,33,29,2006
921,33,4,2006
204,33,12,2006
116,33,5,2006
92,33,43,2006
117,36,17,2006
394,36,34,2006
186,36,46,2006
1004,36,16,2006
187,36,21,2006
575,36,49,2006
596,36,39,2006
89,36,35,2006
4097,36,10,2006
1100,36,18,2006
347,36,28,2006
104,36,47,2006
12,36,31,2006
133,36,26,2006
52,36,41,2006
23,36,6,2006
121,36,38,2006
1015,36,37,2006
891,36,8,2006
227,36,7,2006
64,36,48,2006
75,36,1,2006
186,36,20,2006
56,36,30,2006
5,36,11,2006
270,36,27,2006
63,36,33,2006
94,36,13,2006
4216,36,25,2006
1677,36,2,2006
504,36,42,2006
58,36,3,2006
22,36,44,2006
4854,36,19,2006
237,36,40,2006
779,36,32,2006
22,36,14,2006
159,36,23,2006
1374,36,15,2006
45,36,22,2006
82,36,29,2006
920,36,4,2006
181,36,12,2006
115,36,5,2006
114,36,43,2006
10,36,24,2006
150,13,17,2006
4157,13,34,2006
751,13,46,2006
2339,13,16,2006
2868,13,21,2006
71,13,49,2006
87,13,35,2006
1032,13,10,2006
163,13,18,2006
98,13,9,2006
418,13,28,2006
203,13,47,2006
272,13,31,2006
939,13,26,2006
62,13,41,2006
272,13,6,2006
61,13,38,2006
177,13,37,2006
278,13,8,2006
187,13,7,2006
323,13,48,2006
91,13,1,2006
646,13,20,2006
288,13,30,2006
155,13,11,2006
1388,13,27,2006
19,13,33,2006
200,13,36,2006
545,13,25,2006
838,13,2,2006
107,13,45,2006
77,13,42,2006
1239,13,3,2006
790,13,44,2006
404,13,19,2006
104,13,32,2006
185,13,14,2006
203,13,23,2006
7260,13,15,2006
331,13,22,2006
32,13,29,2006
441,13,4,2006
429,13,12,2006
83,13,43,2006
351,13,24,2006
192,25,17,2006
367,25,34,2006
79,25,46,2006
1634,25,16,2006
202,25,21,2006
1280,25,49,2006
78,25,39,2006
249,25,35,2006
4514,25,10,2006
1379,25,18,2006
14,25,9,2006
387,25,28,2006
163,25,47,2006
35,25,31,2006
159,25,26,2006
132,25,41,2006
99,25,6,2006
145,25,38,2006
815,25,37,2006
1008,25,8,2006
244,25,7,2006
128,25,48,2006
109,25,1,2006
173,25,20,2006
42,25,30,2006
39,25,11,2006
183,25,27,2006
155,25,33,2006
2823,25,36,2006
70,25,13,2006
2097,25,2,2006
21,25,45,2006
439,25,42,2006
111,25,3,2006
131,25,44,2006
2231,25,19,2006
270,25,40,2006
487,25,32,2006
12,25,14,2006
145,25,23,2006
1053,25,15,2006
88,25,22,2006
257,25,29,2006
1092,25,4,2006
311,25,12,2006
72,25,5,2006
124,25,43,2006
410,2,17,2006
364,2,34,2006
156,2,46,2006
1138,2,16,2006
433,2,21,2006
265,2,49,2006
64,2,39,2006
180,2,35,2006
2492,2,10,2006
1799,2,18,2006
28,2,9,2006
421,2,28,2006
445,2,47,2006
87,2,31,2006
201,2,26,2006
400,2,41,2006
165,2,6,2006
69,2,38,2006
759,2,37,2006
301,2,8,2006
367,2,7,2006
130,2,48,2006
279,2,1,2006
304,2,20,2006
26,2,30,2006
43,2,11,2006
147,2,27,2006
52,2,33,2006
257,2,36,2006
57,2,13,2006
681,2,25,2006
3,2,45,2006
1025,2,42,2006
65,2,3,2006
127,2,44,2006
568,2,19,2006
36,2,40,2006
2360,2,32,2006
1,2,14,2006
1021,2,23,2006
1287,2,15,2006
73,2,22,2006
19,2,29,2006
2842,2,4,2006
360,2,12,2006
332,2,5,2006
222,2,43,2006
483,45,17,2006
1320,45,34,2006
204,45,46,2006
2866,45,16,2006
874,45,21,2006
595,45,10,2006
437,45,18,2006
366,45,9,2006
480,45,28,2006
206,45,47,2006
578,45,31,2006
57,45,26,2006
44,45,38,2006
71,45,37,2006
194,45,8,2006
386,45,7,2006
11215,45,48,2006
340,45,20,2006
2036,45,30,2006
1105,45,11,2006
265,45,27,2006
146,45,36,2006
2283,45,13,2006
1277,45,2,2006
1047,45,42,2006
495,45,3,2006
97,45,19,2006
109,45,32,2006
3047,45,14,2006
816,45,15,2006
308,45,22,2006
400,45,4,2006
1953,45,12,2006
1090,45,43,2006
77,45,24,2006
393,42,17,2006
681,42,34,2006
147,42,46,2006
1140,42,16,2006
426,42,21,2006
168,42,49,2006
25,42,39,2006
101,42,35,2006
1829,42,10,2006
715,42,18,2006
117,42,9,2006
659,42,28,2006
1114,42,47,2006
161,42,31,2006
185,42,26,2006
1313,42,41,2006
131,42,6,2006
149,42,38,2006
367,42,37,2006
207,42,8,2006
1082,42,7,2006
212,42,48,2006
64,42,1,2006
331,42,20,2006
76,42,30,2006
50,42,11,2006
283,42,27,2006
13,42,33,2006
74,42,36,2006
33,42,13,2006
574,42,25,2006
1029,42,2,2006
23,42,45,2006
130,42,3,2006
222,42,44,2006
1222,42,19,2006
32,42,40,2006
298,42,32,2006
42,42,14,2006
674,42,23,2006
1236,42,15,2006
98,42,22,2006
24,42,29,2006
561,42,4,2006
335,42,12,2006
860,42,5,2006
171,42,43,2006
45,42,24,2006
467,3,17,2006
732,3,34,2006
2249,3,46,2006
2134,3,16,2006
986,3,21,2006
26,3,49,2006
40,3,35,2006
474,3,10,2006
887,3,18,2006
89,3,9,2006
293,3,28,2006
199,3,47,2006
276,3,31,2006
1763,3,26,2006
309,3,41,2006
386,3,6,2006
3,3,38,2006
81,3,37,2006
176,3,8,2006
290,3,7,2006
139,3,48,2006
347,3,1,2006
1590,3,20,2006
5,3,30,2006
224,3,11,2006
121,3,27,2006
203,3,36,2006
417,3,13,2006
318,3,25,2006
506,3,2,2006
186,3,45,2006
313,3,42,2006
365,3,44,2006
250,3,19,2006
409,3,32,2006
113,3,14,2006
249,3,23,2006
7277,3,15,2006
158,3,22,2006
32,3,29,2006
574,3,4,2006
568,3,12,2006
139,3,5,2006
90,3,43,2006
74,3,24,2006
29,44,17,2006
1882,44,34,2006
126,44,46,2006
6612,44,16,2006
1077,44,21,2006
114,44,49,2006
14,44,39,2006
40,44,35,2006
605,44,10,2006
312,44,18,2006
1859,44,9,2006
445,44,28,2006
174,44,47,2006
405,44,31,2006
132,44,26,2006
31,44,41,2006
159,44,6,2006
44,44,38,2006
216,44,37,2006
192,44,8,2006
262,44,7,2006
140,44,48,2006
99,44,1,2006
336,44,20,2006
319,44,30,2006
237,44,11,2006
389,44,27,2006
28,44,36,2006
315,44,13,2006
398,44,25,2006
556,44,2,2006
72,44,45,2006
165,44,42,2006
186,44,3,2006
117,44,19,2006
17,44,40,2006
52,44,32,2006
250,44,14,2006
257,44,23,2006
918,44,15,2006
1112,44,22,2006
63,44,29,2006
383,44,4,2006
7532,44,12,2006
193,44,5,2006
232,44,43,2006
174,44,24,2006
100,19,17,2006
442,19,34,2006
49,19,46,2006
924,19,16,2006
274,19,21,2006
190,19,49,2006
596,19,39,2006
229,19,35,2006
1652,19,10,2006
683,19,18,2006
46,19,9,2006
343,19,28,2006
217,19,47,2006
44,19,31,2006
48,19,26,2006
116,19,41,2006
86,19,6,2006
93,19,38,2006
1138,19,37,2006
433,19,8,2006
298,19,7,2006
114,19,48,2006
58,19,1,2006
116,19,20,2006
38,19,30,2006
7,19,11,2006
91,19,27,2006
68,19,33,2006
1885,19,36,2006
99,19,13,2006
1733,19,25,2006
1208,19,2,2006
51,19,45,2006
942,19,42,2006
79,19,3,2006
125,19,44,2006
70,19,40,2006
349,19,32,2006
14,19,14,2006
279,19,23,2006
441,19,15,2006
94,19,22,2006
42,19,29,2006
1096,19,4,2006
123,19,12,2006
279,19,5,2006
80,19,43,2006
21,19,24,2006
814,40,34,2006
1578,40,16,2006
481,40,21,2006
3760,40,49,2006
391,40,39,2006
179,40,35,2006
1964,40,10,2006
738,40,18,2006
5,40,9,2006
401,40,28,2006
94,40,41,2006
74,40,6,2006
580,40,38,2006
1036,40,37,2006
8430,40,8,2006
211,40,7,2006
439,40,48,2006
189,40,1,2006
90,40,11,2006
111,40,27,2006
822,40,33,2006
1076,40,36,2006
1803,40,25,2006
1156,40,2,2006
463,40,42,2006
69,40,44,2006
1010,40,19,2006
1383,40,32,2006
157,40,23,2006
287,40,15,2006
80,40,22,2006
307,40,29,2006
1580,40,4,2006
407,40,12,2006
398,40,43,2006
362,32,17,2006
389,32,34,2006
210,32,46,2006
739,32,16,2006
114,32,21,2006
364,32,49,2006
29,32,39,2006
108,32,35,2006
2098,32,10,2006
3618,32,18,2006
8,32,9,2006
565,32,28,2006
306,32,47,2006
70,32,31,2006
279,32,26,2006
197,32,41,2006
392,32,6,2006
51,32,38,2006
887,32,37,2006
295,32,8,2006
450,32,7,2006
143,32,48,2006
320,32,1,2006
415,32,20,2006
7,32,30,2006
21,32,11,2006
207,32,27,2006
34,32,33,2006
331,32,36,2006
73,32,13,2006
731,32,25,2006
5348,32,2,2006
11,32,45,2006
665,32,42,2006
38,32,3,2006
63,32,44,2006
534,32,19,2006
50,32,40,2006
14,32,14,2006
615,32,23,2006
1461,32,15,2006
313,32,22,2006
14,32,29,2006
2129,32,4,2006
322,32,12,2006
170,32,5,2006
157,32,43,2006
240,32,24,2006
64,14,17,2006
3099,14,34,2006
449,14,16,2006
1395,14,21,2006
50,14,49,2006
517,14,10,2006
776,14,18,2006
1025,14,9,2006
455,14,28,2006
312,14,47,2006
2854,14,31,2006
1025,14,26,2006
118,14,41,2006
56,14,6,2006
50,14,38,2006
66,14,8,2006
149,14,7,2006
3975,14,48,2006
73,14,1,2006
466,14,20,2006
1907,14,30,2006
4649,14,11,2006
86,14,27,2006
689,14,33,2006
106,14,36,2006
510,14,13,2006
372,14,25,2006
272,14,2,2006
1858,14,45,2006
447,14,3,2006
142,14,44,2006
377,14,19,2006
158,14,32,2006
105,14,23,2006
2966,14,15,2006
194,14,22,2006
236,14,4,2006
1244,14,12,2006
443,14,43,2006
791,14,24,2006
1296,23,17,2006
279,23,34,2006
1079,23,46,2006
1017,23,16,2006
166,23,21,2006
56,23,49,2006
27,23,39,2006
7,23,35,2006
1949,23,10,2006
2318,23,18,2006
77,23,9,2006
812,23,28,2006
586,23,47,2006
126,23,31,2006
360,23,26,2006
2136,23,41,2006
222,23,6,2006
75,23,38,2006
127,23,37,2006
257,23,8,2006
670,23,7,2006
159,23,48,2006
1697,23,1,2006
689,23,20,2006
2,23,30,2006
182,23,11,2006
42,23,27,2006
18,23,33,2006
154,23,36,2006
25,23,13,2006
289,23,25,2006
1075,23,2,2006
92,23,45,2006
920,23,42,2006
234,23,3,2006
145,23,44,2006
408,23,19,2006
6,23,40,2006
1015,23,32,2006
8,23,14,2006
1136,23,15,2006
235,23,22,2006
24,23,29,2006
1237,23,4,2006
140,23,12,2006
156,23,5,2006
172,23,43,2006
38,23,24,2006
335,15,17,2006
678,15,34,2006
595,15,46,2006
1942,15,16,2006
670,15,21,2006
153,15,49,2006
11,15,39,2006
79,15,35,2006
1216,15,10,2006
638,15,18,2006
199,15,9,2006
571,15,28,2006
415,15,47,2006
197,15,31,2006
347,15,26,2006
252,15,41,2006
1207,15,6,2006
65,15,38,2006
398,15,37,2006
134,15,8,2006
382,15,7,2006
271,15,48,2006
200,15,1,2006
424,15,20,2006
35,15,30,2006
97,15,11,2006
197,15,27,2006
34,15,33,2006
177,15,36,2006
520,15,13,2006
407,15,25,2006
567,15,2,2006
29,15,45,2006
250,15,42,2006
1122,15,3,2006
181,15,44,2006
255,15,19,2006
15,15,40,2006
246,15,32,2006
51,15,14,2006
484,15,23,2006
263,15,22,2006
24,15,29,2006
738,15,4,2006
609,15,12,2006
46,15,5,2006
147,15,43,2006
119,15,24,2006
499,22,17,2006
2784,22,34,2006
189,22,46,2006
3504,22,16,2006
1685,22,21,2006
235,22,49,2006
25,22,39,2006
72,22,35,2006
810,22,10,2006
256,22,18,2006
2133,22,9,2006
260,22,28,2006
1063,22,47,2006
303,22,31,2006
458,22,26,2006
167,22,41,2006
162,22,6,2006
12,22,38,2006
559,22,37,2006
91,22,8,2006
260,22,7,2006
332,22,48,2006
101,22,1,2006
630,22,20,2006
234,22,30,2006
232,22,11,2006
2587,22,27,2006
10,22,33,2006
57,22,36,2006
670,22,13,2006
289,22,25,2006
646,22,2,2006
817,22,42,2006
241,22,3,2006
1440,22,44,2006
210,22,19,2006
42,22,40,2006
139,22,32,2006
82,22,14,2006
271,22,23,2006
1239,22,15,2006
20,22,29,2006
385,22,4,2006
1776,22,12,2006
20,22,5,2006
270,22,43,2006
511,22,24,2006
560,29,17,2006
504,29,34,2006
244,29,46,2006
2649,29,16,2006
789,29,21,2006
1770,29,49,2006
3840,29,10,2006
865,29,18,2006
872,29,28,2006
99,29,47,2006
35,29,26,2006
204,29,41,2006
834,29,38,2006
1027,29,37,2006
3340,29,8,2006
996,29,7,2006
432,29,48,2006
86,29,20,2006
268,29,30,2006
420,29,27,2006
2848,29,33,2006
805,29,36,2006
546,29,13,2006
7234,29,25,2006
1484,29,2,2006
134,29,42,2006
607,29,44,2006
1458,29,19,2006
391,29,40,2006
127,29,23,2006
191,29,15,2006
965,29,22,2006
1159,29,4,2006
432,29,12,2006
46,29,5,2006
99,29,43,2006
288,4,17,2006
446,4,34,2006
144,4,46,2006
1833,4,16,2006
544,4,21,2006
306,4,49,2006
111,4,39,2006
839,4,35,2006
2465,4,10,2006
1591,4,18,2006
118,4,9,2006
797,4,28,2006
299,4,47,2006
160,4,31,2006
198,4,26,2006
523,4,41,2006
191,4,6,2006
244,4,38,2006
2863,4,37,2006
440,4,8,2006
439,4,7,2006
182,4,48,2006
229,4,1,2006
189,4,20,2006
72,4,30,2006
111,4,11,2006
211,4,27,2006
76,4,33,2006
506,4,36,2006
120,4,13,2006
1809,4,25,2006
4216,4,2,2006
48,4,45,2006
477,4,42,2006
209,4,3,2006
99,4,44,2006
1374,4,19,2006
71,4,40,2006
1066,4,32,2006
2,4,14,2006
751,4,23,2006
2078,4,15,2006
222,4,22,2006
190,4,29,2006
758,4,12,2006
853,4,5,2006
176,4,43,2006
15,4,24,2006
226,12,17,2006
1746,12,34,2006
164,12,46,2006
5057,12,16,2006
865,12,21,2006
87,12,49,2006
30,12,39,2006
68,12,35,2006
808,12,10,2006
576,12,18,2006
1808,12,9,2006
794,12,28,2006
306,12,47,2006
100,12,31,2006
119,12,26,2006
128,12,41,2006
80,12,6,2006
11,12,38,2006
138,12,37,2006
295,12,8,2006
294,12,7,2006
348,12,48,2006
121,12,1,2006
253,12,20,2006
875,12,30,2006
65,12,11,2006
795,12,27,2006
189,12,33,2006
113,12,36,2006
261,12,13,2006
259,12,25,2006
437,12,2,2006
89,12,45,2006
210,12,42,2006
325,12,3,2006
3593,12,44,2006
424,12,19,2006
30,12,40,2006
190,12,32,2006
116,12,14,2006
284,12,23,2006
1610,12,15,2006
625,12,22,2006
37,12,29,2006
698,12,4,2006
107,12,5,2006
206,12,43,2006
132,12,24,2006
83,5,17,2006
28,5,34,2006
398,5,46,2006
285,5,16,2006
83,5,21,2006
40,5,49,2006
109,5,39,2006
110,5,35,2006
1937,5,10,2006
1729,5,18,2006
37,5,9,2006
343,5,28,2006
376,5,47,2006
71,5,31,2006
97,5,26,2006
1302,5,41,2006
38,5,6,2006
51,5,38,2006
1466,5,37,2006
186,5,8,2006
69,5,7,2006
43,5,48,2006
90,5,1,2006
58,5,20,2006
37,5,30,2006
203,5,11,2006
98,5,36,2006
76,5,13,2006
353,5,25,2006
2723,5,2,2006
3687,5,42,2006
118,5,3,2006
311,5,44,2006
1332,5,19,2006
615,5,32,2006
359,5,23,2006
770,5,15,2006
47,5,22,2006
2760,5,4,2006
263,43,17,2006
767,43,34,2006
82,43,46,2006
1794,43,16,2006
404,43,21,2006
28,43,49,2006
46,43,35,2006
1631,43,10,2006
707,43,18,2006
56,43,9,2006
2952,43,28,2006
744,43,47,2006
694,43,31,2006
86,43,26,2006
124,43,41,2006
89,43,6,2006
30,43,38,2006
109,43,37,2006
271,43,8,2006
654,43,7,2006
2977,43,48,2006
284,43,1,2006
434,43,20,2006
143,43,30,2006
109,43,11,2006
249,43,27,2006
119,43,36,2006
51,43,13,2006
263,43,25,2006
613,43,2,2006
59,43,45,2006
208,43,42,2006
77,43,3,2006
283,43,44,2006
267,43,19,2006
21,43,40,2006
296,43,32,2006
39,43,14,2006
230,43,23,2006
724,43,15,2006
137,43,22,2006
43,43,29,2006
110,43,4,2006
224,43,12,2006
7,43,5,2006
164,43,24,2006
919,24,17,2006
2554,24,34,2006
148,24,46,2006
3080,24,16,2006
11773,24,21,2006
689,24,10,2006
673,24,18,2006
1854,24,9,2006
65,24,28,2006
109,24,47,2006
889,24,31,2006
662,24,26,2006
138,24,41,2006
1039,24,6,2006
219,24,38,2006
186,24,8,2006
751,24,7,2006
534,24,48,2006
419,24,20,2006
4191,24,30,2006
2054,24,11,2006
1456,24,27,2006
593,24,33,2006
310,24,36,2006
605,24,13,2006
350,24,25,2006
1048,24,2,2006
527,24,45,2006
203,24,42,2006
967,24,3,2006
1333,24,44,2006
341,24,32,2006
963,24,14,2006
235,24,23,2006
4783,24,15,2006
4333,24,22,2006
90,24,29,2006
67,24,4,2006
912,24,12,2006
19,24,43,2006
350,17,34,2007
431,17,46,2007
528,17,16,2007
409,17,21,2007
42,17,49,2007
38,17,39,2007
94,17,35,2007
2798,17,10,2007
3703,17,18,2007
14,17,9,2007
533,17,28,2007
275,17,47,2007
106,17,31,2007
202,17,26,2007
307,17,41,2007
1005,17,6,2007
47,17,38,2007
364,17,37,2007
56,17,8,2007
574,17,7,2007
99,17,48,2007
2151,17,1,2007
374,17,20,2007
55,17,30,2007
65,17,11,2007
257,17,27,2007
42,17,33,2007
172,17,36,2007
86,17,13,2007
264,17,25,2007
797,17,2,2007
322,17,42,2007
155,17,3,2007
185,17,44,2007
179,17,19,2007
488,17,32,2007
28,17,14,2007
2465,17,23,2007
1689,17,15,2007
183,17,22,2007
25,17,29,2007
896,17,4,2007
102,17,12,2007
65,17,5,2007
63,17,43,2007
6,17,24,2007
156,34,17,2007
145,34,46,2007
5248,34,16,2007
1678,34,21,2007
109,34,49,2007
50,34,39,2007
46,34,35,2007
604,34,10,2007
684,34,18,2007
733,34,9,2007
912,34,28,2007
515,34,47,2007
421,34,31,2007
298,34,26,2007
163,34,41,2007
82,34,6,2007
133,34,38,2007
347,34,37,2007
238,34,8,2007
523,34,7,2007
454,34,48,2007
170,34,1,2007
566,34,20,2007
125,34,30,2007
475,34,11,2007
1089,34,27,2007
70,34,33,2007
66,34,36,2007
1718,34,13,2007
473,34,25,2007
563,34,2,2007
59,34,45,2007
469,34,42,2007
654,34,3,2007
1096,34,44,2007
663,34,19,2007
21,34,40,2007
170,34,32,2007
161,34,14,2007
455,34,23,2007
2497,34,15,2007
1184,34,22,2007
19,34,29,2007
562,34,4,2007
1183,34,12,2007
48,34,5,2007
401,34,43,2007
346,34,24,2007
540,46,17,2007
490,46,34,2007
1402,46,16,2007
773,46,21,2007
74,46,49,2007
196,46,35,2007
644,46,10,2007
782,46,18,2007
1498,46,28,2007
194,46,47,2007
241,46,31,2007
888,46,26,2007
331,46,41,2007
1606,46,6,2007
27,46,37,2007
91,46,8,2007
368,46,7,2007
470,46,48,2007
1010,46,1,2007
2824,46,20,2007
132,46,30,2007
233,46,11,2007
143,46,27,2007
78,46,33,2007
73,46,36,2007
54,46,13,2007
211,46,25,2007
792,46,2,2007
21,46,45,2007
148,46,42,2007
2631,46,3,2007
145,46,44,2007
830,46,19,2007
253,46,32,2007
84,46,14,2007
1254,46,23,2007
5770,46,15,2007
37,46,29,2007
567,46,4,2007
348,46,12,2007
176,46,43,2007
56,46,24,2007
124,16,17,2007
1760,16,34,2007
191,16,46,2007
784,16,21,2007
117,16,49,2007
5,16,39,2007
111,16,35,2007
553,16,10,2007
574,16,18,2007
271,16,9,2007
379,16,28,2007
197,16,47,2007
120,16,31,2007
153,16,26,2007
149,16,41,2007
234,16,6,2007
84,16,38,2007
170,16,37,2007
255,16,8,2007
221,16,7,2007
156,16,48,2007
71,16,1,2007
380,16,20,2007
146,16,30,2007
109,16,11,2007
1433,16,27,2007
40,16,33,2007
144,16,36,2007
249,16,13,2007
585,16,25,2007
420,16,2,2007
35,16,45,2007
323,16,42,2007
427,16,3,2007
963,16,44,2007
299,16,19,2007
33,16,40,2007
203,16,32,2007
40,16,14,2007
305,16,23,2007
2098,16,15,2007
594,16,22,2007
41,16,29,2007
467,16,4,2007
1161,16,12,2007
26,16,5,2007
135,16,43,2007
85,16,24,2007
194,21,17,2007
2091,21,34,2007
227,21,46,2007
4686,21,16,2007
229,21,49,2007
95,21,39,2007
96,21,35,2007
2172,21,10,2007
632,21,18,2007
536,21,9,2007
801,21,28,2007
469,21,47,2007
344,21,31,2007
769,21,26,2007
274,21,41,2007
323,21,6,2007
142,21,38,2007
267,21,37,2007
404,21,8,2007
684,21,7,2007
784,21,48,2007
253,21,1,2007
855,21,20,2007
379,21,30,2007
649,21,11,2007
766,21,27,2007
48,21,33,2007
181,21,36,2007
1044,21,13,2007
760,21,25,2007
633,21,2,2007
270,21,45,2007
485,21,42,2007
1123,21,3,2007
689,21,44,2007
255,21,19,2007
294,21,32,2007
126,21,14,2007
629,21,23,2007
3680,21,15,2007
1003,21,22,2007
102,21,29,2007
1323,21,4,2007
1468,21,12,2007
104,21,5,2007
290,21,43,2007
713,21,24,2007
143,49,17,2007
286,49,34,2007
141,49,46,2007
1936,49,16,2007
913,49,21,2007
150,49,39,2007
401,49,35,2007
3833,49,10,2007
944,49,18,2007
362,49,28,2007
161,49,47,2007
27,49,26,2007
491,49,41,2007
57,49,6,2007
312,49,38,2007
236,49,37,2007
3067,49,8,2007
739,49,7,2007
66,49,48,2007
64,49,1,2007
329,49,20,2007
35,49,30,2007
108,49,11,2007
105,49,27,2007
1048,49,33,2007
830,49,36,2007
3261,49,25,2007
1211,49,2,2007
219,49,42,2007
86,49,44,2007
1386,49,19,2007
669,49,40,2007
715,49,32,2007
222,49,23,2007
853,49,15,2007
74,49,22,2007
393,49,29,2007
1091,49,4,2007
425,49,12,2007
72,49,5,2007
130,49,43,2007
412,39,34,2007
360,39,16,2007
235,39,21,2007
164,39,49,2007
523,39,35,2007
1287,39,10,2007
1470,39,18,2007
425,39,28,2007
451,39,47,2007
146,39,31,2007
410,39,41,2007
130,39,6,2007
135,39,38,2007
7258,39,37,2007
299,39,8,2007
177,39,7,2007
42,39,48,2007
68,39,20,2007
313,39,27,2007
71,39,33,2007
1660,39,36,2007
43,39,13,2007
784,39,25,2007
3080,39,2,2007
344,39,42,2007
61,39,44,2007
8859,39,19,2007
82,39,40,2007
684,39,32,2007
603,39,23,2007
730,39,15,2007
92,39,22,2007
1391,39,4,2007
250,39,12,2007
380,39,5,2007
233,39,43,2007
1012,35,34,2007
118,35,46,2007
3061,35,16,2007
933,35,21,2007
725,35,49,2007
280,35,39,2007
2182,35,10,2007
3178,35,18,2007
2278,35,28,2007
741,35,47,2007
500,35,31,2007
143,35,26,2007
520,35,41,2007
214,35,6,2007
57,35,38,2007
35224,35,37,2007
1606,35,8,2007
62,35,7,2007
168,35,48,2007
1665,35,1,2007
1050,35,20,2007
31,35,30,2007
218,35,27,2007
489,35,33,2007
166,35,36,2007
194,35,13,2007
8719,35,25,2007
6333,35,2,2007
989,35,42,2007
79,35,3,2007
444,35,44,2007
1078,35,19,2007
622,35,40,2007
3682,35,32,2007
87,35,14,2007
1052,35,23,2007
1496,35,15,2007
114,35,22,2007
95,35,29,2007
15100,35,4,2007
1698,35,12,2007
409,35,5,2007
216,35,43,2007
109,35,24,2007
983,10,17,2007
302,10,34,2007
155,10,46,2007
1515,10,16,2007
456,10,21,2007
411,10,49,2007
69,10,39,2007
122,10,35,2007
4091,10,18,2007
114,10,9,2007
771,10,28,2007
511,10,47,2007
132,10,31,2007
138,10,26,2007
545,10,41,2007
416,10,6,2007
97,10,38,2007
587,10,37,2007
584,10,8,2007
656,10,7,2007
283,10,48,2007
278,10,1,2007
431,10,20,2007
11,10,30,2007
51,10,11,2007
178,10,27,2007
149,10,33,2007
643,10,36,2007
141,10,13,2007
1854,10,25,2007
2385,10,2,2007
48,10,45,2007
850,10,42,2007
184,10,3,2007
86,10,44,2007
719,10,19,2007
143,10,40,2007
995,10,32,2007
56,10,14,2007
1406,10,23,2007
2047,10,15,2007
272,10,22,2007
71,10,29,2007
1197,10,4,2007
439,10,12,2007
125,10,5,2007
249,10,43,2007
27,10,24,2007
2702,18,17,2007
428,18,34,2007
105,18,46,2007
1389,18,16,2007
405,18,21,2007
67,18,49,2007
31,18,39,2007
51,18,35,2007
3269,18,10,2007
37,18,9,2007
938,18,28,2007
141,18,47,2007
197,18,31,2007
105,18,26,2007
579,18,41,2007
850,18,6,2007
81,18,38,2007
487,18,37,2007
226,18,8,2007
607,18,7,2007
382,18,48,2007
412,18,1,2007
352,18,20,2007
84,18,30,2007
41,18,11,2007
114,18,27,2007
103,18,33,2007
272,18,36,2007
49,18,13,2007
882,18,25,2007
1838,18,2,2007
23,18,45,2007
630,18,42,2007
317,18,3,2007
120,18,44,2007
668,18,19,2007
31,18,40,2007
1782,18,32,2007
69,18,14,2007
1817,18,23,2007
1814,18,15,2007
158,18,22,2007
43,18,29,2007
1037,18,4,2007
398,18,12,2007
147,18,5,2007
144,18,43,2007
36,18,24,2007
23,9,17,2007
1215,9,34,2007
116,9,46,2007
3216,9,16,2007
727,9,21,2007
168,9,49,2007
29,9,35,2007
714,9,10,2007
213,9,18,2007
250,9,28,2007
110,9,47,2007
75,9,31,2007
51,9,26,2007
89,9,41,2007
131,9,6,2007
105,9,38,2007
54,9,37,2007
71,9,7,2007
175,9,48,2007
101,9,1,2007
122,9,20,2007
1477,9,30,2007
415,9,11,2007
1222,9,27,2007
12,9,33,2007
29,9,36,2007
530,9,13,2007
595,9,25,2007
305,9,2,2007
49,9,45,2007
115,9,42,2007
43,9,3,2007
4771,9,44,2007
30,9,19,2007
192,9,32,2007
381,9,23,2007
628,9,15,2007
5045,9,22,2007
54,9,29,2007
809,9,4,2007
5606,9,12,2007
276,9,43,2007
522,9,24,2007
182,28,17,2007
891,28,34,2007
181,28,46,2007
1886,28,16,2007
459,28,21,2007
147,28,49,2007
8,28,39,2007
96,28,35,2007
1406,28,10,2007
659,28,18,2007
90,28,9,2007
2631,28,47,2007
1093,28,31,2007
241,28,26,2007
318,28,41,2007
204,28,6,2007
29,28,38,2007
250,28,37,2007
196,28,8,2007
796,28,7,2007
564,28,48,2007
227,28,1,2007
1651,28,20,2007
27,28,30,2007
55,28,11,2007
332,28,27,2007
121,28,33,2007
126,28,36,2007
95,28,13,2007
667,28,25,2007
419,28,2,2007
40,28,45,2007
768,28,42,2007
225,28,3,2007
82,28,44,2007
423,28,19,2007
13,28,40,2007
310,28,32,2007
49,28,14,2007
620,28,23,2007
1538,28,15,2007
98,28,22,2007
40,28,29,2007
561,28,4,2007
279,28,12,2007
54,28,5,2007
1879,28,43,2007
25,28,24,2007
557,47,17,2007
867,47,34,2007
181,47,46,2007
1101,47,16,2007
434,47,21,2007
146,47,49,2007
77,47,39,2007
19,47,35,2007
2010,47,10,2007
601,47,18,2007
62,47,9,2007
2930,47,28,2007
434,47,31,2007
122,47,26,2007
2276,47,41,2007
243,47,6,2007
106,47,38,2007
218,47,37,2007
202,47,8,2007
1138,47,7,2007
289,47,48,2007
241,47,1,2007
390,47,20,2007
49,47,30,2007
136,47,11,2007
96,47,27,2007
215,47,36,2007
93,47,13,2007
362,47,25,2007
765,47,2,2007
22,47,45,2007
1966,47,42,2007
346,47,3,2007
164,47,44,2007
601,47,19,2007
20,47,40,2007
235,47,32,2007
651,47,23,2007
1569,47,15,2007
161,47,22,2007
379,47,4,2007
339,47,12,2007
84,47,5,2007
275,47,43,2007
13,47,24,2007
79,31,17,2007
842,31,34,2007
81,31,46,2007
970,31,16,2007
429,31,21,2007
166,31,49,2007
19,31,39,2007
36,31,35,2007
467,31,10,2007
524,31,18,2007
105,31,9,2007
3204,31,28,2007
417,31,47,2007
1039,31,26,2007
254,31,41,2007
39,31,6,2007
104,31,37,2007
138,31,8,2007
278,31,7,2007
1634,31,48,2007
16,31,1,2007
1820,31,20,2007
68,31,30,2007
2512,31,11,2007
616,31,27,2007
93,31,33,2007
17,31,36,2007
84,31,13,2007
146,31,25,2007
186,31,2,2007
54,31,45,2007
550,31,42,2007
52,31,3,2007
116,31,44,2007
267,31,19,2007
26,31,40,2007
235,31,32,2007
824,31,14,2007
28,31,23,2007
1975,31,15,2007
261,31,22,2007
183,31,4,2007
764,31,12,2007
38,31,5,2007
1322,31,43,2007
31,31,24,2007
122,26,17,2007
1174,26,34,2007
729,26,46,2007
977,26,16,2007
2091,26,21,2007
82,26,39,2007
490,26,10,2007
344,26,18,2007
169,26,9,2007
758,26,28,2007
510,26,47,2007
707,26,31,2007
231,26,41,2007
518,26,6,2007
13,26,38,2007
115,26,37,2007
113,26,8,2007
364,26,7,2007
336,26,48,2007
302,26,1,2007
7501,26,20,2007
68,26,30,2007
1545,26,11,2007
101,26,27,2007
29,26,33,2007
234,26,36,2007
26,26,13,2007
337,26,25,2007
1100,26,2,2007
88,26,45,2007
427,26,42,2007
2653,26,3,2007
633,26,44,2007
268,26,19,2007
248,26,32,2007
159,26,14,2007
465,26,23,2007
3617,26,15,2007
529,26,22,2007
599,26,4,2007
553,26,12,2007
129,26,5,2007
322,26,43,2007
129,26,24,2007
564,41,17,2007
173,41,34,2007
197,41,46,2007
890,41,16,2007
358,41,21,2007
93,41,49,2007
8,41,39,2007
46,41,35,2007
2128,41,10,2007
983,41,18,2007
82,41,9,2007
854,41,28,2007
2958,41,47,2007
168,41,31,2007
523,41,26,2007
311,41,6,2007
274,41,37,2007
60,41,8,2007
356,41,7,2007
773,41,48,2007
191,41,1,2007
104,41,20,2007
114,41,30,2007
8,41,11,2007
89,41,27,2007
22,41,33,2007
138,41,36,2007
116,41,13,2007
383,41,25,2007
684,41,2,2007
3044,41,42,2007
40,41,3,2007
36,41,44,2007
689,41,19,2007
49,41,40,2007
566,41,32,2007
13,41,14,2007
2286,41,23,2007
1412,41,15,2007
193,41,22,2007
6,41,29,2007
487,41,4,2007
122,41,12,2007
812,41,5,2007
132,41,43,2007
92,41,24,2007
956,6,17,2007
259,6,34,2007
1224,6,46,2007
1358,6,16,2007
662,6,21,2007
51,6,49,2007
63,6,39,2007
21,6,35,2007
1298,6,10,2007
2326,6,18,2007
504,6,28,2007
174,6,47,2007
83,6,31,2007
122,6,26,2007
153,6,41,2007
82,6,38,2007
255,6,37,2007
81,6,8,2007
339,6,7,2007
27,6,48,2007
1705,6,1,2007
372,6,20,2007
66,6,30,2007
99,6,11,2007
51,6,27,2007
138,6,36,2007
22,6,13,2007
317,6,25,2007
683,6,2,2007
167,6,42,2007
265,6,3,2007
66,6,44,2007
411,6,19,2007
55,6,40,2007
358,6,32,2007
143,6,14,2007
895,6,23,2007
8861,6,15,2007
76,6,22,2007
14,6,29,2007
355,6,4,2007
252,6,12,2007
71,6,5,2007
173,6,43,2007
26,6,24,2007
48,38,17,2007
793,38,34,2007
1034,38,16,2007
886,38,21,2007
749,38,49,2007
39,38,35,2007
3669,38,10,2007
230,38,18,2007
88,38,9,2007
159,38,28,2007
285,38,47,2007
201,38,41,2007
79,38,6,2007
531,38,37,2007
3255,38,8,2007
152,38,48,2007
85,38,1,2007
313,38,20,2007
235,38,27,2007
3604,38,33,2007
456,38,36,2007
358,38,13,2007
1782,38,25,2007
1279,38,2,2007
265,38,42,2007
80,38,3,2007
253,38,44,2007
1092,38,19,2007
177,38,40,2007
433,38,32,2007
192,38,23,2007
802,38,15,2007
399,38,22,2007
512,38,29,2007
634,38,4,2007
426,38,12,2007
27,38,5,2007
106,38,43,2007
313,38,24,2007
379,37,17,2007
388,37,34,2007
147,37,46,2007
1472,37,16,2007
596,37,21,2007
369,37,49,2007
972,37,39,2007
2530,37,35,2007
2321,37,10,2007
957,37,18,2007
40,37,9,2007
362,37,28,2007
331,37,47,2007
161,37,31,2007
95,37,26,2007
171,37,41,2007
211,37,6,2007
47,37,38,2007
778,37,8,2007
369,37,7,2007
152,37,48,2007
157,37,1,2007
171,37,20,2007
35,37,30,2007
64,37,11,2007
230,37,27,2007
48,37,33,2007
842,37,36,2007
104,37,13,2007
1439,37,25,2007
2506,37,2,2007
2,37,45,2007
625,37,42,2007
229,37,3,2007
79,37,44,2007
3653,37,19,2007
73,37,40,2007
963,37,32,2007
10,37,14,2007
399,37,23,2007
1538,37,15,2007
82,37,22,2007
53,37,29,2007
5021,37,4,2007
316,37,12,2007
1305,37,5,2007
167,37,43,2007
40,37,24,2007
79,8,17,2007
811,8,34,2007
58,8,46,2007
1830,8,16,2007
611,8,21,2007
1325,8,49,2007
194,8,39,2007
252,8,35,2007
3700,8,10,2007
607,8,18,2007
20,8,9,2007
473,8,28,2007
38,8,47,2007
81,8,31,2007
118,8,26,2007
67,8,41,2007
212,8,6,2007
773,8,38,2007
577,8,37,2007
341,8,7,2007
209,8,48,2007
57,8,1,2007
87,8,20,2007
1,8,30,2007
11,8,11,2007
105,8,27,2007
2703,8,33,2007
753,8,36,2007
106,8,13,2007
2496,8,25,2007
863,8,2,2007
6,8,45,2007
364,8,42,2007
86,8,3,2007
277,8,44,2007
1074,8,19,2007
1467,8,40,2007
459,8,32,2007
17,8,14,2007
261,8,23,2007
898,8,15,2007
120,8,22,2007
593,8,29,2007
867,8,4,2007
275,8,12,2007
62,8,5,2007
108,8,43,2007
21,8,24,2007
506,7,17,2007
1216,7,34,2007
179,7,46,2007
1523,7,16,2007
244,7,21,2007
73,7,49,2007
91,7,39,2007
42,7,35,2007
2263,7,10,2007
862,7,18,2007
39,7,9,2007
1382,7,28,2007
1001,7,47,2007
225,7,31,2007
61,7,26,2007
486,7,41,2007
131,7,6,2007
34,7,38,2007
227,7,37,2007
105,7,8,2007
322,7,48,2007
263,7,1,2007
299,7,20,2007
39,7,30,2007
94,7,11,2007
610,7,27,2007
58,7,33,2007
195,7,36,2007
48,7,13,2007
423,7,25,2007
1113,7,2,2007
14,7,45,2007
1586,7,42,2007
55,7,3,2007
218,7,44,2007
386,7,19,2007
54,7,40,2007
433,7,32,2007
28,7,14,2007
588,7,23,2007
1423,7,15,2007
113,7,22,2007
12,7,29,2007
542,7,4,2007
417,7,12,2007
159,7,5,2007
732,7,43,2007
82,7,24,2007
131,48,17,2007
1496,48,34,2007
251,48,46,2007
1824,48,16,2007
558,48,21,2007
58,48,49,2007
22,48,39,2007
942,48,10,2007
302,48,18,2007
309,48,9,2007
964,48,28,2007
315,48,47,2007
1212,48,31,2007
154,48,26,2007
137,48,41,2007
183,48,6,2007
50,48,38,2007
220,48,37,2007
135,48,8,2007
610,48,7,2007
255,48,1,2007
514,48,20,2007
146,48,30,2007
310,48,11,2007
206,48,27,2007
95,48,36,2007
171,48,13,2007
295,48,25,2007
379,48,2,2007
1517,48,45,2007
340,48,42,2007
144,48,3,2007
248,48,44,2007
457,48,19,2007
24,48,40,2007
100,48,32,2007
377,48,14,2007
125,48,23,2007
1936,48,15,2007
167,48,22,2007
354,48,4,2007
279,48,12,2007
14,48,5,2007
3104,48,43,2007
102,48,24,2007
3486,1,17,2007
146,1,34,2007
992,1,46,2007
1495,1,16,2007
60,1,21,2007
136,1,39,2007
2054,1,10,2007
1288,1,18,2007
3,1,9,2007
804,1,28,2007
317,1,47,2007
324,1,31,2007
87,1,26,2007
293,1,41,2007
4033,1,6,2007
333,1,37,2007
301,1,8,2007
196,1,7,2007
680,1,48,2007
686,1,20,2007
64,1,30,2007
218,1,11,2007
275,1,27,2007
10,1,33,2007
34,1,36,2007
204,1,13,2007
136,1,25,2007
659,1,2,2007
14,1,45,2007
320,1,42,2007
314,1,3,2007
78,1,44,2007
145,1,19,2007
921,1,32,2007
147,1,14,2007
3273,1,23,2007
3103,1,15,2007
361,1,22,2007
298,1,4,2007
286,1,12,2007
205,1,43,2007
300,1,24,2007
211,20,17,2007
1059,20,34,2007
1160,20,46,2007
1611,20,16,2007
1084,20,21,2007
12,20,49,2007
59,20,35,2007
796,20,10,2007
500,20,18,2007
66,20,9,2007
2640,20,28,2007
583,20,47,2007
832,20,31,2007
3178,20,26,2007
546,20,41,2007
314,20,6,2007
9,20,38,2007
278,20,37,2007
130,20,8,2007
480,20,7,2007
502,20,48,2007
295,20,1,2007
144,20,30,2007
552,20,11,2007
228,20,27,2007
45,20,33,2007
63,20,36,2007
220,20,13,2007
425,20,25,2007
459,20,2,2007
57,20,45,2007
578,20,42,2007
1231,20,3,2007
125,20,44,2007
195,20,19,2007
57,20,40,2007
387,20,32,2007
40,20,14,2007
394,20,23,2007
2642,20,15,2007
165,20,22,2007
7,20,29,2007
382,20,4,2007
409,20,12,2007
183,20,5,2007
273,20,43,2007
80,20,24,2007
85,30,17,2007
1072,30,34,2007
2608,30,16,2007
1411,30,21,2007
120,30,35,2007
485,30,10,2007
376,30,18,2007
1864,30,9,2007
352,30,28,2007
200,30,47,2007
347,30,31,2007
154,30,26,2007
286,30,6,2007
304,30,38,2007
49,30,37,2007
184,30,7,2007
1220,30,48,2007
230,30,20,2007
490,30,11,2007
395,30,27,2007
19,30,33,2007
21,30,13,2007
379,30,25,2007
820,30,2,2007
1129,30,45,2007
111,30,42,2007
897,30,3,2007
1625,30,44,2007
404,30,19,2007
236,30,32,2007
181,30,14,2007
224,30,23,2007
1824,30,15,2007
1633,30,22,2007
141,30,29,2007
239,30,4,2007
4254,30,12,2007
95,30,43,2007
2317,30,24,2007
329,11,17,2007
758,11,34,2007
303,11,46,2007
1475,11,16,2007
2673,11,21,2007
220,11,49,2007
55,11,35,2007
519,11,10,2007
157,11,18,2007
187,11,9,2007
660,11,28,2007
401,11,47,2007
4055,11,31,2007
2261,11,26,2007
433,11,41,2007
168,11,6,2007
232,11,38,2007
176,11,37,2007
63,11,8,2007
300,11,7,2007
969,11,48,2007
1654,11,20,2007
102,11,30,2007
325,11,27,2007
48,11,36,2007
173,11,13,2007
913,11,25,2007
317,11,2,2007
231,11,45,2007
844,11,42,2007
529,11,3,2007
155,11,44,2007
1043,11,19,2007
155,11,32,2007
2107,11,14,2007
180,11,23,2007
1921,11,15,2007
507,11,22,2007
4,11,29,2007
664,11,4,2007
223,11,12,2007
84,11,43,2007
591,11,24,2007
229,27,17,2007
3846,27,34,2007
788,27,46,2007
11001,27,16,2007
1797,27,21,2007
235,27,49,2007
291,27,39,2007
19,27,35,2007
792,27,10,2007
339,27,18,2007
1380,27,9,2007
840,27,28,2007
332,27,47,2007
399,27,31,2007
608,27,26,2007
360,27,41,2007
416,27,6,2007
110,27,38,2007
136,27,37,2007
157,27,8,2007
333,27,7,2007
130,27,48,2007
258,27,1,2007
424,27,20,2007
384,27,30,2007
325,27,11,2007
186,27,33,2007
237,27,36,2007
892,27,13,2007
594,27,25,2007
303,27,2,2007
169,27,45,2007
504,27,42,2007
473,27,3,2007
1353,27,44,2007
746,27,19,2007
52,27,40,2007
490,27,32,2007
267,27,14,2007
91,27,23,2007
2115,27,15,2007
2582,27,22,2007
618,27,4,2007
2519,27,12,2007
35,27,5,2007
342,27,43,2007
97,27,24,2007
182,33,17,2007
401,33,34,2007
1002,33,46,2007
903,33,16,2007
296,33,21,2007
1553,33,49,2007
63,33,39,2007
82,33,35,2007
2093,33,10,2007
690,33,18,2007
116,33,9,2007
819,33,28,2007
59,33,47,2007
61,33,31,2007
160,33,41,2007
3453,33,38,2007
164,33,37,2007
8359,33,8,2007
417,33,7,2007
122,33,1,2007
104,33,30,2007
106,33,11,2007
247,33,27,2007
910,33,36,2007
117,33,13,2007
2001,33,25,2007
1659,33,2,2007
727,33,42,2007
122,33,44,2007
1341,33,19,2007
474,33,40,2007
506,33,32,2007
317,33,23,2007
2118,33,15,2007
239,33,22,2007
1721,33,29,2007
495,33,4,2007
449,33,12,2007
44,33,5,2007
471,33,43,2007
332,36,17,2007
478,36,34,2007
37,36,46,2007
1127,36,16,2007
242,36,21,2007
555,36,49,2007
734,36,39,2007
88,36,35,2007
2717,36,10,2007
986,36,18,2007
13,36,9,2007
352,36,28,2007
177,36,47,2007
4,36,26,2007
93,36,41,2007
43,36,6,2007
102,36,38,2007
643,36,37,2007
806,36,8,2007
223,36,7,2007
61,36,48,2007
25,36,1,2007
190,36,20,2007
65,36,30,2007
116,36,27,2007
102,36,33,2007
74,36,13,2007
3748,36,25,2007
1513,36,2,2007
30,36,45,2007
350,36,42,2007
48,36,3,2007
52,36,44,2007
4530,36,19,2007
341,36,40,2007
583,36,32,2007
10,36,14,2007
316,36,23,2007
822,36,15,2007
88,36,22,2007
85,36,29,2007
973,36,4,2007
153,36,12,2007
84,36,5,2007
126,36,43,2007
351,13,17,2007
5004,13,34,2007
574,13,46,2007
2681,13,16,2007
2155,13,21,2007
80,13,39,2007
51,13,35,2007
404,13,10,2007
661,13,18,2007
927,13,9,2007
370,13,28,2007
462,13,47,2007
162,13,31,2007
608,13,26,2007
518,13,41,2007
19,13,6,2007
30,13,38,2007
86,13,37,2007
247,13,8,2007
510,13,7,2007
81,13,48,2007
146,13,1,2007
762,13,20,2007
120,13,30,2007
111,13,11,2007
1132,13,27,2007
171,13,36,2007
660,13,25,2007
311,13,2,2007
79,13,45,2007
365,13,42,2007
1699,13,3,2007
871,13,44,2007
230,13,19,2007
85,13,40,2007
183,13,32,2007
517,13,14,2007
320,13,23,2007
8123,13,15,2007
585,13,22,2007
110,13,29,2007
701,13,4,2007
1110,13,12,2007
101,13,5,2007
226,13,43,2007
175,13,24,2007
253,25,17,2007
301,25,34,2007
62,25,46,2007
1301,25,16,2007
225,25,21,2007
1199,25,49,2007
198,25,39,2007
193,25,35,2007
3263,25,10,2007
1249,25,18,2007
17,25,9,2007
488,25,28,2007
180,25,47,2007
42,25,31,2007
36,25,26,2007
115,25,41,2007
71,25,6,2007
98,25,38,2007
393,25,37,2007
1023,25,8,2007
253,25,7,2007
98,25,48,2007
95,25,1,2007
220,25,20,2007
31,25,30,2007
34,25,11,2007
213,25,27,2007
97,25,33,2007
2695,25,36,2007
41,25,13,2007
1557,25,2,2007
10,25,45,2007
339,25,42,2007
92,25,3,2007
93,25,44,2007
2447,25,19,2007
230,25,40,2007
494,25,32,2007
15,25,14,2007
247,25,23,2007
977,25,15,2007
92,25,22,2007
216,25,29,2007
957,25,4,2007
190,25,12,2007
82,25,5,2007
104,25,43,2007
14,25,24,2007
508,2,17,2007
397,2,34,2007
110,2,46,2007
1288,2,16,2007
272,2,21,2007
239,2,49,2007
108,2,39,2007
55,2,35,2007
1592,2,10,2007
1569,2,18,2007
62,2,9,2007
627,2,28,2007
274,2,47,2007
107,2,31,2007
96,2,26,2007
416,2,41,2007
143,2,6,2007
75,2,38,2007
664,2,37,2007
224,2,8,2007
272,2,7,2007
84,2,48,2007
264,2,1,2007
245,2,20,2007
28,2,30,2007
35,2,11,2007
68,2,27,2007
32,2,33,2007
447,2,36,2007
102,2,13,2007
1302,2,25,2007
672,2,42,2007
172,2,3,2007
140,2,44,2007
824,2,19,2007
183,2,40,2007
3276,2,32,2007
87,2,14,2007
1008,2,23,2007
1247,2,15,2007
38,2,22,2007
96,2,29,2007
2559,2,4,2007
409,2,12,2007
244,2,5,2007
184,2,43,2007
47,2,24,2007
1459,45,34,2007
87,45,46,2007
358,45,16,2007
1519,45,21,2007
96,45,49,2007
1116,45,10,2007
472,45,9,2007
666,45,28,2007
143,45,47,2007
794,45,31,2007
275,45,26,2007
352,45,41,2007
324,45,6,2007
297,45,37,2007
1104,45,7,2007
9534,45,48,2007
483,45,20,2007
2821,45,30,2007
161,45,11,2007
366,45,27,2007
358,45,36,2007
440,45,13,2007
745,45,2,2007
958,45,42,2007
235,45,3,2007
372,45,19,2007
97,45,32,2007
2715,45,14,2007
598,45,15,2007
188,45,22,2007
23,45,29,2007
200,45,4,2007
511,45,12,2007
123,45,5,2007
517,45,43,2007
401,45,24,2007
247,42,17,2007
561,42,34,2007
84,42,46,2007
878,42,16,2007
447,42,21,2007
56,42,49,2007
24,42,39,2007
106,42,35,2007
2022,42,10,2007
595,42,18,2007
60,42,9,2007
533,42,28,2007
1148,42,47,2007
126,42,31,2007
111,42,26,2007
1566,42,41,2007
131,42,6,2007
66,42,38,2007
268,42,37,2007
226,42,8,2007
1265,42,7,2007
103,42,48,2007
61,42,1,2007
312,42,20,2007
39,42,30,2007
80,42,11,2007
177,42,27,2007
86,42,33,2007
160,42,36,2007
99,42,13,2007
547,42,25,2007
1131,42,2,2007
6,42,45,2007
233,42,3,2007
98,42,44,2007
1043,42,19,2007
48,42,40,2007
423,42,32,2007
35,42,14,2007
471,42,23,2007
1042,42,15,2007
186,42,22,2007
3,42,29,2007
528,42,4,2007
164,42,12,2007
667,42,5,2007
95,42,43,2007
48,42,24,2007
229,3,17,2007
752,3,34,2007
1593,3,46,2007
1181,3,16,2007
1056,3,21,2007
18,3,49,2007
55,3,39,2007
938,3,10,2007
646,3,18,2007
124,3,9,2007
604,3,28,2007
110,3,47,2007
169,3,31,2007
1925,3,26,2007
623,3,41,2007
440,3,6,2007
186,3,37,2007
221,3,7,2007
226,3,48,2007
86,3,1,2007
1444,3,20,2007
88,3,30,2007
461,3,11,2007
230,3,27,2007
81,3,36,2007
143,3,13,2007
173,3,25,2007
283,3,2,2007
218,3,42,2007
276,3,44,2007
236,3,19,2007
184,3,32,2007
23,3,14,2007
280,3,23,2007
7360,3,15,2007
40,3,22,2007
431,3,4,2007
435,3,12,2007
77,3,5,2007
103,3,43,2007
88,3,24,2007
39,44,17,2007
1863,44,34,2007
65,44,46,2007
4441,44,16,2007
1446,44,21,2007
15,44,49,2007
104,44,35,2007
552,44,10,2007
518,44,18,2007
1364,44,9,2007
180,44,28,2007
175,44,47,2007
260,44,31,2007
111,44,26,2007
97,44,41,2007
229,44,6,2007
18,44,38,2007
120,44,37,2007
74,44,8,2007
79,44,7,2007
327,44,48,2007
125,44,1,2007
151,44,20,2007
325,44,30,2007
165,44,11,2007
812,44,27,2007
64,44,33,2007
40,44,36,2007
329,44,13,2007
631,44,25,2007
513,44,2,2007
39,44,45,2007
599,44,42,2007
107,44,3,2007
221,44,19,2007
14,44,40,2007
446,44,32,2007
30,44,14,2007
179,44,23,2007
1067,44,15,2007
509,44,22,2007
52,44,29,2007
446,44,4,2007
7517,44,12,2007
24,44,5,2007
108,44,43,2007
45,44,24,2007
156,19,17,2007
284,19,34,2007
26,19,46,2007
920,19,16,2007
160,19,21,2007
184,19,49,2007
828,19,39,2007
110,19,35,2007
2019,19,10,2007
756,19,18,2007
23,19,9,2007
517,19,28,2007
272,19,47,2007
74,19,31,2007
43,19,26,2007
103,19,41,2007
111,19,6,2007
27,19,38,2007
1153,19,37,2007
554,19,8,2007
196,19,7,2007
114,19,48,2007
42,19,1,2007
184,19,20,2007
31,19,30,2007
10,19,11,2007
122,19,27,2007
93,19,33,2007
1840,19,36,2007
107,19,13,2007
1777,19,25,2007
1105,19,2,2007
2,19,45,2007
1141,19,42,2007
123,19,3,2007
150,19,44,2007
94,19,40,2007
296,19,32,2007
8,19,14,2007
249,19,23,2007
744,19,15,2007
24,19,22,2007
106,19,29,2007
1322,19,4,2007
279,19,12,2007
287,19,5,2007
202,19,43,2007
16,19,24,2007
131,40,17,2007
159,40,34,2007
1529,40,16,2007
1228,40,21,2007
1828,40,49,2007
248,40,39,2007
393,40,35,2007
3349,40,10,2007
281,40,18,2007
145,40,9,2007
1318,40,28,2007
476,40,47,2007
92,40,26,2007
876,40,38,2007
293,40,37,2007
8748,40,8,2007
306,40,7,2007
120,40,48,2007
291,40,20,2007
123,40,30,2007
319,40,11,2007
147,40,27,2007
708,40,33,2007
754,40,36,2007
46,40,13,2007
1957,40,25,2007
2164,40,2,2007
69,40,44,2007
888,40,19,2007
288,40,32,2007
63,40,14,2007
343,40,23,2007
1444,40,15,2007
193,40,22,2007
87,40,29,2007
715,40,4,2007
1649,40,12,2007
422,40,5,2007
8,40,43,2007
398,32,17,2007
321,32,34,2007
220,32,46,2007
706,32,16,2007
124,32,21,2007
80,32,49,2007
103,32,39,2007
22,32,35,2007
1824,32,10,2007
3178,32,18,2007
2,32,9,2007
227,32,28,2007
289,32,47,2007
25,32,31,2007
105,32,26,2007
357,32,41,2007
328,32,6,2007
106,32,38,2007
338,32,37,2007
152,32,8,2007
192,32,7,2007
95,32,48,2007
302,32,1,2007
288,32,20,2007
15,32,30,2007
27,32,11,2007
54,32,27,2007
68,32,33,2007
149,32,36,2007
133,32,13,2007
589,32,25,2007
5481,32,2,2007
672,32,42,2007
176,32,3,2007
16,32,44,2007
619,32,19,2007
137,32,40,2007
43,32,14,2007
854,32,23,2007
817,32,15,2007
46,32,22,2007
17,32,29,2007
1420,32,4,2007
207,32,12,2007
81,32,5,2007
62,32,43,2007
921,14,34,2007
138,14,46,2007
823,14,16,2007
971,14,21,2007
15,14,49,2007
64,14,35,2007
835,14,10,2007
305,14,18,2007
182,14,9,2007
1355,14,28,2007
117,14,47,2007
2434,14,31,2007
445,14,26,2007
477,14,6,2007
140,14,37,2007
618,14,8,2007
272,14,7,2007
3884,14,48,2007
117,14,1,2007
477,14,20,2007
367,14,30,2007
3047,14,11,2007
131,14,27,2007
25,14,33,2007
257,14,36,2007
104,14,13,2007
240,14,25,2007
2716,14,45,2007
89,14,42,2007
447,14,3,2007
178,14,44,2007
198,14,19,2007
95,14,40,2007
878,14,32,2007
354,14,23,2007
2626,14,15,2007
448,14,22,2007
210,14,4,2007
479,14,12,2007
171,14,43,2007
852,14,24,2007
1543,23,17,2007
406,23,34,2007
803,23,46,2007
1280,23,16,2007
379,23,21,2007
94,23,49,2007
15,23,39,2007
19,23,35,2007
1581,23,10,2007
2101,23,18,2007
90,23,9,2007
914,23,28,2007
745,23,47,2007
92,23,31,2007
288,23,26,2007
1720,23,41,2007
526,23,6,2007
9,23,38,2007
201,23,37,2007
63,23,8,2007
544,23,7,2007
150,23,48,2007
2026,23,1,2007
687,23,20,2007
131,23,30,2007
66,23,11,2007
54,23,27,2007
26,23,33,2007
248,23,36,2007
76,23,13,2007
311,23,25,2007
1377,23,2,2007
12,23,45,2007
848,23,42,2007
220,23,3,2007
303,23,44,2007
366,23,19,2007
39,23,40,2007
887,23,32,2007
15,23,14,2007
1530,23,15,2007
228,23,22,2007
1197,23,4,2007
348,23,12,2007
205,23,5,2007
389,23,43,2007
106,23,24,2007
356,15,17,2007
550,15,34,2007
731,15,46,2007
1441,15,16,2007
935,15,21,2007
91,15,49,2007
66,15,39,2007
38,15,35,2007
984,15,10,2007
739,15,18,2007
67,15,9,2007
450,15,28,2007
223,15,47,2007
148,15,31,2007
319,15,26,2007
254,15,41,2007
1614,15,6,2007
14,15,38,2007
218,15,37,2007
138,15,8,2007
202,15,7,2007
190,15,48,2007
296,15,1,2007
462,15,20,2007
55,15,30,2007
94,15,11,2007
261,15,27,2007
32,15,33,2007
78,15,36,2007
546,15,13,2007
309,15,25,2007
494,15,2,2007
57,15,45,2007
359,15,42,2007
1090,15,3,2007
106,15,44,2007
295,15,19,2007
2,15,40,2007
277,15,32,2007
48,15,14,2007
326,15,23,2007
237,15,22,2007
9,15,29,2007
511,15,4,2007
350,15,12,2007
48,15,5,2007
184,15,43,2007
55,15,24,2007
66,22,17,2007
2760,22,34,2007
483,22,46,2007
4459,22,16,2007
1631,22,21,2007
202,22,49,2007
592,22,10,2007
1075,22,18,2007
2291,22,9,2007
373,22,28,2007
187,22,47,2007
2,22,31,2007
189,22,26,2007
27,22,41,2007
215,22,6,2007
88,22,38,2007
405,22,37,2007
251,22,8,2007
275,22,7,2007
206,22,48,2007
528,22,20,2007
329,22,30,2007
99,22,11,2007
1038,22,27,2007
108,22,33,2007
89,22,36,2007
458,22,13,2007
296,22,25,2007
514,22,2,2007
108,22,45,2007
219,22,42,2007
357,22,3,2007
769,22,44,2007
162,22,19,2007
28,22,40,2007
108,22,32,2007
96,22,14,2007
98,22,23,2007
1923,22,15,2007
558,22,4,2007
1053,22,12,2007
28,22,5,2007
245,22,43,2007
747,22,24,2007
103,29,17,2007
362,29,34,2007
399,29,16,2007
680,29,21,2007
1086,29,49,2007
25,29,39,2007
274,29,35,2007
1819,29,10,2007
1054,29,18,2007
99,29,28,2007
217,29,31,2007
180,29,26,2007
663,29,41,2007
995,29,38,2007
282,29,37,2007
3396,29,8,2007
797,29,7,2007
268,29,48,2007
87,29,1,2007
341,29,20,2007
83,29,11,2007
6026,29,33,2007
1036,29,36,2007
8974,29,25,2007
3321,29,2,2007
1140,29,42,2007
599,29,3,2007
450,29,44,2007
786,29,19,2007
683,29,40,2007
116,29,32,2007
771,29,23,2007
43,29,15,2007
333,29,22,2007
883,29,4,2007
624,29,12,2007
570,29,5,2007
67,29,43,2007
547,4,17,2007
469,4,34,2007
50,4,46,2007
1865,4,16,2007
606,4,21,2007
137,4,49,2007
139,4,39,2007
793,4,35,2007
2702,4,10,2007
1507,4,18,2007
37,4,9,2007
764,4,28,2007
463,4,47,2007
93,4,31,2007
235,4,26,2007
269,4,41,2007
453,4,6,2007
232,4,38,2007
2377,4,37,2007
340,4,8,2007
531,4,7,2007
124,4,48,2007
107,4,1,2007
591,4,20,2007
27,4,11,2007
91,4,27,2007
190,4,33,2007
658,4,36,2007
173,4,13,2007
1197,4,25,2007
4123,4,2,2007
55,4,45,2007
686,4,42,2007
233,4,3,2007
380,4,44,2007
1609,4,19,2007
61,4,40,2007
1013,4,32,2007
22,4,14,2007
701,4,23,2007
1811,4,15,2007
173,4,22,2007
57,4,29,2007
541,4,12,2007
919,4,5,2007
342,4,43,2007
25,4,24,2007
151,12,17,2007
1363,12,34,2007
282,12,46,2007
3625,12,16,2007
539,12,21,2007
112,12,49,2007
3,12,39,2007
86,12,35,2007
1101,12,10,2007
257,12,18,2007
1671,12,9,2007
498,12,28,2007
307,12,47,2007
143,12,31,2007
215,12,26,2007
29,12,41,2007
217,12,6,2007
126,12,38,2007
255,12,37,2007
278,12,8,2007
328,12,7,2007
220,12,48,2007
29,12,1,2007
406,12,20,2007
525,12,30,2007
149,12,11,2007
634,12,27,2007
83,12,33,2007
369,12,36,2007
275,12,13,2007
479,12,25,2007
481,12,2,2007
59,12,45,2007
209,12,42,2007
338,12,3,2007
3432,12,44,2007
334,12,19,2007
44,12,40,2007
122,12,32,2007
134,12,14,2007
318,12,23,2007
1582,12,15,2007
1005,12,22,2007
47,12,29,2007
554,12,4,2007
65,12,5,2007
87,12,43,2007
207,12,24,2007
194,5,17,2007
409,5,34,2007
119,5,46,2007
142,5,16,2007
199,5,21,2007
24,5,49,2007
53,5,39,2007
87,5,35,2007
1498,5,10,2007
1003,5,18,2007
128,5,9,2007
267,5,28,2007
391,5,47,2007
284,5,31,2007
63,5,26,2007
1411,5,41,2007
88,5,6,2007
232,5,38,2007
1682,5,37,2007
232,5,8,2007
517,5,7,2007
45,5,48,2007
237,5,1,2007
219,5,20,2007
31,5,11,2007
30,5,13,2007
379,5,25,2007
2410,5,2,2007
3905,5,42,2007
140,5,3,2007
2112,5,19,2007
17,5,40,2007
1007,5,32,2007
447,5,23,2007
563,5,15,2007
361,5,22,2007
74,5,29,2007
2957,5,4,2007
66,5,12,2007
31,5,43,2007
103,43,17,2007
711,43,34,2007
280,43,46,2007
975,43,16,2007
528,43,21,2007
36,43,49,2007
35,43,35,2007
1185,43,10,2007
404,43,18,2007
110,43,9,2007
3628,43,28,2007
765,43,47,2007
1002,43,31,2007
70,43,26,2007
462,43,41,2007
231,43,6,2007
101,43,38,2007
62,43,37,2007
104,43,8,2007
685,43,7,2007
3033,43,48,2007
56,43,1,2007
201,43,20,2007
72,43,30,2007
219,43,11,2007
153,43,27,2007
51,43,33,2007
185,43,36,2007
150,43,13,2007
388,43,25,2007
334,43,2,2007
50,43,45,2007
424,43,42,2007
135,43,3,2007
55,43,44,2007
310,43,19,2007
161,43,32,2007
128,43,14,2007
642,43,23,2007
1428,43,15,2007
333,43,22,2007
9,43,29,2007
175,43,4,2007
534,43,12,2007
14,43,5,2007
26,43,24,2007
520,24,17,2007
2159,24,34,2007
882,24,46,2007
2458,24,16,2007
4333,24,21,2007
88,24,39,2007
1408,24,10,2007
744,24,18,2007
2795,24,9,2007
115,24,28,2007
1449,24,47,2007
338,24,31,2007
1573,24,26,2007
246,24,37,2007
1071,24,7,2007
945,24,48,2007
124,24,1,2007
1050,24,20,2007
4283,24,30,2007
2118,24,11,2007
818,24,27,2007
49,24,13,2007
127,24,25,2007
162,24,2,2007
283,24,45,2007
1128,24,42,2007
373,24,3,2007
1505,24,44,2007
965,24,19,2007
410,24,32,2007
1822,24,14,2007
198,24,23,2007
4940,24,15,2007
2116,24,22,2007
148,24,29,2007
1217,24,4,2007
1011,24,12,2007
1404,24,43,2007
214,17,34,2008
210,17,46,2008
599,17,16,2008
259,17,21,2008
29,17,49,2008
18,17,39,2008
21,17,35,2008
2740,17,10,2008
4280,17,18,2008
16,17,9,2008
423,17,28,2008
148,17,47,2008
45,17,31,2008
356,17,26,2008
274,17,41,2008
455,17,6,2008
93,17,38,2008
390,17,37,2008
181,17,8,2008
444,17,7,2008
55,17,48,2008
1104,17,1,2008
296,17,20,2008
16,17,30,2008
54,17,11,2008
334,17,27,2008
209,17,36,2008
43,17,13,2008
251,17,25,2008
1040,17,2,2008
535,17,42,2008
361,17,3,2008
147,17,44,2008
202,17,19,2008
383,17,32,2008
55,17,14,2008
1416,17,23,2008
1271,17,15,2008
145,17,22,2008
871,17,4,2008
385,17,12,2008
58,17,5,2008
90,17,43,2008
95,17,24,2008
139,34,17,2008
448,34,46,2008
5911,34,16,2008
1887,34,21,2008
152,34,49,2008
28,34,39,2008
79,34,35,2008
702,34,10,2008
676,34,18,2008
329,34,9,2008
740,34,28,2008
716,34,47,2008
272,34,31,2008
441,34,26,2008
45,34,41,2008
229,34,6,2008
74,34,38,2008
374,34,37,2008
128,34,8,2008
633,34,7,2008
371,34,48,2008
105,34,1,2008
447,34,20,2008
309,34,30,2008
342,34,11,2008
993,34,27,2008
278,34,33,2008
478,34,36,2008
1355,34,13,2008
396,34,25,2008
466,34,2,2008
28,34,45,2008
490,34,42,2008
566,34,3,2008
521,34,44,2008
353,34,19,2008
21,34,40,2008
118,34,32,2008
163,34,14,2008
211,34,23,2008
2540,34,15,2008
1416,34,22,2008
31,34,29,2008
668,34,4,2008
1562,34,12,2008
9,34,5,2008
207,34,43,2008
112,34,24,2008
116,46,17,2008
441,46,34,2008
1541,46,16,2008
330,46,21,2008
11,46,35,2008
1494,46,10,2008
750,46,18,2008
257,46,9,2008
729,46,28,2008
319,46,47,2008
1132,46,31,2008
641,46,26,2008
300,46,41,2008
1311,46,6,2008
205,46,37,2008
119,46,8,2008
454,46,7,2008
268,46,48,2008
833,46,1,2008
2326,46,20,2008
402,46,30,2008
18,46,11,2008
91,46,27,2008
90,46,36,2008
170,46,13,2008
49,46,25,2008
448,46,2,2008
53,46,45,2008
142,46,42,2008
2663,46,3,2008
154,46,44,2008
105,46,19,2008
79,46,40,2008
294,46,32,2008
7,46,14,2008
1744,46,23,2008
4565,46,15,2008
154,46,22,2008
352,46,4,2008
284,46,12,2008
469,46,43,2008
190,46,24,2008
132,16,17,2008
1367,16,34,2008
172,16,46,2008
774,16,21,2008
79,16,49,2008
34,16,39,2008
45,16,35,2008
488,16,10,2008
381,16,18,2008
281,16,9,2008
555,16,28,2008
213,16,47,2008
80,16,31,2008
163,16,26,2008
96,16,41,2008
177,16,6,2008
56,16,38,2008
168,16,37,2008
364,16,8,2008
144,16,7,2008
157,16,48,2008
72,16,1,2008
221,16,20,2008
152,16,30,2008
121,16,11,2008
1145,16,27,2008
41,16,33,2008
129,16,36,2008
249,16,13,2008
491,16,25,2008
441,16,2,2008
26,16,45,2008
185,16,42,2008
218,16,3,2008
897,16,44,2008
251,16,19,2008
39,16,40,2008
111,16,32,2008
28,16,14,2008
241,16,23,2008
1982,16,15,2008
498,16,22,2008
28,16,29,2008
387,16,4,2008
1100,16,12,2008
25,16,5,2008
123,16,43,2008
45,16,24,2008
191,21,17,2008
1950,21,34,2008
195,21,46,2008
3764,21,16,2008
224,21,49,2008
79,21,39,2008
71,21,35,2008
1686,21,10,2008
539,21,18,2008
147,21,9,2008
942,21,28,2008
549,21,47,2008
286,21,31,2008
1332,21,26,2008
172,21,41,2008
450,21,6,2008
198,21,38,2008
241,21,37,2008
394,21,8,2008
403,21,7,2008
573,21,48,2008
71,21,1,2008
883,21,20,2008
404,21,30,2008
720,21,11,2008
319,21,27,2008
55,21,33,2008
123,21,36,2008
1208,21,13,2008
749,21,25,2008
1312,21,2,2008
58,21,45,2008
627,21,42,2008
770,21,3,2008
604,21,44,2008
373,21,19,2008
63,21,40,2008
206,21,32,2008
447,21,14,2008
443,21,23,2008
3491,21,15,2008
1069,21,22,2008
143,21,29,2008
598,21,4,2008
1507,21,12,2008
107,21,5,2008
540,21,43,2008
1018,21,24,2008
120,49,17,2008
336,49,34,2008
1271,49,16,2008
232,49,21,2008
139,49,39,2008
256,49,35,2008
3089,49,10,2008
588,49,18,2008
65,49,9,2008
392,49,28,2008
270,49,47,2008
157,49,31,2008
103,49,26,2008
81,49,41,2008
161,49,6,2008
577,49,38,2008
631,49,37,2008
3116,49,8,2008
592,49,7,2008
228,49,48,2008
29,49,1,2008
37,49,20,2008
35,49,30,2008
143,49,27,2008
790,49,33,2008
1102,49,36,2008
22,49,13,2008
4303,49,25,2008
1167,49,2,2008
28,49,45,2008
739,49,42,2008
111,49,3,2008
13,49,44,2008
1476,49,19,2008
734,49,40,2008
467,49,32,2008
30,49,14,2008
279,49,23,2008
932,49,15,2008
167,49,22,2008
290,49,29,2008
1384,49,4,2008
268,49,12,2008
13,49,5,2008
37,49,43,2008
9,49,24,2008
1809,39,17,2008
570,39,34,2008
443,39,16,2008
216,39,21,2008
52,39,49,2008
1090,39,35,2008
1867,39,10,2008
486,39,18,2008
242,39,28,2008
190,39,31,2008
277,39,41,2008
634,39,6,2008
6986,39,37,2008
275,39,8,2008
60,39,7,2008
6,39,1,2008
1111,39,20,2008
47,39,11,2008
80,39,27,2008
80,39,33,2008
1647,39,36,2008
84,39,13,2008
889,39,25,2008
2451,39,2,2008
578,39,42,2008
232,39,44,2008
9218,39,19,2008
73,39,40,2008
586,39,32,2008
208,39,23,2008
822,39,15,2008
1218,39,4,2008
395,39,5,2008
388,35,34,2008
3981,35,16,2008
100,35,21,2008
441,35,49,2008
277,35,39,2008
3469,35,10,2008
3714,35,18,2008
1873,35,28,2008
470,35,47,2008
99,35,31,2008
178,35,41,2008
746,35,6,2008
335,35,38,2008
38878,35,37,2008
1994,35,8,2008
1346,35,7,2008
1088,35,48,2008
155,35,20,2008
59,35,30,2008
472,35,11,2008
198,35,27,2008
512,35,33,2008
556,35,36,2008
522,35,13,2008
8077,35,25,2008
3235,35,2,2008
1272,35,42,2008
292,35,44,2008
1906,35,19,2008
1744,35,32,2008
560,35,14,2008
109,35,23,2008
2043,35,15,2008
117,35,22,2008
13751,35,4,2008
794,35,12,2008
1259,35,5,2008
1067,10,17,2008
544,10,34,2008
209,10,46,2008
1222,10,16,2008
555,10,21,2008
242,10,49,2008
107,10,39,2008
87,10,35,2008
2648,10,18,2008
55,10,9,2008
766,10,28,2008
487,10,47,2008
131,10,31,2008
193,10,26,2008
585,10,41,2008
288,10,6,2008
173,10,38,2008
461,10,37,2008
778,10,8,2008
751,10,7,2008
215,10,48,2008
228,10,1,2008
378,10,20,2008
20,10,30,2008
126,10,11,2008
271,10,27,2008
236,10,33,2008
509,10,36,2008
188,10,13,2008
1802,10,25,2008
2267,10,2,2008
28,10,45,2008
838,10,42,2008
287,10,3,2008
242,10,44,2008
975,10,19,2008
71,10,40,2008
882,10,32,2008
12,10,14,2008
1252,10,23,2008
2163,10,15,2008
178,10,22,2008
54,10,29,2008
1237,10,4,2008
428,10,12,2008
74,10,5,2008
221,10,43,2008
59,10,24,2008
2267,18,17,2008
351,18,34,2008
111,18,46,2008
854,18,16,2008
459,18,21,2008
293,18,49,2008
104,18,39,2008
73,18,35,2008
4848,18,10,2008
147,18,9,2008
663,18,28,2008
441,18,47,2008
124,18,31,2008
140,18,26,2008
374,18,41,2008
515,18,6,2008
56,18,38,2008
509,18,37,2008
278,18,8,2008
212,18,7,2008
105,18,48,2008
395,18,1,2008
543,18,20,2008
80,18,30,2008
79,18,11,2008
240,18,27,2008
71,18,33,2008
402,18,36,2008
126,18,13,2008
676,18,25,2008
1952,18,2,2008
731,18,42,2008
341,18,3,2008
60,18,44,2008
465,18,19,2008
74,18,40,2008
1683,18,32,2008
8,18,14,2008
1572,18,23,2008
1884,18,15,2008
125,18,22,2008
1000,18,4,2008
441,18,12,2008
98,18,5,2008
171,18,43,2008
49,18,24,2008
57,9,17,2008
1972,9,34,2008
282,9,46,2008
4031,9,16,2008
1330,9,21,2008
98,9,49,2008
50,9,35,2008
1216,9,10,2008
1012,9,18,2008
297,9,28,2008
237,9,47,2008
192,9,31,2008
122,9,26,2008
49,9,41,2008
54,9,6,2008
48,9,37,2008
427,9,7,2008
445,9,48,2008
226,9,20,2008
2030,9,30,2008
49,9,11,2008
908,9,27,2008
33,9,36,2008
125,9,13,2008
231,9,25,2008
257,9,2,2008
141,9,45,2008
212,9,42,2008
126,9,3,2008
5828,9,44,2008
94,9,19,2008
119,9,32,2008
117,9,14,2008
119,9,23,2008
2014,9,15,2008
3887,9,22,2008
22,9,29,2008
920,9,4,2008
6017,9,12,2008
505,9,43,2008
613,9,24,2008
193,28,17,2008
553,28,34,2008
328,28,46,2008
1683,28,16,2008
400,28,21,2008
100,28,49,2008
100,28,39,2008
68,28,35,2008
1160,28,10,2008
834,28,18,2008
131,28,9,2008
2675,28,47,2008
1158,28,31,2008
265,28,26,2008
417,28,41,2008
179,28,6,2008
30,28,38,2008
156,28,37,2008
402,28,8,2008
821,28,7,2008
522,28,48,2008
310,28,1,2008
1624,28,20,2008
67,28,30,2008
142,28,11,2008
360,28,27,2008
23,28,33,2008
261,28,36,2008
138,28,13,2008
592,28,25,2008
304,28,2,2008
32,28,45,2008
734,28,42,2008
210,28,3,2008
166,28,44,2008
582,28,19,2008
8,28,40,2008
266,28,32,2008
47,28,14,2008
589,28,23,2008
1419,28,15,2008
127,28,22,2008
11,28,29,2008
804,28,4,2008
253,28,12,2008
9,28,5,2008
2046,28,43,2008
59,28,24,2008
411,47,17,2008
673,47,34,2008
96,47,46,2008
699,47,16,2008
490,47,21,2008
33,47,49,2008
84,47,39,2008
21,47,35,2008
2107,47,10,2008
605,47,18,2008
33,47,9,2008
3446,47,28,2008
256,47,31,2008
212,47,26,2008
1588,47,41,2008
130,47,6,2008
19,47,38,2008
166,47,37,2008
218,47,8,2008
980,47,7,2008
228,47,48,2008
171,47,1,2008
480,47,20,2008
25,47,30,2008
60,47,11,2008
226,47,27,2008
34,47,33,2008
85,47,36,2008
170,47,13,2008
332,47,25,2008
706,47,2,2008
6,47,45,2008
1673,47,42,2008
114,47,3,2008
95,47,44,2008
367,47,19,2008
290,47,32,2008
46,47,14,2008
768,47,23,2008
1083,47,15,2008
131,47,22,2008
44,47,29,2008
376,47,4,2008
185,47,12,2008
120,47,5,2008
231,47,43,2008
5,47,24,2008
50,31,17,2008
792,31,34,2008
348,31,46,2008
944,31,16,2008
793,31,21,2008
115,31,49,2008
45,31,35,2008
796,31,10,2008
690,31,18,2008
139,31,9,2008
3951,31,28,2008
240,31,47,2008
916,31,26,2008
100,31,41,2008
273,31,6,2008
30,31,38,2008
221,31,37,2008
111,31,8,2008
294,31,7,2008
1565,31,48,2008
1714,31,20,2008
194,31,30,2008
1960,31,11,2008
83,31,27,2008
63,31,36,2008
145,31,13,2008
88,31,25,2008
819,31,2,2008
64,31,45,2008
567,31,42,2008
739,31,3,2008
294,31,44,2008
117,31,19,2008
29,31,40,2008
241,31,32,2008
552,31,14,2008
262,31,23,2008
1548,31,15,2008
43,31,22,2008
101,31,29,2008
75,31,4,2008
559,31,12,2008
991,31,43,2008
231,31,24,2008
193,26,17,2008
308,26,34,2008
568,26,46,2008
1515,26,16,2008
2128,26,21,2008
22,26,49,2008
25,26,39,2008
127,26,35,2008
1374,26,10,2008
519,26,18,2008
202,26,9,2008
1073,26,28,2008
256,26,47,2008
834,26,31,2008
992,26,41,2008
682,26,6,2008
87,26,38,2008
243,26,37,2008
83,26,8,2008
207,26,7,2008
708,26,48,2008
77,26,1,2008
6575,26,20,2008
66,26,30,2008
1211,26,11,2008
207,26,27,2008
368,26,36,2008
281,26,13,2008
557,26,25,2008
440,26,2,2008
55,26,45,2008
458,26,42,2008
2365,26,3,2008
200,26,44,2008
305,26,19,2008
203,26,32,2008
72,26,14,2008
426,26,23,2008
3445,26,15,2008
96,26,22,2008
368,26,4,2008
881,26,12,2008
133,26,43,2008
188,26,24,2008
425,41,17,2008
572,41,34,2008
60,41,46,2008
633,41,16,2008
326,41,21,2008
87,41,49,2008
1310,41,10,2008
856,41,18,2008
14,41,9,2008
858,41,28,2008
2692,41,47,2008
118,41,31,2008
541,41,26,2008
203,41,6,2008
71,41,38,2008
122,41,37,2008
70,41,8,2008
282,41,7,2008
100,41,48,2008
258,41,1,2008
327,41,20,2008
113,41,30,2008
54,41,11,2008
96,41,27,2008
52,41,33,2008
156,41,36,2008
35,41,13,2008
198,41,25,2008
538,41,2,2008
3041,41,42,2008
185,41,3,2008
18,41,44,2008
240,41,19,2008
475,41,32,2008
19,41,14,2008
2636,41,23,2008
1001,41,15,2008
80,41,22,2008
23,41,29,2008
482,41,4,2008
693,41,12,2008
656,41,5,2008
186,41,43,2008
22,41,24,2008
962,6,17,2008
348,6,34,2008
593,6,46,2008
1054,6,16,2008
455,6,21,2008
78,6,49,2008
103,6,39,2008
106,6,35,2008
1369,6,10,2008
1753,6,18,2008
69,6,9,2008
260,6,28,2008
344,6,47,2008
291,6,31,2008
203,6,26,2008
149,6,41,2008
19,6,38,2008
225,6,37,2008
148,6,8,2008
405,6,7,2008
80,6,48,2008
2265,6,1,2008
348,6,20,2008
37,6,30,2008
39,6,11,2008
314,6,27,2008
93,6,36,2008
255,6,13,2008
224,6,25,2008
675,6,2,2008
24,6,45,2008
242,6,42,2008
545,6,3,2008
90,6,44,2008
141,6,19,2008
212,6,32,2008
6,6,14,2008
959,6,23,2008
7178,6,15,2008
161,6,22,2008
4,6,29,2008
341,6,4,2008
294,6,12,2008
83,6,5,2008
213,6,43,2008
33,6,24,2008
48,38,17,2008
716,38,34,2008
57,38,46,2008
1571,38,16,2008
449,38,21,2008
1062,38,49,2008
43,38,39,2008
2142,38,10,2008
80,38,18,2008
721,38,28,2008
109,38,47,2008
14,38,31,2008
446,38,26,2008
325,38,41,2008
43,38,6,2008
946,38,37,2008
2661,38,8,2008
266,38,7,2008
198,38,48,2008
219,38,20,2008
158,38,30,2008
39,38,11,2008
2736,38,33,2008
239,38,36,2008
31,38,13,2008
1606,38,25,2008
560,38,2,2008
368,38,42,2008
324,38,3,2008
233,38,44,2008
696,38,19,2008
454,38,40,2008
210,38,32,2008
316,38,23,2008
375,38,15,2008
79,38,22,2008
1495,38,29,2008
893,38,4,2008
271,38,12,2008
134,38,43,2008
162,37,17,2008
413,37,34,2008
83,37,46,2008
1402,37,16,2008
179,37,21,2008
158,37,49,2008
1437,37,39,2008
2120,37,35,2008
1841,37,10,2008
890,37,18,2008
37,37,9,2008
357,37,28,2008
451,37,47,2008
20,37,31,2008
42,37,26,2008
370,37,41,2008
236,37,6,2008
75,37,38,2008
785,37,8,2008
515,37,7,2008
74,37,48,2008
181,37,20,2008
34,37,30,2008
64,37,11,2008
180,37,27,2008
175,37,33,2008
856,37,36,2008
134,37,13,2008
1221,37,25,2008
2359,37,2,2008
7,37,45,2008
752,37,42,2008
82,37,3,2008
56,37,44,2008
3429,37,19,2008
116,37,40,2008
871,37,32,2008
22,37,14,2008
321,37,23,2008
997,37,15,2008
124,37,22,2008
40,37,29,2008
4641,37,4,2008
189,37,12,2008
1254,37,5,2008
223,37,43,2008
36,37,24,2008
55,8,17,2008
442,8,34,2008
41,8,46,2008
2059,8,16,2008
374,8,21,2008
1710,8,49,2008
239,8,39,2008
231,8,35,2008
2315,8,10,2008
797,8,18,2008
64,8,9,2008
476,8,28,2008
164,8,47,2008
61,8,31,2008
134,8,26,2008
105,8,41,2008
52,8,6,2008
527,8,38,2008
505,8,37,2008
361,8,7,2008
75,8,48,2008
55,8,1,2008
105,8,20,2008
85,8,30,2008
23,8,11,2008
104,8,27,2008
2233,8,33,2008
726,8,36,2008
150,8,13,2008
2261,8,25,2008
1100,8,2,2008
59,8,45,2008
452,8,42,2008
35,8,3,2008
226,8,44,2008
788,8,19,2008
942,8,40,2008
501,8,32,2008
4,8,14,2008
168,8,23,2008
637,8,15,2008
146,8,22,2008
241,8,29,2008
690,8,4,2008
407,8,12,2008
93,8,5,2008
109,8,43,2008
430,7,17,2008
1091,7,34,2008
288,7,46,2008
1048,7,16,2008
354,7,21,2008
208,7,49,2008
90,7,35,2008
1929,7,10,2008
713,7,18,2008
78,7,9,2008
1406,7,28,2008
1399,7,47,2008
149,7,31,2008
164,7,26,2008
492,7,41,2008
189,7,6,2008
34,7,38,2008
204,7,37,2008
147,7,8,2008
354,7,48,2008
254,7,1,2008
519,7,20,2008
132,7,30,2008
56,7,11,2008
355,7,27,2008
43,7,33,2008
202,7,36,2008
207,7,13,2008
522,7,25,2008
770,7,2,2008
6,7,45,2008
1602,7,42,2008
314,7,3,2008
73,7,44,2008
427,7,19,2008
91,7,40,2008
482,7,32,2008
81,7,14,2008
765,7,23,2008
1130,7,15,2008
107,7,22,2008
47,7,29,2008
559,7,4,2008
323,7,12,2008
45,7,5,2008
472,7,43,2008
79,7,24,2008
75,48,17,2008
1815,48,34,2008
422,48,46,2008
941,48,16,2008
765,48,21,2008
150,48,49,2008
9,48,39,2008
56,48,35,2008
823,48,10,2008
278,48,18,2008
292,48,9,2008
744,48,28,2008
170,48,47,2008
936,48,31,2008
154,48,26,2008
106,48,41,2008
37,48,6,2008
81,48,38,2008
126,48,37,2008
349,48,8,2008
387,48,7,2008
178,48,1,2008
495,48,20,2008
161,48,30,2008
363,48,11,2008
187,48,27,2008
32,48,33,2008
280,48,36,2008
103,48,13,2008
478,48,25,2008
188,48,2,2008
1995,48,45,2008
424,48,42,2008
192,48,3,2008
90,48,44,2008
363,48,19,2008
119,48,40,2008
66,48,32,2008
818,48,14,2008
102,48,23,2008
1621,48,15,2008
108,48,22,2008
38,48,29,2008
308,48,4,2008
464,48,12,2008
3563,48,43,2008
65,48,24,2008
2379,1,17,2008
232,1,34,2008
1356,1,46,2008
851,1,16,2008
245,1,21,2008
18,1,39,2008
30,1,35,2008
1262,1,10,2008
1353,1,18,2008
6,1,9,2008
957,1,28,2008
511,1,47,2008
73,1,31,2008
166,1,26,2008
275,1,41,2008
3292,1,6,2008
188,1,37,2008
82,1,8,2008
233,1,7,2008
33,1,48,2008
539,1,20,2008
42,1,30,2008
91,1,11,2008
102,1,27,2008
34,1,36,2008
12,1,13,2008
50,1,25,2008
442,1,2,2008
61,1,45,2008
333,1,42,2008
362,1,3,2008
73,1,44,2008
302,1,19,2008
47,1,40,2008
479,1,32,2008
75,1,14,2008
2997,1,23,2008
2844,1,15,2008
48,1,22,2008
18,1,29,2008
521,1,4,2008
166,1,12,2008
28,1,5,2008
167,1,43,2008
144,1,24,2008
303,20,17,2008
818,20,34,2008
1014,20,46,2008
1487,20,16,2008
494,20,21,2008
51,20,49,2008
43,20,39,2008
29,20,35,2008
779,20,10,2008
648,20,18,2008
23,20,9,2008
2377,20,28,2008
668,20,47,2008
770,20,31,2008
3544,20,26,2008
433,20,41,2008
234,20,6,2008
103,20,37,2008
155,20,8,2008
241,20,7,2008
419,20,48,2008
263,20,1,2008
186,20,30,2008
616,20,11,2008
186,20,27,2008
16,20,33,2008
195,20,36,2008
19,20,13,2008
619,20,25,2008
667,20,2,2008
92,20,45,2008
562,20,42,2008
1004,20,3,2008
189,20,44,2008
374,20,19,2008
123,20,32,2008
65,20,14,2008
518,20,23,2008
2772,20,15,2008
195,20,22,2008
61,20,29,2008
301,20,4,2008
629,20,12,2008
35,20,5,2008
663,20,43,2008
49,20,24,2008
274,30,17,2008
2462,30,34,2008
307,30,46,2008
3322,30,16,2008
2427,30,21,2008
65,30,35,2008
543,30,10,2008
236,30,18,2008
2044,30,9,2008
185,30,28,2008
282,30,47,2008
390,30,31,2008
177,30,26,2008
59,30,41,2008
579,30,6,2008
75,30,37,2008
45,30,8,2008
231,30,7,2008
675,30,48,2008
476,30,1,2008
339,30,20,2008
124,30,11,2008
709,30,27,2008
43,30,13,2008
151,30,25,2008
713,30,2,2008
3242,30,45,2008
68,30,42,2008
697,30,3,2008
2606,30,44,2008
694,30,19,2008
191,30,32,2008
162,30,14,2008
743,30,23,2008
1643,30,15,2008
632,30,22,2008
94,30,29,2008
739,30,4,2008
4670,30,12,2008
1541,30,43,2008
1360,30,24,2008
212,11,17,2008
1461,11,34,2008
512,11,46,2008
1312,11,16,2008
1658,11,21,2008
8,11,49,2008
334,11,10,2008
500,11,18,2008
44,11,9,2008
563,11,28,2008
341,11,47,2008
4419,11,31,2008
2711,11,26,2008
83,11,41,2008
68,11,6,2008
28,11,38,2008
172,11,37,2008
47,11,8,2008
163,11,7,2008
777,11,48,2008
1088,11,20,2008
176,11,30,2008
324,11,27,2008
118,11,33,2008
669,11,13,2008
306,11,25,2008
478,11,2,2008
169,11,45,2008
677,11,42,2008
501,11,3,2008
335,11,44,2008
110,11,19,2008
209,11,40,2008
255,11,32,2008
1399,11,14,2008
428,11,23,2008
2425,11,15,2008
937,11,22,2008
698,11,4,2008
856,11,12,2008
114,11,5,2008
176,11,43,2008
279,11,24,2008
48,27,17,2008
3351,27,34,2008
214,27,46,2008
11558,27,16,2008
1647,27,21,2008
52,27,49,2008
49,27,39,2008
1087,27,10,2008
298,27,18,2008
884,27,9,2008
370,27,28,2008
498,27,47,2008
155,27,31,2008
343,27,26,2008
192,27,41,2008
576,27,6,2008
44,27,38,2008
91,27,37,2008
50,27,8,2008
369,27,7,2008
287,27,48,2008
154,27,1,2008
223,27,20,2008
475,27,30,2008
34,27,11,2008
103,27,33,2008
407,27,36,2008
808,27,13,2008
357,27,25,2008
878,27,2,2008
21,27,45,2008
227,27,42,2008
414,27,3,2008
1413,27,44,2008
701,27,19,2008
431,27,32,2008
24,27,14,2008
401,27,23,2008
2614,27,15,2008
2959,27,22,2008
147,27,29,2008
828,27,4,2008
1248,27,12,2008
20,27,5,2008
178,27,43,2008
449,27,24,2008
57,33,17,2008
384,33,34,2008
19,33,46,2008
905,33,16,2008
398,33,21,2008
1086,33,49,2008
230,33,39,2008
174,33,35,2008
1680,33,10,2008
613,33,18,2008
19,33,9,2008
94,33,28,2008
468,33,47,2008
153,33,41,2008
4893,33,38,2008
32,33,37,2008
8973,33,8,2008
43,33,7,2008
85,33,48,2008
45,33,1,2008
135,33,20,2008
45,33,11,2008
128,33,27,2008
416,33,36,2008
1580,33,25,2008
862,33,2,2008
419,33,42,2008
1039,33,3,2008
199,33,44,2008
896,33,19,2008
221,33,40,2008
820,33,32,2008
757,33,23,2008
361,33,15,2008
299,33,22,2008
2070,33,29,2008
385,33,4,2008
11,33,12,2008
146,36,17,2008
231,36,34,2008
5,36,46,2008
847,36,16,2008
337,36,21,2008
530,36,49,2008
377,36,39,2008
131,36,35,2008
2962,36,10,2008
954,36,18,2008
311,36,28,2008
148,36,47,2008
33,36,31,2008
103,36,26,2008
79,36,41,2008
210,36,6,2008
58,36,38,2008
642,36,37,2008
914,36,8,2008
139,36,7,2008
65,36,48,2008
13,36,1,2008
74,36,20,2008
43,36,30,2008
86,36,11,2008
109,36,27,2008
89,36,33,2008
209,36,13,2008
3910,36,25,2008
1183,36,2,2008
292,36,42,2008
127,36,3,2008
35,36,44,2008
4482,36,19,2008
210,36,40,2008
573,36,32,2008
7,36,14,2008
220,36,23,2008
1179,36,15,2008
13,36,22,2008
71,36,29,2008
1079,36,4,2008
196,36,12,2008
68,36,5,2008
41,36,43,2008
3,36,24,2008
218,13,17,2008
2492,13,34,2008
398,13,46,2008
2786,13,16,2008
4096,13,21,2008
68,13,49,2008
84,13,39,2008
24,13,35,2008
1359,13,10,2008
400,13,18,2008
437,13,9,2008
287,13,28,2008
395,13,47,2008
118,13,31,2008
685,13,26,2008
143,13,41,2008
45,13,6,2008
115,13,38,2008
231,13,37,2008
62,13,8,2008
245,13,7,2008
107,13,48,2008
70,13,1,2008
74,13,20,2008
51,13,30,2008
87,13,11,2008
363,13,27,2008
323,13,33,2008
106,13,36,2008
724,13,25,2008
386,13,2,2008
69,13,45,2008
709,13,42,2008
1317,13,3,2008
628,13,44,2008
439,13,19,2008
278,13,40,2008
184,13,32,2008
152,13,14,2008
457,13,23,2008
9531,13,15,2008
441,13,22,2008
6,13,29,2008
317,13,4,2008
558,13,12,2008
175,13,5,2008
212,13,43,2008
31,13,24,2008
181,25,17,2008
386,25,34,2008
9,25,46,2008
1470,25,16,2008
170,25,21,2008
890,25,49,2008
152,25,39,2008
204,25,35,2008
2989,25,10,2008
1023,25,18,2008
41,25,9,2008
341,25,28,2008
175,25,47,2008
59,25,31,2008
41,25,26,2008
150,25,41,2008
89,25,6,2008
89,25,38,2008
553,25,37,2008
983,25,8,2008
254,25,7,2008
130,25,48,2008
40,25,1,2008
132,25,20,2008
13,25,30,2008
47,25,11,2008
213,25,27,2008
89,25,33,2008
2487,25,36,2008
39,25,13,2008
1712,25,2,2008
1,25,45,2008
376,25,42,2008
117,25,3,2008
128,25,44,2008
2113,25,19,2008
119,25,40,2008
423,25,32,2008
15,25,14,2008
201,25,23,2008
901,25,15,2008
84,25,22,2008
230,25,29,2008
812,25,4,2008
299,25,12,2008
48,25,5,2008
110,25,43,2008
6,25,24,2008
297,2,17,2008
573,2,34,2008
124,2,46,2008
1174,2,16,2008
476,2,21,2008
175,2,49,2008
125,2,39,2008
143,2,35,2008
2331,2,10,2008
1685,2,18,2008
52,2,9,2008
377,2,28,2008
255,2,47,2008
126,2,31,2008
185,2,26,2008
209,2,41,2008
336,2,6,2008
132,2,38,2008
685,2,37,2008
453,2,8,2008
550,2,7,2008
135,2,48,2008
98,2,1,2008
544,2,20,2008
88,2,30,2008
96,2,11,2008
92,2,27,2008
80,2,33,2008
246,2,36,2008
19,2,13,2008
1049,2,25,2008
66,2,45,2008
669,2,42,2008
238,2,3,2008
61,2,44,2008
608,2,19,2008
108,2,40,2008
2780,2,32,2008
32,2,14,2008
968,2,23,2008
1637,2,15,2008
70,2,22,2008
30,2,29,2008
2843,2,4,2008
484,2,12,2008
504,2,5,2008
85,2,43,2008
25,2,24,2008
2055,45,34,2008
56,45,46,2008
1064,45,16,2008
2131,45,21,2008
1123,45,39,2008
336,45,10,2008
446,45,18,2008
905,45,9,2008
794,45,28,2008
269,45,47,2008
1373,45,31,2008
109,45,26,2008
85,45,38,2008
100,45,7,2008
9446,45,48,2008
2334,45,20,2008
1849,45,30,2008
741,45,11,2008
299,45,27,2008
77,45,13,2008
484,45,25,2008
81,45,2,2008
961,45,42,2008
78,45,3,2008
631,45,44,2008
168,45,19,2008
1739,45,14,2008
69,45,23,2008
2561,45,15,2008
1077,45,22,2008
784,45,4,2008
661,45,12,2008
557,45,43,2008
395,45,24,2008
224,42,17,2008
717,42,34,2008
62,42,46,2008
720,42,16,2008
340,42,21,2008
109,42,49,2008
7,42,39,2008
83,42,35,2008
2036,42,10,2008
707,42,18,2008
24,42,9,2008
639,42,28,2008
1345,42,47,2008
37,42,31,2008
98,42,26,2008
1442,42,41,2008
160,42,6,2008
43,42,38,2008
214,42,37,2008
122,42,8,2008
1068,42,7,2008
152,42,48,2008
140,42,1,2008
216,42,20,2008
37,42,30,2008
101,42,11,2008
436,42,27,2008
90,42,33,2008
153,42,36,2008
35,42,13,2008
518,42,25,2008
1052,42,2,2008
29,42,45,2008
198,42,3,2008
167,42,44,2008
918,42,19,2008
22,42,40,2008
485,42,32,2008
25,42,14,2008
591,42,23,2008
1159,42,15,2008
243,42,22,2008
9,42,29,2008
465,42,4,2008
214,42,12,2008
926,42,5,2008
192,42,43,2008
72,42,24,2008
320,3,17,2008
510,3,34,2008
1781,3,46,2008
813,3,16,2008
1044,3,21,2008
15,3,49,2008
10,3,39,2008
28,3,35,2008
943,3,10,2008
603,3,18,2008
104,3,9,2008
515,3,28,2008
130,3,47,2008
301,3,31,2008
1867,3,26,2008
184,3,41,2008
563,3,6,2008
175,3,38,2008
193,3,37,2008
135,3,8,2008
624,3,7,2008
127,3,48,2008
211,3,1,2008
1401,3,20,2008
43,3,30,2008
368,3,11,2008
401,3,27,2008
308,3,13,2008
506,3,25,2008
689,3,2,2008
123,3,45,2008
450,3,42,2008
242,3,44,2008
293,3,19,2008
17,3,40,2008
248,3,32,2008
21,3,14,2008
410,3,23,2008
7333,3,15,2008
210,3,22,2008
37,3,29,2008
110,3,4,2008
426,3,12,2008
13,3,5,2008
95,3,43,2008
45,3,24,2008
8,44,17,2008
2037,44,34,2008
255,44,46,2008
5307,44,16,2008
1049,44,21,2008
15,44,49,2008
107,44,35,2008
856,44,10,2008
265,44,18,2008
1902,44,9,2008
305,44,28,2008
513,44,47,2008
271,44,31,2008
70,44,26,2008
244,44,41,2008
170,44,6,2008
29,44,38,2008
65,44,37,2008
130,44,8,2008
62,44,7,2008
211,44,48,2008
44,44,1,2008
210,44,20,2008
547,44,30,2008
90,44,11,2008
705,44,27,2008
121,44,33,2008
74,44,36,2008
216,44,13,2008
355,44,25,2008
260,44,2,2008
249,44,45,2008
346,44,42,2008
183,44,3,2008
192,44,19,2008
19,44,40,2008
134,44,32,2008
58,44,14,2008
231,44,23,2008
1493,44,15,2008
1429,44,22,2008
47,44,29,2008
228,44,4,2008
6576,44,12,2008
5,44,5,2008
173,44,43,2008
156,44,24,2008
131,19,17,2008
445,19,34,2008
43,19,46,2008
920,19,16,2008
298,19,21,2008
238,19,49,2008
699,19,39,2008
147,19,35,2008
1683,19,10,2008
609,19,18,2008
22,19,9,2008
276,19,28,2008
375,19,47,2008
33,19,31,2008
36,19,26,2008
68,19,41,2008
59,19,6,2008
63,19,38,2008
1107,19,37,2008
377,19,8,2008
320,19,7,2008
108,19,48,2008
103,19,1,2008
102,19,20,2008
16,19,30,2008
23,19,11,2008
61,19,27,2008
43,19,33,2008
1947,19,36,2008
84,19,13,2008
1628,19,25,2008
876,19,2,2008
11,19,45,2008
873,19,42,2008
66,19,3,2008
167,19,44,2008
79,19,40,2008
514,19,32,2008
48,19,14,2008
298,19,23,2008
691,19,15,2008
53,19,22,2008
50,19,29,2008
1044,19,4,2008
228,19,12,2008
468,19,5,2008
125,19,43,2008
31,19,24,2008
1105,40,34,2008
1160,40,16,2008
377,40,21,2008
2616,40,49,2008
318,40,35,2008
2249,40,10,2008
322,40,18,2008
268,40,28,2008
67,40,47,2008
221,40,6,2008
296,40,38,2008
564,40,37,2008
9368,40,8,2008
291,40,48,2008
224,40,1,2008
95,40,20,2008
421,40,11,2008
524,40,33,2008
2665,40,36,2008
3844,40,25,2008
1266,40,2,2008
226,40,42,2008
285,40,3,2008
166,40,44,2008
357,40,19,2008
593,40,32,2008
427,40,23,2008
498,40,15,2008
190,40,29,2008
556,40,4,2008
242,40,12,2008
68,40,5,2008
84,40,43,2008
425,32,17,2008
290,32,34,2008
253,32,46,2008
620,32,16,2008
632,32,21,2008
210,32,49,2008
123,32,39,2008
131,32,35,2008
1699,32,10,2008
3086,32,18,2008
259,32,28,2008
627,32,47,2008
106,32,31,2008
289,32,26,2008
349,32,41,2008
459,32,6,2008
19,32,38,2008
577,32,37,2008
291,32,8,2008
448,32,7,2008
102,32,48,2008
103,32,1,2008
195,32,20,2008
51,32,30,2008
92,32,11,2008
13,32,27,2008
123,32,33,2008
174,32,36,2008
179,32,13,2008
807,32,25,2008
5422,32,2,2008
6,32,45,2008
913,32,42,2008
197,32,3,2008
267,32,44,2008
633,32,19,2008
15,32,40,2008
11,32,14,2008
724,32,23,2008
1349,32,15,2008
95,32,22,2008
3,32,29,2008
1444,32,4,2008
366,32,12,2008
260,32,5,2008
162,32,43,2008
1329,14,34,2008
68,14,46,2008
876,14,16,2008
1507,14,21,2008
74,14,49,2008
2365,14,10,2008
343,14,18,2008
499,14,9,2008
169,14,28,2008
324,14,47,2008
2226,14,31,2008
513,14,26,2008
96,14,41,2008
68,14,38,2008
268,14,37,2008
6091,14,48,2008
1058,14,1,2008
66,14,20,2008
710,14,30,2008
1244,14,11,2008
595,14,27,2008
44,14,13,2008
56,14,25,2008
506,14,2,2008
1755,14,45,2008
384,14,42,2008
22,14,3,2008
1248,14,44,2008
394,14,19,2008
50,14,40,2008
52,14,32,2008
700,14,23,2008
1483,14,15,2008
207,14,22,2008
69,14,4,2008
947,14,12,2008
1657,14,43,2008
895,14,24,2008
1370,23,17,2008
361,23,34,2008
817,23,46,2008
892,23,16,2008
261,23,21,2008
59,23,49,2008
26,23,39,2008
5,23,35,2008
1713,23,10,2008
1909,23,18,2008
20,23,9,2008
637,23,28,2008
509,23,47,2008
233,23,31,2008
287,23,26,2008
1685,23,41,2008
391,23,6,2008
11,23,38,2008
634,23,37,2008
247,23,8,2008
516,23,7,2008
195,23,48,2008
1616,23,1,2008
520,23,20,2008
51,23,30,2008
120,23,11,2008
123,23,27,2008
18,23,33,2008
107,23,36,2008
64,23,13,2008
350,23,25,2008
1531,23,2,2008
5,23,45,2008
785,23,42,2008
246,23,3,2008
127,23,44,2008
394,23,19,2008
83,23,40,2008
583,23,32,2008
70,23,14,2008
2053,23,15,2008
80,23,22,2008
56,23,29,2008
1253,23,4,2008
402,23,12,2008
122,23,5,2008
233,23,43,2008
27,23,24,2008
243,15,17,2008
481,15,34,2008
774,15,46,2008
1669,15,16,2008
724,15,21,2008
89,15,49,2008
20,15,39,2008
28,15,35,2008
997,15,10,2008
679,15,18,2008
44,15,9,2008
437,15,28,2008
183,15,47,2008
243,15,31,2008
293,15,26,2008
190,15,41,2008
1370,15,6,2008
42,15,38,2008
236,15,37,2008
185,15,8,2008
244,15,7,2008
189,15,48,2008
199,15,1,2008
633,15,20,2008
62,15,30,2008
118,15,11,2008
231,15,27,2008
16,15,33,2008
110,15,36,2008
465,15,13,2008
393,15,25,2008
507,15,2,2008
50,15,45,2008
190,15,42,2008
1283,15,3,2008
138,15,44,2008
205,15,19,2008
8,15,40,2008
174,15,32,2008
36,15,14,2008
294,15,23,2008
278,15,22,2008
15,15,29,2008
467,15,4,2008
441,15,12,2008
24,15,5,2008
152,15,43,2008
41,15,24,2008
330,22,17,2008
1748,22,34,2008
18,22,46,2008
3594,22,16,2008
1802,22,21,2008
21,22,49,2008
426,22,10,2008
245,22,18,2008
3654,22,9,2008
495,22,28,2008
215,22,47,2008
410,22,31,2008
285,22,26,2008
390,22,41,2008
12,22,6,2008
95,22,38,2008
498,22,37,2008
374,22,8,2008
467,22,7,2008
593,22,48,2008
507,22,1,2008
394,22,20,2008
200,22,30,2008
95,22,11,2008
1649,22,27,2008
72,22,33,2008
92,22,36,2008
92,22,13,2008
607,22,25,2008
269,22,2,2008
70,22,45,2008
261,22,42,2008
129,22,3,2008
626,22,44,2008
371,22,19,2008
69,22,40,2008
42,22,32,2008
49,22,14,2008
193,22,23,2008
1693,22,15,2008
50,22,29,2008
893,22,4,2008
965,22,12,2008
30,22,5,2008
109,22,43,2008
1065,22,24,2008
348,29,34,2008
1425,29,16,2008
514,29,21,2008
2487,29,49,2008
3647,29,10,2008
544,29,18,2008
460,29,9,2008
100,29,28,2008
161,29,47,2008
303,29,26,2008
1268,29,41,2008
161,29,6,2008
2687,29,38,2008
677,29,37,2008
3473,29,8,2008
308,29,7,2008
20,29,48,2008
993,29,20,2008
86,29,27,2008
5788,29,33,2008
575,29,36,2008
5344,29,25,2008
608,29,2,2008
15,29,45,2008
273,29,42,2008
1554,29,19,2008
281,29,40,2008
1412,29,32,2008
578,29,23,2008
210,29,15,2008
196,29,22,2008
1038,29,4,2008
832,29,12,2008
41,29,43,2008
366,4,17,2008
418,4,34,2008
320,4,46,2008
1696,4,16,2008
424,4,21,2008
449,4,49,2008
371,4,39,2008
850,4,35,2008
2930,4,10,2008
1063,4,18,2008
40,4,9,2008
813,4,28,2008
327,4,47,2008
133,4,31,2008
282,4,26,2008
277,4,41,2008
199,4,6,2008
123,4,38,2008
2608,4,37,2008
421,4,8,2008
348,4,7,2008
266,4,48,2008
413,4,1,2008
259,4,20,2008
79,4,30,2008
59,4,11,2008
207,4,27,2008
61,4,33,2008
418,4,36,2008
193,4,13,2008
1147,4,25,2008
3133,4,2,2008
4,4,45,2008
718,4,42,2008
169,4,3,2008
248,4,44,2008
1430,4,19,2008
166,4,40,2008
1166,4,32,2008
27,4,14,2008
925,4,23,2008
1887,4,15,2008
187,4,22,2008
96,4,29,2008
710,4,12,2008
1017,4,5,2008
172,4,43,2008
259,12,17,2008
1763,12,34,2008
143,12,46,2008
4401,12,16,2008
730,12,21,2008
167,12,49,2008
81,12,39,2008
43,12,35,2008
919,12,10,2008
389,12,18,2008
1405,12,9,2008
501,12,28,2008
243,12,47,2008
79,12,31,2008
291,12,26,2008
261,12,41,2008
129,12,6,2008
11,12,38,2008
145,12,37,2008
236,12,8,2008
103,12,7,2008
385,12,48,2008
68,12,1,2008
351,12,20,2008
974,12,30,2008
121,12,11,2008
596,12,27,2008
104,12,36,2008
203,12,13,2008
423,12,25,2008
935,12,2,2008
151,12,45,2008
601,12,42,2008
331,12,3,2008
2716,12,44,2008
240,12,19,2008
42,12,40,2008
200,12,32,2008
110,12,14,2008
121,12,23,2008
1452,12,15,2008
434,12,22,2008
26,12,29,2008
779,12,4,2008
38,12,5,2008
245,12,43,2008
78,12,24,2008
64,5,17,2008
191,5,34,2008
247,5,46,2008
739,5,16,2008
245,5,21,2008
45,5,49,2008
49,5,39,2008
228,5,35,2008
1175,5,10,2008
787,5,18,2008
311,5,28,2008
676,5,47,2008
110,5,26,2008
812,5,41,2008
115,5,6,2008
2419,5,37,2008
247,5,8,2008
569,5,7,2008
126,5,48,2008
204,5,1,2008
348,5,20,2008
623,5,30,2008
79,5,11,2008
39,5,27,2008
509,5,25,2008
2389,5,2,2008
26,5,45,2008
3009,5,42,2008
397,5,3,2008
56,5,44,2008
2258,5,19,2008
173,5,40,2008
221,5,32,2008
27,5,14,2008
1325,5,23,2008
1021,5,15,2008
37,5,22,2008
27,5,29,2008
4650,5,4,2008
292,5,12,2008
117,5,43,2008
245,43,17,2008
490,43,34,2008
257,43,46,2008
826,43,16,2008
613,43,21,2008
235,43,49,2008
25,43,39,2008
34,43,35,2008
989,43,10,2008
460,43,18,2008
96,43,9,2008
2938,43,28,2008
639,43,47,2008
494,43,31,2008
212,43,26,2008
217,43,41,2008
274,43,6,2008
163,43,37,2008
141,43,8,2008
1104,43,7,2008
3006,43,48,2008
133,43,1,2008
350,43,20,2008
217,43,30,2008
195,43,11,2008
203,43,27,2008
45,43,33,2008
144,43,36,2008
75,43,13,2008
145,43,25,2008
164,43,2,2008
60,43,45,2008
217,43,42,2008
78,43,3,2008
291,43,44,2008
188,43,19,2008
11,43,40,2008
161,43,32,2008
102,43,14,2008
488,43,23,2008
1326,43,15,2008
452,43,22,2008
374,43,4,2008
333,43,12,2008
8,43,5,2008
31,43,24,2008
161,24,17,2008
3013,24,34,2008
272,24,46,2008
2807,24,16,2008
9272,24,21,2008
728,24,49,2008
193,24,39,2008
876,24,10,2008
974,24,18,2008
3472,24,9,2008
118,24,28,2008
416,24,31,2008
673,24,26,2008
442,24,41,2008
2315,24,6,2008
248,24,7,2008
333,24,48,2008
2448,24,20,2008
1440,24,30,2008
807,24,11,2008
405,24,27,2008
189,24,36,2008
1215,24,13,2008
503,24,25,2008
260,24,2,2008
742,24,45,2008
223,24,42,2008
1514,24,3,2008
1119,24,44,2008
193,24,19,2008
317,24,40,2008
327,24,14,2008
462,24,23,2008
5610,24,15,2008
8014,24,22,2008
47,24,29,2008
664,24,4,2008
464,24,12,2008
58,24,5,2008
83,24,43,2008
81,17,34,2009
92,17,46,2009
603,17,16,2009
370,17,21,2009
410,17,49,2009
76,17,39,2009
42,17,35,2009
1918,17,10,2009
3824,17,18,2009
15,17,9,2009
409,17,28,2009
570,17,47,2009
54,17,31,2009
276,17,26,2009
397,17,41,2009
431,17,6,2009
3,17,38,2009
233,17,37,2009
86,17,8,2009
696,17,7,2009
109,17,48,2009
1347,17,1,2009
559,17,20,2009
12,17,11,2009
96,17,27,2009
72,17,33,2009
52,17,36,2009
505,17,13,2009
548,17,25,2009
1066,17,2,2009
65,17,45,2009
486,17,42,2009
274,17,3,2009
246,17,44,2009
147,17,19,2009
511,17,32,2009
37,17,14,2009
1980,17,23,2009
1784,17,15,2009
70,17,22,2009
13,17,29,2009
603,17,4,2009
246,17,12,2009
206,17,5,2009
119,17,43,2009
184,34,17,2009
213,34,46,2009
5312,34,16,2009
1463,34,21,2009
98,34,49,2009
77,34,39,2009
4,34,35,2009
952,34,10,2009
272,34,18,2009
737,34,9,2009
817,34,28,2009
591,34,47,2009
334,34,31,2009
419,34,26,2009
314,34,41,2009
263,34,6,2009
101,34,38,2009
487,34,37,2009
212,34,8,2009
487,34,7,2009
401,34,48,2009
37,34,1,2009
510,34,20,2009
278,34,30,2009
307,34,11,2009
1198,34,27,2009
32,34,33,2009
198,34,36,2009
1467,34,13,2009
639,34,25,2009
470,34,2,2009
121,34,45,2009
600,34,42,2009
686,34,3,2009
754,34,44,2009
389,34,19,2009
69,34,40,2009
215,34,32,2009
56,34,14,2009
568,34,23,2009
3318,34,15,2009
1608,34,22,2009
7,34,29,2009
881,34,4,2009
1483,34,12,2009
145,34,5,2009
362,34,43,2009
118,34,24,2009
127,46,17,2009
622,46,34,2009
1211,46,16,2009
842,46,21,2009
4,46,49,2009
36,46,35,2009
756,46,10,2009
588,46,18,2009
200,46,9,2009
705,46,28,2009
298,46,47,2009
201,46,31,2009
442,46,26,2009
232,46,41,2009
659,46,6,2009
108,46,37,2009
125,46,8,2009
186,46,7,2009
203,46,48,2009
1311,46,1,2009
1983,46,20,2009
45,46,30,2009
95,46,11,2009
245,46,27,2009
89,46,33,2009
99,46,13,2009
259,46,25,2009
520,46,2,2009
1,46,45,2009
318,46,42,2009
2625,46,3,2009
156,46,44,2009
273,46,19,2009
189,46,32,2009
19,46,14,2009
2003,46,23,2009
3715,46,15,2009
31,46,22,2009
15,46,29,2009
206,46,4,2009
242,46,12,2009
109,46,5,2009
124,46,43,2009
102,46,24,2009
119,16,17,2009
1257,16,34,2009
129,16,46,2009
568,16,21,2009
135,16,49,2009
15,16,39,2009
79,16,35,2009
595,16,10,2009
454,16,18,2009
270,16,9,2009
343,16,28,2009
155,16,47,2009
94,16,31,2009
181,16,26,2009
79,16,41,2009
67,16,6,2009
35,16,38,2009
177,16,37,2009
321,16,8,2009
180,16,7,2009
117,16,48,2009
63,16,1,2009
201,16,20,2009
66,16,30,2009
114,16,11,2009
1065,16,27,2009
32,16,33,2009
164,16,36,2009
226,16,13,2009
614,16,25,2009
349,16,2,2009
36,16,45,2009
208,16,42,2009
248,16,3,2009
859,16,44,2009
266,16,19,2009
54,16,40,2009
141,16,32,2009
64,16,14,2009
202,16,23,2009
1641,16,15,2009
418,16,22,2009
21,16,29,2009
459,16,4,2009
1143,16,12,2009
4,16,5,2009
116,16,43,2009
42,16,24,2009
235,21,17,2009
1552,21,34,2009
494,21,46,2009
3328,21,16,2009
359,21,49,2009
35,21,39,2009
100,21,35,2009
2039,21,10,2009
776,21,18,2009
264,21,9,2009
930,21,28,2009
574,21,47,2009
533,21,31,2009
838,21,26,2009
222,21,41,2009
99,21,6,2009
107,21,38,2009
254,21,37,2009
419,21,8,2009
318,21,7,2009
480,21,48,2009
114,21,1,2009
545,21,20,2009
389,21,30,2009
474,21,11,2009
454,21,27,2009
103,21,33,2009
103,21,36,2009
647,21,13,2009
603,21,25,2009
590,21,2,2009
92,21,45,2009
354,21,42,2009
868,21,3,2009
585,21,44,2009
640,21,19,2009
288,21,32,2009
198,21,14,2009
342,21,23,2009
3912,21,15,2009
1382,21,22,2009
158,21,29,2009
734,21,4,2009
985,21,12,2009
151,21,5,2009
554,21,43,2009
918,21,24,2009
36,49,17,2009
396,49,34,2009
42,49,46,2009
1370,49,16,2009
375,49,21,2009
226,49,39,2009
80,49,35,2009
2806,49,10,2009
934,49,18,2009
132,49,9,2009
263,49,28,2009
111,49,47,2009
295,49,31,2009
53,49,41,2009
9,49,6,2009
389,49,38,2009
808,49,37,2009
3104,49,8,2009
180,49,7,2009
237,49,48,2009
206,49,1,2009
223,49,20,2009
10,49,30,2009
80,49,11,2009
107,49,27,2009
590,49,33,2009
1213,49,36,2009
11,49,13,2009
3498,49,25,2009
1304,49,2,2009
23,49,45,2009
325,49,42,2009
219,49,44,2009
1271,49,19,2009
852,49,40,2009
824,49,32,2009
3,49,14,2009
132,49,23,2009
640,49,15,2009
32,49,22,2009
378,49,29,2009
1489,49,4,2009
316,49,12,2009
159,49,43,2009
235,39,17,2009
145,39,34,2009
503,39,16,2009
281,39,21,2009
454,39,49,2009
634,39,35,2009
3287,39,10,2009
740,39,18,2009
832,39,28,2009
96,39,47,2009
94,39,31,2009
152,39,41,2009
193,39,6,2009
54,39,38,2009
4374,39,37,2009
72,39,8,2009
364,39,7,2009
98,39,1,2009
91,39,20,2009
87,39,11,2009
2993,39,36,2009
54,39,13,2009
992,39,25,2009
2100,39,2,2009
664,39,42,2009
47,39,3,2009
6452,39,19,2009
68,39,40,2009
1117,39,32,2009
391,39,23,2009
2107,39,15,2009
555,39,22,2009
1373,39,4,2009
123,39,12,2009
222,39,5,2009
73,39,43,2009
163,35,17,2009
1470,35,34,2009
3223,35,16,2009
1746,35,21,2009
394,35,49,2009
135,35,39,2009
2551,35,10,2009
1075,35,18,2009
2050,35,28,2009
295,35,47,2009
508,35,31,2009
122,35,26,2009
292,35,41,2009
272,35,6,2009
35010,35,37,2009
2851,35,8,2009
92,35,7,2009
228,35,48,2009
72,35,1,2009
655,35,20,2009
114,35,11,2009
275,35,27,2009
1420,35,36,2009
604,35,13,2009
5903,35,25,2009
2732,35,2,2009
360,35,42,2009
143,35,3,2009
467,35,44,2009
3557,35,19,2009
176,35,40,2009
545,35,32,2009
1026,35,23,2009
2144,35,15,2009
419,35,22,2009
251,35,29,2009
13267,35,4,2009
408,35,12,2009
376,35,5,2009
838,10,17,2009
261,10,34,2009
173,10,46,2009
995,10,16,2009
375,10,21,2009
333,10,49,2009
48,10,39,2009
120,10,35,2009
2290,10,18,2009
113,10,9,2009
927,10,28,2009
415,10,47,2009
74,10,31,2009
201,10,26,2009
405,10,41,2009
484,10,6,2009
94,10,38,2009
591,10,37,2009
727,10,8,2009
653,10,7,2009
165,10,48,2009
286,10,1,2009
360,10,20,2009
120,10,30,2009
215,10,11,2009
288,10,27,2009
97,10,33,2009
739,10,36,2009
101,10,13,2009
1638,10,25,2009
1297,10,2,2009
51,10,45,2009
723,10,42,2009
217,10,3,2009
180,10,44,2009
815,10,19,2009
110,10,40,2009
628,10,32,2009
52,10,14,2009
754,10,23,2009
2024,10,15,2009
137,10,22,2009
42,10,29,2009
972,10,4,2009
359,10,12,2009
245,10,5,2009
238,10,43,2009
45,10,24,2009
2150,18,17,2009
625,18,34,2009
112,18,46,2009
1113,18,16,2009
463,18,21,2009
228,18,49,2009
82,18,39,2009
92,18,35,2009
3483,18,10,2009
34,18,9,2009
658,18,28,2009
282,18,47,2009
167,18,31,2009
305,18,26,2009
497,18,41,2009
514,18,6,2009
71,18,38,2009
585,18,37,2009
201,18,8,2009
294,18,7,2009
236,18,48,2009
533,18,1,2009
361,18,20,2009
61,18,30,2009
105,18,11,2009
145,18,27,2009
37,18,33,2009
510,18,36,2009
138,18,13,2009
841,18,25,2009
1494,18,2,2009
40,18,45,2009
491,18,42,2009
348,18,3,2009
37,18,44,2009
560,18,19,2009
73,18,40,2009
1819,18,32,2009
2,18,14,2009
1570,18,23,2009
1996,18,15,2009
153,18,22,2009
11,18,29,2009
1100,18,4,2009
519,18,12,2009
143,18,5,2009
144,18,43,2009
40,18,24,2009
682,9,17,2009
1742,9,34,2009
317,9,46,2009
4740,9,16,2009
920,9,21,2009
367,9,10,2009
320,9,18,2009
458,9,28,2009
755,9,47,2009
199,9,31,2009
246,9,26,2009
82,9,41,2009
683,9,6,2009
647,9,37,2009
94,9,8,2009
159,9,7,2009
26,9,48,2009
197,9,20,2009
1028,9,30,2009
112,9,11,2009
1941,9,27,2009
217,9,36,2009
127,9,13,2009
386,9,25,2009
75,9,2,2009
163,9,45,2009
612,9,42,2009
120,9,3,2009
3686,9,44,2009
479,9,19,2009
55,9,40,2009
312,9,32,2009
100,9,14,2009
564,9,23,2009
1466,9,15,2009
5038,9,22,2009
16,9,29,2009
779,9,4,2009
5174,9,12,2009
337,9,5,2009
415,9,43,2009
790,9,24,2009
247,28,17,2009
1021,28,34,2009
292,28,46,2009
1278,28,16,2009
442,28,21,2009
117,28,49,2009
56,28,39,2009
106,28,35,2009
1439,28,10,2009
745,28,18,2009
27,28,9,2009
2194,28,47,2009
933,28,31,2009
205,28,26,2009
354,28,41,2009
107,28,6,2009
32,28,38,2009
212,28,37,2009
492,28,8,2009
882,28,7,2009
431,28,48,2009
321,28,1,2009
1654,28,20,2009
68,28,30,2009
114,28,11,2009
190,28,27,2009
41,28,33,2009
195,28,36,2009
140,28,13,2009
543,28,25,2009
366,28,2,2009
44,28,45,2009
535,28,42,2009
180,28,3,2009
117,28,44,2009
290,28,19,2009
4,28,40,2009
194,28,32,2009
76,28,14,2009
346,28,23,2009
1803,28,15,2009
105,28,22,2009
24,28,29,2009
498,28,4,2009
303,28,12,2009
46,28,5,2009
1646,28,43,2009
13,28,24,2009
607,47,17,2009
769,47,34,2009
159,47,46,2009
987,47,16,2009
866,47,21,2009
89,47,49,2009
9,47,39,2009
2250,47,10,2009
1086,47,18,2009
17,47,9,2009
3030,47,28,2009
345,47,31,2009
409,47,26,2009
1658,47,41,2009
183,47,6,2009
195,47,37,2009
278,47,8,2009
1009,47,7,2009
185,47,48,2009
79,47,1,2009
455,47,20,2009
46,47,30,2009
30,47,11,2009
144,47,27,2009
49,47,33,2009
83,47,36,2009
220,47,13,2009
395,47,25,2009
450,47,2,2009
27,47,45,2009
1572,47,42,2009
120,47,3,2009
46,47,44,2009
272,47,19,2009
250,47,32,2009
959,47,23,2009
1403,47,15,2009
80,47,22,2009
8,47,29,2009
374,47,4,2009
271,47,12,2009
178,47,5,2009
379,47,43,2009
25,47,24,2009
150,31,17,2009
1055,31,34,2009
95,31,46,2009
1172,31,16,2009
934,31,21,2009
10,31,35,2009
658,31,10,2009
386,31,18,2009
112,31,9,2009
3641,31,28,2009
319,31,47,2009
714,31,26,2009
266,31,41,2009
58,31,6,2009
19,31,38,2009
86,31,37,2009
234,31,7,2009
1880,31,48,2009
37,31,1,2009
1797,31,20,2009
11,31,30,2009
2320,31,11,2009
160,31,27,2009
41,31,36,2009
212,31,13,2009
277,31,25,2009
479,31,2,2009
168,31,45,2009
243,31,42,2009
776,31,3,2009
159,31,44,2009
114,31,19,2009
106,31,32,2009
832,31,14,2009
297,31,23,2009
778,31,15,2009
315,31,22,2009
65,31,29,2009
327,31,4,2009
522,31,12,2009
864,31,43,2009
30,31,24,2009
159,26,17,2009
861,26,34,2009
971,26,46,2009
1673,26,16,2009
1376,26,21,2009
268,26,49,2009
16,26,39,2009
33,26,35,2009
1056,26,10,2009
515,26,18,2009
205,26,9,2009
812,26,28,2009
248,26,47,2009
808,26,31,2009
582,26,41,2009
360,26,6,2009
496,26,37,2009
73,26,8,2009
293,26,7,2009
326,26,48,2009
231,26,1,2009
6562,26,20,2009
1673,26,11,2009
121,26,27,2009
23,26,33,2009
21,26,36,2009
81,26,13,2009
234,26,25,2009
1043,26,2,2009
39,26,45,2009
532,26,42,2009
1992,26,3,2009
406,26,44,2009
470,26,19,2009
90,26,32,2009
134,26,14,2009
530,26,23,2009
3751,26,15,2009
283,26,22,2009
779,26,4,2009
252,26,12,2009
523,26,43,2009
153,26,24,2009
405,41,17,2009
190,41,34,2009
387,41,46,2009
459,41,16,2009
113,41,21,2009
108,41,49,2009
26,41,35,2009
1540,41,10,2009
1645,41,18,2009
17,41,9,2009
878,41,28,2009
1961,41,47,2009
257,41,31,2009
177,41,26,2009
170,41,6,2009
367,41,37,2009
100,41,8,2009
495,41,7,2009
129,41,48,2009
188,41,1,2009
772,41,20,2009
39,41,30,2009
57,41,11,2009
147,41,27,2009
13,41,36,2009
28,41,13,2009
416,41,25,2009
1331,41,2,2009
75,41,45,2009
2412,41,42,2009
329,41,3,2009
446,41,44,2009
522,41,19,2009
30,41,40,2009
508,41,32,2009
6,41,14,2009
2270,41,23,2009
930,41,15,2009
104,41,22,2009
8,41,29,2009
519,41,4,2009
182,41,12,2009
667,41,5,2009
80,41,43,2009
918,6,17,2009
383,6,34,2009
1079,6,46,2009
697,6,16,2009
264,6,21,2009
25,6,49,2009
19,6,39,2009
1070,6,10,2009
823,6,18,2009
44,6,9,2009
387,6,28,2009
218,6,47,2009
254,6,31,2009
355,6,26,2009
162,6,41,2009
114,6,38,2009
139,6,37,2009
14,6,8,2009
261,6,7,2009
1572,6,1,2009
335,6,20,2009
31,6,30,2009
25,6,11,2009
63,6,27,2009
12,6,33,2009
38,6,36,2009
9,6,13,2009
335,6,25,2009
420,6,2,2009
18,6,45,2009
197,6,42,2009
368,6,3,2009
282,6,44,2009
189,6,19,2009
14,6,40,2009
467,6,32,2009
3,6,14,2009
989,6,23,2009
5817,6,15,2009
13,6,22,2009
84,6,29,2009
458,6,4,2009
213,6,12,2009
113,6,43,2009
71,6,24,2009
534,38,17,2009
607,38,34,2009
319,38,46,2009
915,38,16,2009
481,38,21,2009
176,38,49,2009
54,38,39,2009
293,38,35,2009
3566,38,10,2009
205,38,18,2009
269,38,9,2009
314,38,28,2009
155,38,47,2009
234,38,31,2009
3,38,26,2009
110,38,41,2009
219,38,6,2009
924,38,37,2009
3184,38,8,2009
28,38,7,2009
26,38,48,2009
95,38,1,2009
383,38,20,2009
15,38,30,2009
1349,38,33,2009
442,38,36,2009
47,38,13,2009
1172,38,25,2009
1007,38,2,2009
324,38,42,2009
30,38,3,2009
222,38,44,2009
751,38,19,2009
301,38,40,2009
364,38,32,2009
176,38,14,2009
607,38,23,2009
563,38,15,2009
117,38,22,2009
750,38,29,2009
2177,38,4,2009
345,38,12,2009
40,38,5,2009
17,38,43,2009
467,37,17,2009
218,37,34,2009
112,37,46,2009
2056,37,16,2009
336,37,21,2009
483,37,49,2009
789,37,39,2009
1720,37,35,2009
1174,37,10,2009
1464,37,18,2009
54,37,9,2009
291,37,28,2009
133,37,47,2009
33,37,31,2009
137,37,26,2009
219,37,41,2009
202,37,6,2009
41,37,38,2009
515,37,8,2009
287,37,7,2009
129,37,48,2009
74,37,1,2009
171,37,20,2009
31,37,30,2009
61,37,11,2009
56,37,27,2009
77,37,33,2009
533,37,36,2009
115,37,13,2009
1206,37,25,2009
1653,37,2,2009
50,37,45,2009
565,37,42,2009
306,37,3,2009
32,37,44,2009
3252,37,19,2009
130,37,40,2009
292,37,32,2009
328,37,23,2009
1554,37,15,2009
91,37,22,2009
21,37,29,2009
4530,37,4,2009
419,37,12,2009
711,37,5,2009
115,37,43,2009
15,8,17,2009
268,8,34,2009
34,8,46,2009
1548,8,16,2009
387,8,21,2009
1239,8,49,2009
275,8,39,2009
165,8,35,2009
1967,8,10,2009
689,8,18,2009
27,8,9,2009
535,8,28,2009
69,8,47,2009
29,8,31,2009
107,8,26,2009
199,8,41,2009
43,8,6,2009
535,8,38,2009
501,8,37,2009
215,8,7,2009
38,8,48,2009
48,8,1,2009
109,8,20,2009
36,8,30,2009
47,8,11,2009
29,8,27,2009
2281,8,33,2009
606,8,36,2009
125,8,13,2009
2625,8,25,2009
863,8,2,2009
511,8,42,2009
79,8,3,2009
201,8,44,2009
810,8,19,2009
1057,8,40,2009
290,8,32,2009
7,8,14,2009
130,8,23,2009
633,8,15,2009
185,8,22,2009
295,8,29,2009
764,8,4,2009
268,8,12,2009
18,8,5,2009
42,8,43,2009
18,8,24,2009
401,7,17,2009
1105,7,34,2009
192,7,46,2009
1087,7,16,2009
575,7,21,2009
62,7,49,2009
26,7,39,2009
26,7,35,2009
1968,7,10,2009
928,7,18,2009
33,7,9,2009
1184,7,28,2009
1253,7,47,2009
121,7,31,2009
276,7,26,2009
481,7,41,2009
139,7,6,2009
427,7,37,2009
356,7,8,2009
189,7,48,2009
226,7,1,2009
233,7,20,2009
30,7,30,2009
148,7,11,2009
254,7,27,2009
21,7,33,2009
80,7,36,2009
69,7,13,2009
755,7,25,2009
962,7,2,2009
64,7,45,2009
1544,7,42,2009
90,7,3,2009
164,7,44,2009
448,7,19,2009
18,7,40,2009
339,7,32,2009
51,7,14,2009
707,7,23,2009
1259,7,15,2009
91,7,22,2009
10,7,29,2009
731,7,4,2009
488,7,12,2009
211,7,5,2009
552,7,43,2009
164,7,24,2009
116,48,17,2009
1160,48,34,2009
212,48,46,2009
1341,48,16,2009
846,48,21,2009
2,48,49,2009
36,48,35,2009
946,48,10,2009
381,48,18,2009
73,48,9,2009
896,48,28,2009
163,48,47,2009
1031,48,31,2009
334,48,26,2009
146,48,41,2009
59,48,6,2009
49,48,38,2009
170,48,37,2009
254,48,8,2009
233,48,7,2009
45,48,1,2009
334,48,20,2009
78,48,30,2009
330,48,11,2009
350,48,27,2009
135,48,36,2009
97,48,13,2009
361,48,25,2009
205,48,2,2009
2554,48,45,2009
520,48,42,2009
105,48,3,2009
265,48,44,2009
189,48,19,2009
31,48,40,2009
119,48,32,2009
1025,48,14,2009
167,48,23,2009
1332,48,15,2009
228,48,22,2009
9,48,29,2009
193,48,4,2009
380,48,12,2009
15,48,5,2009
3189,48,43,2009
67,48,24,2009
2673,1,17,2009
130,1,34,2009
1029,1,46,2009
846,1,16,2009
318,1,21,2009
87,1,49,2009
1580,1,10,2009
1651,1,18,2009
9,1,9,2009
306,1,28,2009
100,1,47,2009
214,1,31,2009
215,1,26,2009
365,1,41,2009
3491,1,6,2009
6,1,38,2009
493,1,37,2009
55,1,8,2009
502,1,7,2009
90,1,48,2009
544,1,20,2009
132,1,30,2009
140,1,11,2009
190,1,27,2009
62,1,33,2009
99,1,36,2009
146,1,13,2009
69,1,25,2009
1004,1,2,2009
38,1,45,2009
295,1,42,2009
446,1,3,2009
31,1,44,2009
430,1,19,2009
83,1,40,2009
272,1,32,2009
33,1,14,2009
2940,1,23,2009
2130,1,15,2009
64,1,22,2009
514,1,4,2009
454,1,12,2009
300,1,5,2009
265,1,43,2009
178,20,17,2009
601,20,34,2009
1276,20,46,2009
1442,20,16,2009
681,20,21,2009
32,20,49,2009
17,20,35,2009
1136,20,10,2009
480,20,18,2009
46,20,9,2009
1730,20,28,2009
396,20,47,2009
431,20,31,2009
4053,20,26,2009
429,20,41,2009
162,20,6,2009
19,20,38,2009
400,20,37,2009
268,20,8,2009
406,20,7,2009
164,20,48,2009
205,20,1,2009
44,20,30,2009
495,20,11,2009
198,20,27,2009
21,20,33,2009
52,20,36,2009
323,20,13,2009
371,20,25,2009
657,20,2,2009
10,20,45,2009
424,20,42,2009
918,20,3,2009
66,20,44,2009
186,20,19,2009
280,20,32,2009
35,20,14,2009
541,20,23,2009
2158,20,15,2009
187,20,22,2009
25,20,29,2009
232,20,4,2009
648,20,12,2009
72,20,5,2009
233,20,43,2009
280,20,24,2009
460,30,17,2009
1159,30,34,2009
2121,30,16,2009
1295,30,21,2009
75,30,49,2009
66,30,35,2009
835,30,10,2009
655,30,18,2009
1729,30,9,2009
100,30,28,2009
26,30,47,2009
314,30,31,2009
235,30,26,2009
241,30,41,2009
92,30,6,2009
290,30,8,2009
92,30,7,2009
667,30,48,2009
305,30,20,2009
230,30,11,2009
348,30,27,2009
456,30,33,2009
770,30,13,2009
897,30,25,2009
50,30,2,2009
1704,30,45,2009
241,30,42,2009
139,30,3,2009
2183,30,44,2009
90,30,19,2009
65,30,40,2009
185,30,32,2009
1772,30,14,2009
1358,30,15,2009
1697,30,22,2009
528,30,4,2009
3078,30,12,2009
177,30,43,2009
1674,30,24,2009
1762,11,34,2009
108,11,46,2009
1311,11,16,2009
2250,11,21,2009
32,11,39,2009
31,11,35,2009
683,11,10,2009
270,11,18,2009
96,11,9,2009
95,11,28,2009
327,11,47,2009
4033,11,31,2009
1586,11,26,2009
89,11,41,2009
53,11,6,2009
30,11,37,2009
285,11,7,2009
812,11,48,2009
1031,11,20,2009
16,11,30,2009
148,11,27,2009
74,11,36,2009
510,11,13,2009
172,11,25,2009
124,11,2,2009
54,11,45,2009
262,11,42,2009
238,11,3,2009
333,11,44,2009
129,11,19,2009
7,11,40,2009
194,11,32,2009
1094,11,14,2009
547,11,23,2009
1833,11,15,2009
643,11,22,2009
31,11,29,2009
1012,11,4,2009
194,11,12,2009
92,11,5,2009
171,11,43,2009
1017,11,24,2009
209,27,17,2009
3206,27,34,2009
769,27,46,2009
11964,27,16,2009
1968,27,21,2009
56,27,49,2009
54,27,35,2009
1251,27,10,2009
722,27,18,2009
1050,27,9,2009
919,27,28,2009
104,27,47,2009
485,27,31,2009
733,27,26,2009
96,27,41,2009
321,27,6,2009
76,27,37,2009
153,27,8,2009
584,27,7,2009
358,27,48,2009
193,27,1,2009
684,27,20,2009
412,27,30,2009
143,27,11,2009
110,27,36,2009
1211,27,13,2009
1160,27,25,2009
798,27,2,2009
76,27,45,2009
556,27,42,2009
504,27,3,2009
1503,27,44,2009
888,27,19,2009
31,27,40,2009
236,27,32,2009
36,27,14,2009
183,27,23,2009
2261,27,15,2009
1950,27,22,2009
11,27,29,2009
557,27,4,2009
1510,27,12,2009
38,27,5,2009
361,27,43,2009
86,27,24,2009
75,33,17,2009
846,33,34,2009
125,33,46,2009
1379,33,16,2009
438,33,21,2009
2226,33,49,2009
207,33,39,2009
54,33,35,2009
4473,33,10,2009
127,33,18,2009
227,33,28,2009
1183,33,47,2009
132,33,26,2009
628,33,41,2009
2578,33,38,2009
470,33,37,2009
8182,33,8,2009
253,33,7,2009
56,33,48,2009
26,33,30,2009
309,33,11,2009
579,33,27,2009
362,33,36,2009
1735,33,25,2009
1325,33,2,2009
625,33,42,2009
21,33,3,2009
388,33,19,2009
808,33,40,2009
941,33,32,2009
319,33,23,2009
625,33,15,2009
156,33,22,2009
2907,33,29,2009
1404,33,4,2009
259,33,12,2009
71,33,43,2009
75,36,17,2009
237,36,34,2009
35,36,46,2009
697,36,16,2009
175,36,21,2009
274,36,49,2009
437,36,39,2009
140,36,35,2009
1781,36,10,2009
569,36,18,2009
47,36,9,2009
260,36,28,2009
91,36,47,2009
28,36,31,2009
193,36,26,2009
32,36,41,2009
77,36,6,2009
106,36,38,2009
773,36,37,2009
778,36,8,2009
250,36,7,2009
92,36,48,2009
26,36,1,2009
172,36,20,2009
6,36,30,2009
2,36,11,2009
57,36,27,2009
83,36,33,2009
99,36,13,2009
4162,36,25,2009
1507,36,2,2009
23,36,45,2009
248,36,42,2009
117,36,3,2009
89,36,44,2009
4318,36,19,2009
151,36,40,2009
536,36,32,2009
6,36,14,2009
186,36,23,2009
660,36,15,2009
43,36,22,2009
63,36,29,2009
1062,36,4,2009
223,36,12,2009
123,36,5,2009
46,36,43,2009
13,36,24,2009
195,13,17,2009
4217,13,34,2009
278,13,46,2009
3418,13,16,2009
3893,13,21,2009
58,13,49,2009
26,13,39,2009
811,13,10,2009
187,13,18,2009
252,13,9,2009
488,13,28,2009
172,13,47,2009
68,13,31,2009
554,13,26,2009
132,13,41,2009
155,13,6,2009
47,13,38,2009
369,13,37,2009
166,13,8,2009
61,13,7,2009
309,13,48,2009
26,13,1,2009
249,13,20,2009
228,13,30,2009
144,13,11,2009
747,13,27,2009
174,13,36,2009
604,13,25,2009
693,13,2,2009
163,13,45,2009
333,13,42,2009
1344,13,3,2009
553,13,44,2009
130,13,19,2009
364,13,32,2009
10,13,14,2009
427,13,23,2009
7400,13,15,2009
462,13,22,2009
71,13,29,2009
368,13,4,2009
815,13,12,2009
318,13,43,2009
96,13,24,2009
126,25,17,2009
246,25,34,2009
92,25,46,2009
1344,25,16,2009
205,25,21,2009
995,25,49,2009
172,25,39,2009
187,25,35,2009
2756,25,10,2009
647,25,18,2009
13,25,9,2009
477,25,28,2009
178,25,47,2009
49,25,31,2009
46,25,26,2009
236,25,41,2009
62,25,6,2009
100,25,38,2009
613,25,37,2009
1155,25,8,2009
236,25,7,2009
117,25,48,2009
21,25,1,2009
131,25,20,2009
19,25,30,2009
26,25,11,2009
84,25,27,2009
122,25,33,2009
2149,25,36,2009
15,25,13,2009
1075,25,2,2009
3,25,45,2009
538,25,42,2009
107,25,3,2009
50,25,44,2009
1644,25,19,2009
156,25,40,2009
554,25,32,2009
30,25,14,2009
276,25,23,2009
668,25,15,2009
91,25,22,2009
137,25,29,2009
952,25,4,2009
277,25,12,2009
57,25,5,2009
113,25,43,2009
4,25,24,2009
746,2,17,2009
417,2,34,2009
130,2,46,2009
1128,2,16,2009
476,2,21,2009
148,2,49,2009
33,2,39,2009
133,2,35,2009
2624,2,10,2009
1498,2,18,2009
96,2,9,2009
462,2,28,2009
123,2,47,2009
79,2,31,2009
154,2,26,2009
434,2,41,2009
142,2,6,2009
28,2,38,2009
855,2,37,2009
346,2,8,2009
314,2,7,2009
296,2,48,2009
123,2,1,2009
288,2,20,2009
59,2,30,2009
9,2,11,2009
251,2,27,2009
79,2,33,2009
365,2,36,2009
53,2,13,2009
1203,2,25,2009
31,2,45,2009
605,2,42,2009
218,2,3,2009
325,2,44,2009
858,2,19,2009
68,2,40,2009
2555,2,32,2009
59,2,14,2009
870,2,23,2009
1726,2,15,2009
24,2,22,2009
18,2,29,2009
2309,2,4,2009
328,2,12,2009
272,2,5,2009
223,2,43,2009
15,2,24,2009
57,45,17,2009
1539,45,34,2009
1098,45,16,2009
336,45,21,2009
850,45,10,2009
529,45,18,2009
336,45,9,2009
832,45,28,2009
2235,45,31,2009
626,45,26,2009
281,45,6,2009
226,45,8,2009
457,45,7,2009
10611,45,48,2009
114,45,1,2009
348,45,20,2009
1557,45,30,2009
1010,45,11,2009
944,45,27,2009
78,45,36,2009
287,45,13,2009
173,45,2,2009
343,45,42,2009
403,45,3,2009
376,45,19,2009
81,45,32,2009
2457,45,14,2009
1243,45,15,2009
315,45,4,2009
723,45,12,2009
392,45,5,2009
453,45,43,2009
280,45,24,2009
282,42,17,2009
418,42,34,2009
97,42,46,2009
663,42,16,2009
200,42,21,2009
126,42,49,2009
74,42,39,2009
32,42,35,2009
1849,42,10,2009
976,42,18,2009
50,42,9,2009
599,42,28,2009
1193,42,47,2009
72,42,31,2009
175,42,26,2009
1167,42,41,2009
150,42,6,2009
29,42,38,2009
304,42,37,2009
280,42,8,2009
1022,42,7,2009
120,42,48,2009
122,42,1,2009
337,42,20,2009
23,42,30,2009
16,42,11,2009
47,42,27,2009
46,42,33,2009
183,42,36,2009
84,42,13,2009
504,42,25,2009
1014,42,2,2009
27,42,45,2009
136,42,3,2009
105,42,44,2009
1063,42,19,2009
51,42,40,2009
607,42,32,2009
103,42,14,2009
643,42,23,2009
1031,42,15,2009
46,42,22,2009
28,42,29,2009
595,42,4,2009
181,42,12,2009
602,42,5,2009
226,42,43,2009
19,42,24,2009
350,3,17,2009
423,3,34,2009
2004,3,46,2009
735,3,16,2009
1118,3,21,2009
33,3,49,2009
15,3,35,2009
649,3,10,2009
627,3,18,2009
115,3,9,2009
479,3,28,2009
167,3,47,2009
338,3,31,2009
1855,3,26,2009
801,3,41,2009
563,3,6,2009
6,3,38,2009
226,3,37,2009
102,3,8,2009
218,3,7,2009
321,3,48,2009
243,3,1,2009
1139,3,20,2009
37,3,30,2009
60,3,11,2009
93,3,27,2009
73,3,36,2009
313,3,13,2009
472,3,25,2009
430,3,2,2009
101,3,42,2009
627,3,44,2009
207,3,19,2009
232,3,32,2009
137,3,14,2009
489,3,23,2009
6857,3,15,2009
177,3,22,2009
10,3,29,2009
223,3,4,2009
404,3,12,2009
30,3,5,2009
61,3,43,2009
49,3,24,2009
32,44,17,2009
1408,44,34,2009
207,44,46,2009
5542,44,16,2009
689,44,21,2009
41,44,49,2009
14,44,39,2009
74,44,35,2009
747,44,10,2009
857,44,18,2009
835,44,9,2009
118,44,28,2009
18,44,47,2009
41,44,31,2009
128,44,26,2009
102,44,41,2009
74,44,6,2009
72,44,38,2009
84,44,37,2009
173,44,8,2009
425,44,7,2009
283,44,48,2009
238,44,20,2009
459,44,30,2009
35,44,11,2009
851,44,27,2009
64,44,33,2009
51,44,36,2009
263,44,13,2009
210,44,25,2009
450,44,2,2009
31,44,45,2009
257,44,42,2009
542,44,3,2009
469,44,19,2009
14,44,40,2009
160,44,32,2009
144,44,14,2009
177,44,23,2009
1140,44,15,2009
797,44,22,2009
186,44,4,2009
6954,44,12,2009
179,44,43,2009
21,44,24,2009
79,19,17,2009
341,19,34,2009
18,19,46,2009
638,19,16,2009
205,19,21,2009
220,19,49,2009
713,19,39,2009
134,19,35,2009
1705,19,10,2009
455,19,18,2009
13,19,9,2009
343,19,28,2009
187,19,47,2009
50,19,31,2009
13,19,26,2009
266,19,41,2009
175,19,6,2009
50,19,38,2009
1102,19,37,2009
414,19,8,2009
165,19,7,2009
87,19,48,2009
44,19,1,2009
192,19,20,2009
15,19,30,2009
18,19,11,2009
84,19,27,2009
63,19,33,2009
1569,19,36,2009
35,19,13,2009
1727,19,25,2009
847,19,2,2009
15,19,45,2009
862,19,42,2009
92,19,3,2009
115,19,44,2009
77,19,40,2009
551,19,32,2009
23,19,14,2009
165,19,23,2009
774,19,15,2009
47,19,22,2009
67,19,29,2009
827,19,4,2009
87,19,12,2009
242,19,5,2009
76,19,43,2009
7,19,24,2009
425,40,17,2009
267,40,34,2009
1199,40,16,2009
426,40,21,2009
2014,40,49,2009
40,40,39,2009
64,40,35,2009
3293,40,10,2009
233,40,18,2009
61,40,9,2009
680,40,28,2009
131,40,47,2009
629,40,26,2009
140,40,6,2009
414,40,38,2009
641,40,37,2009
5992,40,8,2009
167,40,7,2009
180,40,1,2009
179,40,20,2009
64,40,30,2009
160,40,27,2009
1191,40,33,2009
506,40,36,2009
2485,40,25,2009
1629,40,2,2009
318,40,42,2009
139,40,3,2009
52,40,44,2009
1334,40,19,2009
402,40,32,2009
123,40,23,2009
1314,40,15,2009
100,40,22,2009
213,40,29,2009
1179,40,4,2009
432,40,12,2009
705,40,43,2009
101,40,24,2009
527,32,17,2009
197,32,34,2009
171,32,46,2009
1125,32,16,2009
413,32,21,2009
184,32,49,2009
95,32,39,2009
74,32,35,2009
2105,32,10,2009
2850,32,18,2009
2,32,9,2009
463,32,28,2009
297,32,47,2009
97,32,31,2009
91,32,26,2009
760,32,41,2009
200,32,6,2009
41,32,38,2009
714,32,37,2009
122,32,8,2009
365,32,7,2009
153,32,48,2009
111,32,1,2009
152,32,20,2009
28,32,30,2009
177,32,11,2009
286,32,36,2009
144,32,13,2009
835,32,25,2009
4826,32,2,2009
4,32,45,2009
749,32,42,2009
148,32,3,2009
24,32,44,2009
624,32,19,2009
131,32,40,2009
2,32,14,2009
745,32,23,2009
2019,32,15,2009
25,32,22,2009
8,32,29,2009
2150,32,4,2009
284,32,12,2009
262,32,5,2009
91,32,43,2009
21,32,24,2009
1459,14,34,2009
189,14,46,2009
1123,14,16,2009
1237,14,21,2009
72,14,39,2009
71,14,35,2009
1118,14,10,2009
247,14,18,2009
322,14,9,2009
371,14,28,2009
371,14,47,2009
4364,14,31,2009
1059,14,26,2009
420,14,6,2009
191,14,7,2009
4004,14,48,2009
144,14,1,2009
1617,14,20,2009
421,14,30,2009
1459,14,11,2009
423,14,27,2009
396,14,33,2009
268,14,25,2009
415,14,2,2009
1497,14,45,2009
969,14,42,2009
406,14,3,2009
781,14,19,2009
15,14,40,2009
224,14,32,2009
1666,14,15,2009
86,14,22,2009
46,14,29,2009
630,14,12,2009
187,14,5,2009
552,14,43,2009
2229,14,24,2009
1250,23,17,2009
33,23,34,2009
1206,23,46,2009
1103,23,16,2009
276,23,21,2009
80,23,49,2009
36,23,39,2009
14,23,35,2009
1876,23,10,2009
2117,23,18,2009
16,23,9,2009
778,23,28,2009
465,23,47,2009
50,23,31,2009
440,23,26,2009
2255,23,41,2009
719,23,6,2009
171,23,38,2009
457,23,37,2009
145,23,8,2009
416,23,7,2009
154,23,48,2009
1563,23,1,2009
513,23,20,2009
65,23,30,2009
49,23,11,2009
45,23,27,2009
20,23,33,2009
77,23,36,2009
8,23,13,2009
430,23,25,2009
1224,23,2,2009
15,23,45,2009
1262,23,42,2009
171,23,3,2009
163,23,44,2009
317,23,19,2009
123,23,40,2009
523,23,32,2009
11,23,14,2009
1648,23,15,2009
209,23,22,2009
19,23,29,2009
1715,23,4,2009
187,23,12,2009
68,23,5,2009
219,23,43,2009
119,23,24,2009
345,15,17,2009
486,15,34,2009
556,15,46,2009
1390,15,16,2009
761,15,21,2009
51,15,49,2009
16,15,39,2009
32,15,35,2009
779,15,10,2009
648,15,18,2009
69,15,9,2009
464,15,28,2009
273,15,47,2009
116,15,31,2009
337,15,26,2009
271,15,41,2009
984,15,6,2009
12,15,38,2009
263,15,37,2009
88,15,8,2009
243,15,7,2009
191,15,48,2009
199,15,1,2009
394,15,20,2009
35,15,30,2009
161,15,11,2009
197,15,27,2009
32,15,33,2009
133,15,36,2009
388,15,13,2009
406,15,25,2009
541,15,2,2009
50,15,45,2009
212,15,42,2009
1285,15,3,2009
223,15,44,2009
248,15,19,2009
12,15,40,2009
176,15,32,2009
30,15,14,2009
294,15,23,2009
188,15,22,2009
16,15,29,2009
505,15,4,2009
423,15,12,2009
50,15,5,2009
124,15,43,2009
53,15,24,2009
137,22,17,2009
2881,22,34,2009
179,22,46,2009
4828,22,16,2009
1894,22,21,2009
153,22,49,2009
178,22,39,2009
27,22,35,2009
904,22,10,2009
174,22,18,2009
1657,22,9,2009
245,22,28,2009
540,22,47,2009
180,22,31,2009
141,22,26,2009
252,22,41,2009
153,22,6,2009
64,22,38,2009
257,22,37,2009
229,22,8,2009
220,22,7,2009
184,22,48,2009
440,22,20,2009
367,22,30,2009
99,22,11,2009
1920,22,27,2009
75,22,33,2009
46,22,36,2009
976,22,13,2009
179,22,25,2009
70,22,2,2009
100,22,45,2009
418,22,42,2009
511,22,3,2009
806,22,44,2009
855,22,19,2009
59,22,32,2009
371,22,14,2009
290,22,23,2009
1598,22,15,2009
74,22,29,2009
1162,22,4,2009
1338,22,12,2009
171,22,5,2009
205,22,43,2009
1380,22,24,2009
97,29,34,2009
1671,29,16,2009
517,29,21,2009
1648,29,49,2009
257,29,35,2009
2112,29,10,2009
417,29,18,2009
591,29,28,2009
1084,29,47,2009
27,29,31,2009
175,29,41,2009
108,29,6,2009
1530,29,38,2009
1420,29,37,2009
2257,29,8,2009
394,29,7,2009
508,29,48,2009
260,29,20,2009
423,29,11,2009
3369,29,33,2009
103,29,36,2009
265,29,13,2009
7041,29,25,2009
3499,29,2,2009
803,29,42,2009
370,29,3,2009
484,29,44,2009
931,29,19,2009
832,29,40,2009
905,29,32,2009
263,29,14,2009
174,29,23,2009
774,29,15,2009
1489,29,4,2009
178,29,12,2009
468,29,5,2009
285,29,43,2009
725,4,17,2009
563,4,34,2009
23,4,46,2009
1802,4,16,2009
519,4,21,2009
308,4,49,2009
400,4,39,2009
696,4,35,2009
2442,4,10,2009
1593,4,18,2009
138,4,9,2009
679,4,28,2009
254,4,47,2009
66,4,31,2009
144,4,26,2009
536,4,41,2009
213,4,6,2009
108,4,38,2009
2748,4,37,2009
608,4,8,2009
255,4,7,2009
211,4,48,2009
104,4,1,2009
586,4,20,2009
19,4,30,2009
117,4,11,2009
238,4,27,2009
154,4,33,2009
421,4,36,2009
149,4,13,2009
1109,4,25,2009
3463,4,2,2009
10,4,45,2009
975,4,42,2009
293,4,3,2009
138,4,44,2009
1446,4,19,2009
355,4,40,2009
1001,4,32,2009
37,4,14,2009
985,4,23,2009
2146,4,15,2009
130,4,22,2009
31,4,29,2009
490,4,12,2009
786,4,5,2009
213,4,43,2009
45,4,24,2009
146,12,17,2009
1653,12,34,2009
77,12,46,2009
4954,12,16,2009
641,12,21,2009
172,12,49,2009
2,12,39,2009
28,12,35,2009
1237,12,10,2009
464,12,18,2009
1765,12,9,2009
394,12,28,2009
149,12,47,2009
272,12,31,2009
84,12,26,2009
145,12,41,2009
133,12,6,2009
32,12,38,2009
251,12,37,2009
329,12,8,2009
503,12,7,2009
412,12,48,2009
76,12,1,2009
347,12,20,2009
697,12,30,2009
338,12,11,2009
475,12,27,2009
21,12,33,2009
157,12,36,2009
148,12,13,2009
320,12,25,2009
296,12,2,2009
57,12,45,2009
240,12,42,2009
294,12,3,2009
3493,12,44,2009
221,12,19,2009
48,12,40,2009
273,12,32,2009
132,12,14,2009
337,12,23,2009
1482,12,15,2009
862,12,22,2009
24,12,29,2009
606,12,4,2009
5,12,5,2009
243,12,43,2009
262,12,24,2009
115,5,17,2009
421,5,34,2009
15,5,46,2009
450,5,16,2009
252,5,21,2009
25,5,39,2009
111,5,35,2009
2325,5,10,2009
382,5,18,2009
390,5,28,2009
593,5,47,2009
2445,5,41,2009
174,5,6,2009
172,5,38,2009
2602,5,37,2009
102,5,8,2009
118,5,7,2009
57,5,48,2009
29,5,1,2009
522,5,20,2009
24,5,30,2009
10,5,27,2009
368,5,36,2009
55,5,13,2009
536,5,25,2009
2836,5,2,2009
76,5,45,2009
3062,5,42,2009
62,5,3,2009
485,5,44,2009
2197,5,19,2009
332,5,32,2009
289,5,23,2009
488,5,15,2009
51,5,22,2009
2540,5,4,2009
494,5,12,2009
105,5,43,2009
180,43,17,2009
666,43,34,2009
80,43,46,2009
1222,43,16,2009
524,43,21,2009
13,43,49,2009
60,43,35,2009
1092,43,10,2009
169,43,18,2009
139,43,9,2009
2181,43,28,2009
510,43,47,2009
627,43,31,2009
41,43,26,2009
153,43,41,2009
95,43,6,2009
29,43,38,2009
220,43,37,2009
143,43,8,2009
1034,43,7,2009
3020,43,48,2009
262,43,1,2009
900,43,20,2009
128,43,30,2009
159,43,11,2009
170,43,27,2009
17,43,33,2009
20,43,36,2009
46,43,13,2009
332,43,25,2009
528,43,2,2009
64,43,45,2009
203,43,42,2009
69,43,3,2009
135,43,44,2009
395,43,19,2009
7,43,40,2009
149,43,32,2009
118,43,14,2009
231,43,23,2009
512,43,15,2009
115,43,22,2009
30,43,29,2009
258,43,4,2009
266,43,12,2009
7,43,5,2009
50,43,24,2009
457,24,17,2009
2232,24,34,2009
203,24,46,2009
1973,24,16,2009
9973,24,21,2009
363,24,49,2009
95,24,35,2009
749,24,10,2009
1766,24,18,2009
2274,24,9,2009
426,24,28,2009
1009,24,47,2009
1263,24,31,2009
747,24,26,2009
122,24,6,2009
168,24,38,2009
113,24,8,2009
1172,24,7,2009
772,24,48,2009
116,24,20,2009
1567,24,30,2009
4047,24,11,2009
834,24,27,2009
138,24,36,2009
100,24,13,2009
549,24,25,2009
756,24,2,2009
1020,24,45,2009
240,24,42,2009
1498,24,3,2009
2465,24,44,2009
267,24,19,2009
933,24,32,2009
1179,24,14,2009
800,24,23,2009
2425,24,15,2009
2297,24,22,2009
425,24,29,2009
2035,24,4,2009
2687,24,12,2009
393,24,43,2009
86,17,34,2010
293,17,46,2010
702,17,16,2010
199,17,21,2010
187,17,49,2010
26,17,39,2010
75,17,35,2010
3307,17,10,2010
2892,17,18,2010
78,17,9,2010
291,17,28,2010
313,17,47,2010
68,17,31,2010
9,17,26,2010
451,17,41,2010
1199,17,6,2010
84,17,38,2010
342,17,37,2010
121,17,8,2010
502,17,7,2010
55,17,48,2010
1735,17,1,2010
171,17,20,2010
44,17,30,2010
48,17,11,2010
31,17,27,2010
31,17,33,2010
128,17,36,2010
156,17,13,2010
273,17,25,2010
636,17,2,2010
22,17,45,2010
269,17,42,2010
336,17,3,2010
83,17,44,2010
77,17,19,2010
28,17,40,2010
363,17,32,2010
67,17,14,2010
1859,17,23,2010
1804,17,15,2010
19,17,22,2010
558,17,4,2010
276,17,12,2010
8,17,5,2010
115,17,43,2010
35,17,24,2010
105,34,17,2010
121,34,46,2010
5283,34,16,2010
1917,34,21,2010
103,34,49,2010
9,34,39,2010
103,34,35,2010
609,34,10,2010
398,34,18,2010
481,34,9,2010
924,34,28,2010
344,34,47,2010
231,34,31,2010
349,34,26,2010
405,34,41,2010
305,34,6,2010
39,34,38,2010
175,34,37,2010
245,34,8,2010
498,34,7,2010
650,34,48,2010
29,34,1,2010
466,34,20,2010
297,34,30,2010
362,34,11,2010
1220,34,27,2010
84,34,33,2010
253,34,36,2010
954,34,13,2010
413,34,25,2010
444,34,2,2010
103,34,45,2010
735,34,42,2010
430,34,3,2010
821,34,44,2010
572,34,19,2010
50,34,40,2010
227,34,32,2010
116,34,14,2010
357,34,23,2010
2578,34,15,2010
1271,34,22,2010
10,34,29,2010
594,34,4,2010
931,34,12,2010
289,34,43,2010
235,34,24,2010
506,46,17,2010
235,46,34,2010
1427,46,16,2010
353,46,21,2010
114,46,49,2010
53,46,35,2010
1235,46,10,2010
204,46,18,2010
15,46,9,2010
408,46,28,2010
529,46,47,2010
84,46,31,2010
546,46,26,2010
190,46,41,2010
815,46,6,2010
22,46,38,2010
93,46,37,2010
70,46,8,2010
217,46,7,2010
95,46,48,2010
1690,46,1,2010
1499,46,20,2010
229,46,30,2010
230,46,11,2010
181,46,27,2010
88,46,36,2010
26,46,13,2010
123,46,25,2010
188,46,2,2010
57,46,45,2010
148,46,42,2010
2009,46,3,2010
84,46,44,2010
276,46,19,2010
124,46,32,2010
20,46,14,2010
1620,46,23,2010
5219,46,15,2010
108,46,22,2010
421,46,4,2010
225,46,12,2010
177,46,43,2010
102,16,17,2010
1263,16,34,2010
119,16,46,2010
699,16,21,2010
120,16,49,2010
9,16,39,2010
112,16,35,2010
592,16,10,2010
238,16,18,2010
239,16,9,2010
434,16,28,2010
240,16,47,2010
76,16,31,2010
164,16,26,2010
101,16,41,2010
154,16,6,2010
28,16,38,2010
219,16,37,2010
401,16,8,2010
180,16,7,2010
167,16,48,2010
80,16,1,2010
263,16,20,2010
154,16,30,2010
118,16,11,2010
950,16,27,2010
45,16,33,2010
235,16,36,2010
175,16,13,2010
674,16,25,2010
447,16,2,2010
37,16,45,2010
241,16,42,2010
252,16,3,2010
916,16,44,2010
323,16,19,2010
45,16,40,2010
125,16,32,2010
35,16,14,2010
214,16,23,2010
1847,16,15,2010
326,16,22,2010
26,16,29,2010
457,16,4,2010
1057,16,12,2010
20,16,5,2010
120,16,43,2010
74,16,24,2010
253,21,17,2010
1522,21,34,2010
502,21,46,2010
3103,21,16,2010
108,21,49,2010
35,21,39,2010
129,21,35,2010
1273,21,10,2010
638,21,18,2010
271,21,9,2010
762,21,28,2010
269,21,47,2010
506,21,31,2010
1193,21,26,2010
65,21,41,2010
240,21,6,2010
94,21,38,2010
495,21,37,2010
208,21,8,2010
402,21,7,2010
499,21,48,2010
231,21,1,2010
377,21,20,2010
432,21,30,2010
828,21,11,2010
581,21,27,2010
47,21,33,2010
159,21,36,2010
565,21,13,2010
621,21,25,2010
364,21,2,2010
172,21,45,2010
566,21,42,2010
630,21,3,2010
406,21,44,2010
724,21,19,2010
11,21,40,2010
369,21,32,2010
159,21,14,2010
368,21,23,2010
3241,21,15,2010
789,21,22,2010
64,21,29,2010
639,21,4,2010
967,21,12,2010
120,21,5,2010
374,21,43,2010
869,21,24,2010
126,49,17,2010
133,49,34,2010
126,49,46,2010
1293,49,16,2010
128,49,21,2010
199,49,39,2010
258,49,35,2010
3124,49,10,2010
731,49,18,2010
632,49,28,2010
151,49,47,2010
31,49,31,2010
23,49,26,2010
195,49,41,2010
24,49,6,2010
380,49,38,2010
447,49,37,2010
3707,49,8,2010
77,49,7,2010
58,49,48,2010
19,49,1,2010
67,49,20,2010
35,49,30,2010
100,49,11,2010
181,49,27,2010
875,49,33,2010
699,49,36,2010
6,49,13,2010
4285,49,25,2010
1048,49,2,2010
8,49,45,2010
365,49,42,2010
18,49,3,2010
75,49,44,2010
1119,49,19,2010
1142,49,40,2010
1117,49,32,2010
213,49,23,2010
258,49,15,2010
33,49,22,2010
359,49,29,2010
689,49,4,2010
179,49,12,2010
23,49,5,2010
100,49,43,2010
901,39,17,2010
820,39,34,2010
714,39,16,2010
540,39,21,2010
165,39,49,2010
3444,39,10,2010
930,39,18,2010
62,39,28,2010
264,39,26,2010
42,39,41,2010
193,39,38,2010
9270,39,37,2010
145,39,8,2010
185,39,7,2010
195,39,48,2010
349,39,20,2010
78,39,30,2010
196,39,11,2010
1715,39,36,2010
434,39,13,2010
2893,39,25,2010
532,39,2,2010
16,39,42,2010
121,39,3,2010
5122,39,19,2010
276,39,32,2010
275,39,23,2010
782,39,15,2010
96,39,29,2010
1406,39,4,2010
224,39,12,2010
618,39,5,2010
390,39,43,2010
348,35,17,2010
254,35,46,2010
6085,35,16,2010
791,35,21,2010
546,35,49,2010
713,35,39,2010
1834,35,10,2010
2822,35,18,2010
237,35,9,2010
1729,35,28,2010
299,35,47,2010
87,35,31,2010
242,35,41,2010
436,35,6,2010
90,35,38,2010
38336,35,37,2010
2542,35,8,2010
778,35,7,2010
505,35,48,2010
789,35,20,2010
492,35,33,2010
712,35,36,2010
92,35,13,2010
3276,35,25,2010
2793,35,2,2010
289,35,45,2010
1606,35,42,2010
358,35,44,2010
2678,35,19,2010
241,35,40,2010
62,35,32,2010
650,35,23,2010
760,35,15,2010
228,35,22,2010
14,35,29,2010
17502,35,4,2010
401,35,12,2010
793,35,5,2010
161,35,43,2010
799,10,17,2010
409,10,34,2010
189,10,46,2010
1080,10,16,2010
469,10,21,2010
488,10,49,2010
125,10,39,2010
58,10,35,2010
2647,10,18,2010
32,10,9,2010
427,10,28,2010
291,10,47,2010
72,10,31,2010
151,10,26,2010
536,10,41,2010
498,10,6,2010
160,10,38,2010
348,10,37,2010
589,10,8,2010
617,10,7,2010
136,10,48,2010
255,10,1,2010
441,10,20,2010
72,10,30,2010
94,10,11,2010
189,10,27,2010
88,10,33,2010
522,10,36,2010
172,10,13,2010
1621,10,25,2010
1537,10,2,2010
26,10,45,2010
875,10,42,2010
288,10,3,2010
120,10,44,2010
966,10,19,2010
70,10,40,2010
852,10,32,2010
13,10,14,2010
751,10,23,2010
1415,10,15,2010
111,10,22,2010
109,10,29,2010
963,10,4,2010
285,10,12,2010
97,10,5,2010
238,10,43,2010
21,10,24,2010
2228,18,17,2010
438,18,34,2010
403,18,46,2010
908,18,16,2010
663,18,21,2010
77,18,49,2010
60,18,39,2010
164,18,35,2010
3667,18,10,2010
32,18,9,2010
698,18,28,2010
167,18,47,2010
100,18,31,2010
197,18,26,2010
658,18,41,2010
593,18,6,2010
86,18,38,2010
355,18,37,2010
145,18,8,2010
402,18,7,2010
182,18,48,2010
413,18,1,2010
256,18,20,2010
4,18,30,2010
123,18,11,2010
122,18,27,2010
472,18,36,2010
203,18,13,2010
790,18,25,2010
1641,18,2,2010
82,18,45,2010
978,18,42,2010
325,18,3,2010
70,18,44,2010
478,18,19,2010
39,18,40,2010
1800,18,32,2010
2,18,14,2010
1139,18,23,2010
1716,18,15,2010
99,18,22,2010
51,18,29,2010
1228,18,4,2010
319,18,12,2010
49,18,5,2010
170,18,43,2010
76,18,24,2010
193,9,17,2010
1366,9,34,2010
393,9,46,2010
3640,9,16,2010
534,9,21,2010
93,9,49,2010
562,9,10,2010
263,9,18,2010
199,9,28,2010
491,9,47,2010
200,9,31,2010
253,9,26,2010
45,9,41,2010
128,9,6,2010
227,9,37,2010
50,9,8,2010
42,9,7,2010
147,9,48,2010
77,9,1,2010
528,9,20,2010
928,9,30,2010
80,9,11,2010
1073,9,27,2010
42,9,33,2010
57,9,36,2010
480,9,13,2010
126,9,25,2010
460,9,2,2010
43,9,45,2010
359,9,42,2010
388,9,3,2010
2628,9,44,2010
241,9,19,2010
148,9,32,2010
290,9,14,2010
212,9,23,2010
1294,9,15,2010
4897,9,22,2010
737,9,4,2010
8060,9,12,2010
56,9,5,2010
574,9,43,2010
599,9,24,2010
194,28,17,2010
954,28,34,2010
250,28,46,2010
1283,28,16,2010
541,28,21,2010
264,28,49,2010
47,28,39,2010
47,28,35,2010
1357,28,10,2010
758,28,18,2010
13,28,9,2010
2176,28,47,2010
1325,28,31,2010
229,28,26,2010
362,28,41,2010
165,28,6,2010
24,28,38,2010
256,28,37,2010
221,28,8,2010
829,28,7,2010
517,28,48,2010
235,28,1,2010
1657,28,20,2010
85,28,30,2010
141,28,11,2010
133,28,27,2010
66,28,33,2010
206,28,36,2010
40,28,13,2010
508,28,25,2010
440,28,2,2010
3,28,45,2010
552,28,42,2010
208,28,3,2010
121,28,44,2010
349,28,19,2010
94,28,40,2010
331,28,32,2010
6,28,14,2010
246,28,23,2010
1570,28,15,2010
142,28,22,2010
28,28,29,2010
590,28,4,2010
306,28,12,2010
27,28,5,2010
1580,28,43,2010
32,28,24,2010
607,47,17,2010
414,47,34,2010
111,47,46,2010
1009,47,16,2010
507,47,21,2010
165,47,49,2010
109,47,35,2010
1391,47,10,2010
408,47,18,2010
20,47,9,2010
3376,47,28,2010
263,47,31,2010
237,47,26,2010
1834,47,41,2010
146,47,6,2010
39,47,38,2010
66,47,37,2010
291,47,8,2010
1204,47,7,2010
172,47,48,2010
216,47,1,2010
516,47,20,2010
38,47,30,2010
98,47,11,2010
113,47,27,2010
3,47,33,2010
61,47,36,2010
71,47,13,2010
384,47,25,2010
636,47,2,2010
6,47,45,2010
1454,47,42,2010
147,47,3,2010
48,47,44,2010
310,47,19,2010
31,47,40,2010
334,47,32,2010
67,47,14,2010
734,47,23,2010
1076,47,15,2010
79,47,22,2010
445,47,4,2010
294,47,12,2010
56,47,5,2010
394,47,43,2010
20,47,24,2010
219,31,17,2010
985,31,34,2010
27,31,46,2010
1036,31,16,2010
701,31,21,2010
35,31,49,2010
128,31,35,2010
957,31,10,2010
359,31,18,2010
253,31,9,2010
2996,31,28,2010
617,31,47,2010
614,31,26,2010
215,31,41,2010
204,31,6,2010
110,31,38,2010
52,31,37,2010
100,31,8,2010
248,31,7,2010
1621,31,48,2010
37,31,1,2010
1543,31,20,2010
55,31,30,2010
1814,31,11,2010
177,31,27,2010
35,31,33,2010
108,31,36,2010
156,31,25,2010
353,31,2,2010
94,31,45,2010
416,31,42,2010
363,31,3,2010
52,31,44,2010
74,31,19,2010
15,31,40,2010
230,31,32,2010
1153,31,14,2010
344,31,23,2010
1293,31,15,2010
158,31,22,2010
29,31,29,2010
372,31,4,2010
552,31,12,2010
753,31,43,2010
151,31,24,2010
227,26,17,2010
677,26,34,2010
1263,26,46,2010
1349,26,16,2010
1507,26,21,2010
9,26,39,2010
29,26,35,2010
1447,26,10,2010
474,26,18,2010
147,26,9,2010
689,26,28,2010
553,26,47,2010
531,26,31,2010
388,26,41,2010
247,26,6,2010
19,26,38,2010
273,26,37,2010
223,26,7,2010
373,26,48,2010
115,26,1,2010
8196,26,20,2010
20,26,30,2010
869,26,11,2010
158,26,27,2010
19,26,33,2010
154,26,36,2010
262,26,13,2010
415,26,25,2010
766,26,2,2010
39,26,45,2010
355,26,42,2010
1757,26,3,2010
237,26,44,2010
498,26,19,2010
179,26,32,2010
199,26,14,2010
876,26,23,2010
4057,26,15,2010
104,26,22,2010
735,26,4,2010
592,26,12,2010
56,26,5,2010
263,26,43,2010
186,26,24,2010
452,41,17,2010
392,41,34,2010
584,41,46,2010
780,41,16,2010
450,41,21,2010
91,41,49,2010
37,41,39,2010
21,41,35,2010
1453,41,10,2010
1500,41,18,2010
72,41,9,2010
671,41,28,2010
2447,41,47,2010
76,41,31,2010
241,41,26,2010
380,41,6,2010
111,41,38,2010
91,41,37,2010
78,41,8,2010
541,41,7,2010
92,41,48,2010
93,41,1,2010
586,41,20,2010
73,41,30,2010
35,41,11,2010
130,41,27,2010
20,41,36,2010
169,41,13,2010
184,41,25,2010
1016,41,2,2010
22,41,45,2010
2106,41,42,2010
201,41,3,2010
385,41,19,2010
508,41,32,2010
18,41,14,2010
2573,41,23,2010
1185,41,15,2010
54,41,22,2010
40,41,29,2010
471,41,4,2010
203,41,12,2010
195,41,5,2010
66,41,43,2010
119,41,24,2010
418,6,17,2010
443,6,34,2010
882,6,46,2010
657,6,16,2010
213,6,21,2010
1591,6,10,2010
802,6,18,2010
12,6,9,2010
312,6,28,2010
164,6,47,2010
69,6,31,2010
195,6,26,2010
96,6,41,2010
25,6,38,2010
302,6,37,2010
295,6,7,2010
114,6,48,2010
1626,6,1,2010
492,6,20,2010
18,6,30,2010
19,6,11,2010
161,6,27,2010
4,6,33,2010
54,6,36,2010
14,6,13,2010
290,6,25,2010
479,6,2,2010
82,6,45,2010
163,6,42,2010
485,6,3,2010
137,6,19,2010
453,6,32,2010
28,6,14,2010
572,6,23,2010
6854,6,15,2010
10,6,22,2010
472,6,4,2010
222,6,12,2010
13,6,5,2010
72,6,43,2010
23,6,24,2010
73,38,17,2010
181,38,34,2010
1352,38,16,2010
400,38,21,2010
397,38,49,2010
221,38,39,2010
57,38,35,2010
4140,38,10,2010
152,38,9,2010
41,38,28,2010
22,38,47,2010
122,38,6,2010
39,38,37,2010
3514,38,8,2010
485,38,7,2010
129,38,48,2010
128,38,20,2010
57,38,30,2010
2441,38,33,2010
71,38,36,2010
70,38,13,2010
1709,38,25,2010
1701,38,2,2010
219,38,42,2010
224,38,3,2010
1220,38,19,2010
336,38,40,2010
454,38,32,2010
63,38,23,2010
992,38,15,2010
111,38,22,2010
620,38,29,2010
1125,38,4,2010
540,38,12,2010
337,38,43,2010
123,37,17,2010
221,37,34,2010
52,37,46,2010
1835,37,16,2010
264,37,21,2010
264,37,49,2010
858,37,39,2010
2332,37,35,2010
2287,37,10,2010
929,37,18,2010
7,37,9,2010
342,37,28,2010
283,37,47,2010
23,37,31,2010
236,37,26,2010
240,37,41,2010
166,37,6,2010
41,37,38,2010
632,37,8,2010
107,37,7,2010
217,37,48,2010
112,37,1,2010
234,37,20,2010
8,37,30,2010
13,37,11,2010
83,37,27,2010
8,37,33,2010
730,37,36,2010
339,37,13,2010
1021,37,25,2010
1706,37,2,2010
20,37,45,2010
661,37,42,2010
65,37,3,2010
102,37,44,2010
3158,37,19,2010
168,37,40,2010
895,37,32,2010
250,37,23,2010
816,37,15,2010
73,37,22,2010
51,37,29,2010
4288,37,4,2010
108,37,12,2010
734,37,5,2010
187,37,43,2010
8,37,24,2010
66,8,17,2010
220,8,34,2010
28,8,46,2010
1822,8,16,2010
341,8,21,2010
1296,8,49,2010
104,8,39,2010
209,8,35,2010
2116,8,10,2010
595,8,18,2010
17,8,9,2010
428,8,28,2010
15,8,47,2010
28,8,31,2010
15,8,26,2010
157,8,41,2010
151,8,6,2010
536,8,38,2010
301,8,37,2010
183,8,7,2010
166,8,48,2010
16,8,1,2010
212,8,20,2010
8,8,30,2010
15,8,11,2010
194,8,27,2010
2094,8,33,2010
399,8,36,2010
316,8,13,2010
2566,8,25,2010
617,8,2,2010
7,8,45,2010
561,8,42,2010
70,8,3,2010
224,8,44,2010
678,8,19,2010
1315,8,40,2010
573,8,32,2010
61,8,14,2010
263,8,23,2010
1087,8,15,2010
37,8,22,2010
548,8,29,2010
625,8,4,2010
220,8,12,2010
29,8,5,2010
151,8,43,2010
38,8,24,2010
236,7,17,2010
643,7,34,2010
152,7,46,2010
1056,7,16,2010
464,7,21,2010
77,7,49,2010
6,7,39,2010
12,7,35,2010
2162,7,10,2010
694,7,18,2010
43,7,9,2010
1201,7,28,2010
947,7,47,2010
145,7,31,2010
81,7,26,2010
472,7,41,2010
131,7,6,2010
12,7,38,2010
361,7,37,2010
164,7,8,2010
266,7,48,2010
252,7,1,2010
264,7,20,2010
65,7,30,2010
73,7,11,2010
222,7,27,2010
23,7,33,2010
108,7,36,2010
147,7,13,2010
483,7,25,2010
586,7,2,2010
30,7,45,2010
1531,7,42,2010
105,7,3,2010
117,7,44,2010
502,7,19,2010
7,7,40,2010
375,7,32,2010
14,7,14,2010
559,7,23,2010
1394,7,15,2010
26,7,22,2010
20,7,29,2010
580,7,4,2010
290,7,12,2010
66,7,5,2010
639,7,43,2010
57,7,24,2010
72,48,17,2010
1020,48,34,2010
41,48,46,2010
959,48,16,2010
541,48,21,2010
175,48,49,2010
10,48,39,2010
16,48,35,2010
1024,48,10,2010
220,48,18,2010
87,48,9,2010
809,48,28,2010
172,48,47,2010
1424,48,31,2010
294,48,26,2010
175,48,41,2010
107,48,6,2010
17,48,38,2010
154,48,37,2010
411,48,8,2010
240,48,7,2010
162,48,1,2010
320,48,20,2010
249,48,30,2010
424,48,11,2010
151,48,27,2010
45,48,33,2010
60,48,36,2010
33,48,13,2010
310,48,25,2010
346,48,2,2010
2325,48,45,2010
432,48,42,2010
112,48,3,2010
125,48,44,2010
280,48,19,2010
8,48,40,2010
154,48,32,2010
868,48,14,2010
283,48,23,2010
1146,48,15,2010
172,48,22,2010
16,48,29,2010
86,48,4,2010
249,48,12,2010
3152,48,43,2010
41,48,24,2010
2434,1,17,2010
91,1,34,2010
930,1,46,2010
928,1,16,2010
429,1,21,2010
22,1,49,2010
2669,1,10,2010
801,1,18,2010
12,1,9,2010
367,1,28,2010
90,1,47,2010
39,1,31,2010
56,1,26,2010
485,1,41,2010
2367,1,6,2010
135,1,37,2010
152,1,8,2010
220,1,7,2010
65,1,48,2010
398,1,20,2010
81,1,30,2010
277,1,11,2010
318,1,27,2010
8,1,33,2010
151,1,36,2010
242,1,13,2010
293,1,25,2010
399,1,2,2010
29,1,42,2010
583,1,3,2010
247,1,44,2010
189,1,19,2010
395,1,32,2010
67,1,14,2010
3039,1,23,2010
2616,1,15,2010
42,1,22,2010
625,1,4,2010
248,1,12,2010
14,1,5,2010
272,1,43,2010
228,20,17,2010
761,20,34,2010
1220,20,46,2010
1154,20,16,2010
329,20,21,2010
7,20,49,2010
89,20,39,2010
45,20,35,2010
1331,20,10,2010
512,20,18,2010
70,20,9,2010
2785,20,28,2010
649,20,47,2010
1005,20,31,2010
3899,20,26,2010
525,20,41,2010
475,20,6,2010
33,20,38,2010
191,20,37,2010
326,20,8,2010
487,20,7,2010
258,20,48,2010
159,20,1,2010
94,20,30,2010
454,20,11,2010
291,20,27,2010
49,20,33,2010
121,20,36,2010
23,20,13,2010
311,20,25,2010
322,20,2,2010
32,20,45,2010
195,20,42,2010
684,20,3,2010
297,20,44,2010
287,20,19,2010
7,20,40,2010
228,20,32,2010
42,20,14,2010
724,20,23,2010
2011,20,15,2010
209,20,22,2010
8,20,29,2010
710,20,4,2010
621,20,12,2010
26,20,5,2010
286,20,43,2010
70,20,24,2010
231,30,17,2010
1355,30,34,2010
85,30,46,2010
3037,30,16,2010
2061,30,21,2010
73,30,39,2010
341,30,10,2010
52,30,18,2010
1523,30,9,2010
936,30,28,2010
165,30,47,2010
843,30,31,2010
291,30,26,2010
40,30,6,2010
277,30,38,2010
86,30,37,2010
391,30,8,2010
314,30,7,2010
1029,30,48,2010
316,30,1,2010
222,30,20,2010
113,30,11,2010
777,30,27,2010
490,30,33,2010
123,30,36,2010
1012,30,13,2010
239,30,25,2010
232,30,2,2010
1247,30,45,2010
464,30,42,2010
452,30,3,2010
3417,30,44,2010
342,30,19,2010
565,30,14,2010
292,30,23,2010
1036,30,15,2010
1947,30,22,2010
238,30,29,2010
874,30,4,2010
5141,30,12,2010
39,30,5,2010
155,30,43,2010
2551,30,24,2010
92,11,17,2010
956,11,34,2010
215,11,46,2010
1673,11,16,2010
2221,11,21,2010
33,11,35,2010
843,11,10,2010
80,11,18,2010
298,11,28,2010
385,11,47,2010
2614,11,31,2010
1463,11,26,2010
468,11,41,2010
65,11,6,2010
111,11,38,2010
29,11,37,2010
25,11,8,2010
116,11,7,2010
401,11,48,2010
1440,11,20,2010
185,11,30,2010
617,11,27,2010
142,11,36,2010
289,11,13,2010
484,11,25,2010
282,11,2,2010
179,11,45,2010
836,11,42,2010
453,11,3,2010
424,11,44,2010
301,11,19,2010
1235,11,14,2010
102,11,23,2010
2674,11,15,2010
64,11,22,2010
285,11,4,2010
176,11,12,2010
466,11,43,2010
935,11,24,2010
98,27,17,2010
3826,27,34,2010
24,27,46,2010
10259,27,16,2010
1528,27,21,2010
187,27,49,2010
39,27,39,2010
2608,27,10,2010
427,27,18,2010
780,27,9,2010
940,27,28,2010
83,27,47,2010
230,27,31,2010
487,27,26,2010
28,27,41,2010
574,27,6,2010
127,27,38,2010
362,27,37,2010
293,27,8,2010
693,27,7,2010
199,27,48,2010
150,27,1,2010
392,27,20,2010
202,27,30,2010
85,27,11,2010
35,27,33,2010
323,27,36,2010
1551,27,13,2010
768,27,25,2010
258,27,2,2010
141,27,45,2010
828,27,42,2010
399,27,3,2010
1037,27,44,2010
669,27,19,2010
109,27,40,2010
434,27,32,2010
14,27,14,2010
900,27,23,2010
3080,27,15,2010
1683,27,22,2010
21,27,29,2010
276,27,4,2010
1964,27,12,2010
9,27,5,2010
388,27,43,2010
153,27,24,2010
48,33,34,2010
1225,33,16,2010
600,33,21,2010
796,33,49,2010
105,33,39,2010
104,33,35,2010
2768,33,10,2010
123,33,18,2010
82,33,9,2010
156,33,28,2010
86,33,47,2010
289,33,31,2010
57,33,26,2010
350,33,6,2010
3081,33,38,2010
1039,33,37,2010
7526,33,8,2010
331,33,7,2010
138,33,48,2010
82,33,20,2010
44,33,27,2010
535,33,36,2010
59,33,13,2010
2001,33,25,2010
1617,33,2,2010
132,33,42,2010
52,33,3,2010
240,33,44,2010
553,33,19,2010
252,33,40,2010
369,33,32,2010
149,33,23,2010
810,33,15,2010
2096,33,29,2010
282,33,4,2010
214,33,12,2010
81,33,5,2010
52,33,43,2010
40,36,17,2010
202,36,34,2010
8,36,46,2010
1148,36,16,2010
143,36,21,2010
394,36,49,2010
417,36,39,2010
218,36,35,2010
2539,36,10,2010
471,36,18,2010
11,36,9,2010
264,36,28,2010
213,36,47,2010
53,36,31,2010
198,36,26,2010
130,36,41,2010
19,36,6,2010
102,36,38,2010
1029,36,37,2010
535,36,8,2010
190,36,7,2010
58,36,48,2010
45,36,1,2010
150,36,20,2010
16,36,11,2010
173,36,27,2010
61,36,33,2010
18,36,13,2010
4015,36,25,2010
817,36,2,2010
16,36,45,2010
280,36,42,2010
101,36,3,2010
61,36,44,2010
4824,36,19,2010
212,36,40,2010
557,36,32,2010
253,36,23,2010
802,36,15,2010
28,36,22,2010
85,36,29,2010
775,36,4,2010
81,36,12,2010
102,36,5,2010
71,36,43,2010
314,13,17,2010
2140,13,34,2010
2243,13,16,2010
1899,13,21,2010
54,13,49,2010
28,13,39,2010
29,13,35,2010
435,13,10,2010
400,13,18,2010
336,13,9,2010
482,13,28,2010
91,13,47,2010
238,13,31,2010
422,13,26,2010
59,13,41,2010
142,13,6,2010
113,13,38,2010
115,13,37,2010
77,13,8,2010
324,13,7,2010
73,13,48,2010
306,13,1,2010
72,13,20,2010
319,13,30,2010
402,13,11,2010
590,13,27,2010
133,13,33,2010
203,13,36,2010
401,13,25,2010
574,13,2,2010
184,13,45,2010
249,13,42,2010
1318,13,3,2010
475,13,44,2010
605,13,19,2010
673,13,32,2010
18,13,14,2010
300,13,23,2010
5692,13,15,2010
250,13,22,2010
531,13,4,2010
490,13,12,2010
59,13,43,2010
342,13,24,2010
190,25,17,2010
341,25,34,2010
14,25,46,2010
1081,25,16,2010
236,25,21,2010
1068,25,49,2010
219,25,39,2010
198,25,35,2010
2835,25,10,2010
642,25,18,2010
7,25,9,2010
437,25,28,2010
132,25,47,2010
14,25,31,2010
123,25,26,2010
106,25,41,2010
111,25,6,2010
120,25,38,2010
553,25,37,2010
1031,25,8,2010
161,25,7,2010
67,25,48,2010
52,25,1,2010
135,25,20,2010
12,25,30,2010
5,25,11,2010
62,25,27,2010
126,25,33,2010
2132,25,36,2010
40,25,13,2010
1000,25,2,2010
9,25,45,2010
308,25,42,2010
57,25,3,2010
130,25,44,2010
1571,25,19,2010
236,25,40,2010
407,25,32,2010
39,25,14,2010
247,25,23,2010
856,25,15,2010
75,25,22,2010
209,25,29,2010
903,25,4,2010
213,25,12,2010
31,25,5,2010
66,25,43,2010
7,25,24,2010
247,2,17,2010
466,2,34,2010
163,2,46,2010
1001,2,16,2010
307,2,21,2010
140,2,49,2010
44,2,39,2010
198,2,35,2010
1995,2,10,2010
1604,2,18,2010
13,2,9,2010
574,2,28,2010
295,2,47,2010
117,2,31,2010
113,2,26,2010
392,2,41,2010
150,2,6,2010
104,2,38,2010
604,2,37,2010
292,2,8,2010
255,2,7,2010
174,2,48,2010
232,2,1,2010
190,2,20,2010
111,2,30,2010
46,2,11,2010
99,2,27,2010
49,2,33,2010
318,2,36,2010
187,2,13,2010
1391,2,25,2010
66,2,45,2010
625,2,42,2010
207,2,3,2010
108,2,44,2010
794,2,19,2010
143,2,40,2010
2167,2,32,2010
27,2,14,2010
741,2,23,2010
1272,2,15,2010
121,2,22,2010
56,2,29,2010
2488,2,4,2010
223,2,12,2010
266,2,5,2010
189,2,43,2010
3,2,24,2010
250,45,17,2010
1224,45,34,2010
580,45,16,2010
1188,45,21,2010
145,45,35,2010
1176,45,10,2010
142,45,9,2010
1648,45,28,2010
890,45,31,2010
333,45,26,2010
649,45,6,2010
81,45,38,2010
78,45,7,2010
10843,45,48,2010
1256,45,20,2010
2485,45,30,2010
1151,45,11,2010
54,45,27,2010
117,45,13,2010
360,45,2,2010
38,45,42,2010
206,45,3,2010
877,45,44,2010
772,45,19,2010
91,45,40,2010
174,45,32,2010
2993,45,14,2010
3634,45,15,2010
44,45,29,2010
297,45,4,2010
763,45,12,2010
397,45,5,2010
736,45,43,2010
345,45,24,2010
192,42,17,2010
452,42,34,2010
98,42,46,2010
708,42,16,2010
245,42,21,2010
112,42,49,2010
28,42,39,2010
51,42,35,2010
1823,42,10,2010
807,42,18,2010
28,42,9,2010
442,42,28,2010
1150,42,47,2010
54,42,31,2010
130,42,26,2010
1351,42,41,2010
95,42,6,2010
27,42,38,2010
283,42,37,2010
187,42,8,2010
847,42,7,2010
89,42,48,2010
113,42,1,2010
187,42,20,2010
7,42,30,2010
106,42,11,2010
134,42,27,2010
2,42,33,2010
137,42,36,2010
148,42,13,2010
564,42,25,2010
750,42,2,2010
11,42,45,2010
120,42,3,2010
133,42,44,2010
1260,42,19,2010
336,42,32,2010
13,42,14,2010
386,42,23,2010
720,42,15,2010
132,42,22,2010
4,42,29,2010
667,42,4,2010
236,42,12,2010
686,42,5,2010
145,42,43,2010
4,42,24,2010
234,3,17,2010
773,3,34,2010
2289,3,46,2010
1518,3,16,2010
921,3,21,2010
38,3,49,2010
921,3,10,2010
550,3,18,2010
189,3,9,2010
388,3,28,2010
181,3,47,2010
180,3,31,2010
2012,3,26,2010
306,3,41,2010
285,3,6,2010
32,3,38,2010
161,3,37,2010
42,3,8,2010
605,3,7,2010
75,3,48,2010
176,3,1,2010
1235,3,20,2010
48,3,30,2010
186,3,11,2010
235,3,27,2010
8,3,36,2010
314,3,13,2010
611,3,25,2010
386,3,2,2010
28,3,45,2010
326,3,42,2010
218,3,44,2010
333,3,19,2010
52,3,40,2010
387,3,32,2010
78,3,14,2010
177,3,23,2010
6108,3,15,2010
235,3,22,2010
207,3,4,2010
528,3,12,2010
60,3,5,2010
23,3,43,2010
16,3,24,2010
126,44,17,2010
1414,44,34,2010
62,44,46,2010
5449,44,16,2010
1128,44,21,2010
166,44,49,2010
156,44,35,2010
431,44,10,2010
219,44,18,2010
834,44,9,2010
318,44,28,2010
110,44,47,2010
279,44,31,2010
133,44,26,2010
47,44,41,2010
73,44,6,2010
188,44,37,2010
59,44,8,2010
139,44,7,2010
192,44,48,2010
81,44,20,2010
422,44,30,2010
131,44,11,2010
685,44,27,2010
132,44,33,2010
159,44,36,2010
432,44,13,2010
595,44,25,2010
468,44,2,2010
81,44,45,2010
89,44,42,2010
103,44,3,2010
239,44,19,2010
265,44,32,2010
31,44,14,2010
112,44,23,2010
1139,44,15,2010
657,44,22,2010
26,44,29,2010
556,44,4,2010
6836,44,12,2010
376,44,43,2010
3,44,24,2010
116,19,17,2010
435,19,34,2010
57,19,46,2010
782,19,16,2010
309,19,21,2010
153,19,49,2010
575,19,39,2010
187,19,35,2010
1568,19,10,2010
495,19,18,2010
13,19,9,2010
408,19,28,2010
209,19,47,2010
29,19,31,2010
44,19,26,2010
205,19,41,2010
106,19,6,2010
29,19,38,2010
1059,19,37,2010
418,19,8,2010
246,19,7,2010
57,19,48,2010
59,19,1,2010
128,19,20,2010
32,19,30,2010
27,19,11,2010
123,19,27,2010
53,19,33,2010
1748,19,36,2010
63,19,13,2010
1613,19,25,2010
877,19,2,2010
30,19,45,2010
944,19,42,2010
103,19,3,2010
132,19,44,2010
44,19,40,2010
368,19,32,2010
16,19,14,2010
201,19,23,2010
563,19,15,2010
43,19,22,2010
41,19,29,2010
928,19,4,2010
227,19,12,2010
386,19,5,2010
173,19,43,2010
7,19,24,2010
382,40,34,2010
499,40,16,2010
182,40,21,2010
1639,40,49,2010
141,40,39,2010
236,40,35,2010
1880,40,10,2010
40,40,18,2010
795,40,28,2010
165,40,47,2010
37,40,26,2010
274,40,41,2010
359,40,38,2010
741,40,37,2010
6608,40,8,2010
619,40,7,2010
116,40,48,2010
137,40,1,2010
158,40,27,2010
937,40,33,2010
315,40,36,2010
43,40,13,2010
1815,40,25,2010
92,40,2,2010
421,40,42,2010
112,40,3,2010
357,40,19,2010
146,40,32,2010
763,40,23,2010
925,40,15,2010
215,40,29,2010
1464,40,4,2010
208,40,12,2010
225,40,5,2010
510,32,17,2010
498,32,34,2010
322,32,46,2010
1082,32,16,2010
265,32,21,2010
245,32,49,2010
42,32,39,2010
81,32,35,2010
2320,32,10,2010
3357,32,18,2010
337,32,28,2010
125,32,47,2010
127,32,31,2010
29,32,26,2010
277,32,41,2010
243,32,6,2010
31,32,38,2010
368,32,37,2010
357,32,8,2010
311,32,7,2010
344,32,48,2010
401,32,1,2010
205,32,20,2010
23,32,30,2010
14,32,11,2010
67,32,27,2010
11,32,33,2010
244,32,36,2010
32,32,13,2010
1544,32,25,2010
5003,32,2,2010
534,32,42,2010
128,32,3,2010
213,32,44,2010
283,32,19,2010
13,32,40,2010
1027,32,23,2010
1132,32,15,2010
180,32,22,2010
28,32,29,2010
1798,32,4,2010
657,32,12,2010
139,32,5,2010
246,32,43,2010
47,32,24,2010
37,14,17,2010
1655,14,34,2010
297,14,46,2010
1965,14,16,2010
2263,14,21,2010
526,14,10,2010
682,14,18,2010
362,14,9,2010
357,14,28,2010
264,14,47,2010
2440,14,31,2010
431,14,26,2010
199,14,41,2010
60,14,37,2010
865,14,7,2010
3966,14,48,2010
68,14,1,2010
627,14,20,2010
361,14,30,2010
3597,14,11,2010
1473,14,27,2010
249,14,13,2010
638,14,25,2010
443,14,2,2010
1271,14,45,2010
253,14,42,2010
101,14,3,2010
907,14,44,2010
1183,14,19,2010
58,14,40,2010
116,14,32,2010
77,14,23,2010
2372,14,15,2010
1072,14,22,2010
187,14,29,2010
120,14,4,2010
1061,14,12,2010
287,14,43,2010
316,14,24,2010
1165,23,17,2010
481,23,34,2010
417,23,46,2010
684,23,16,2010
256,23,21,2010
67,23,49,2010
22,23,39,2010
92,23,35,2010
2026,23,10,2010
2272,23,18,2010
181,23,9,2010
629,23,28,2010
486,23,47,2010
254,23,31,2010
181,23,26,2010
1754,23,41,2010
291,23,6,2010
39,23,38,2010
419,23,37,2010
144,23,8,2010
700,23,7,2010
181,23,48,2010
1283,23,1,2010
520,23,20,2010
17,23,30,2010
12,23,11,2010
111,23,27,2010
58,23,33,2010
134,23,36,2010
199,23,13,2010
272,23,25,2010
1366,23,2,2010
42,23,45,2010
784,23,42,2010
294,23,3,2010
123,23,44,2010
253,23,19,2010
11,23,40,2010
600,23,32,2010
2052,23,15,2010
72,23,22,2010
19,23,29,2010
919,23,4,2010
124,23,12,2010
182,23,5,2010
134,23,43,2010
77,23,24,2010
257,15,17,2010
582,15,34,2010
543,15,46,2010
1449,15,16,2010
881,15,21,2010
74,15,49,2010
7,15,39,2010
46,15,35,2010
952,15,10,2010
452,15,18,2010
69,15,9,2010
485,15,28,2010
250,15,47,2010
163,15,31,2010
365,15,26,2010
228,15,41,2010
1035,15,6,2010
18,15,38,2010
233,15,37,2010
280,15,8,2010
284,15,7,2010
103,15,48,2010
227,15,1,2010
510,15,20,2010
83,15,30,2010
176,15,11,2010
206,15,27,2010
62,15,33,2010
136,15,36,2010
733,15,13,2010
383,15,25,2010
567,15,2,2010
99,15,45,2010
295,15,42,2010
1118,15,3,2010
151,15,44,2010
308,15,19,2010
26,15,40,2010
196,15,32,2010
52,15,14,2010
344,15,23,2010
210,15,22,2010
22,15,29,2010
512,15,4,2010
449,15,12,2010
38,15,5,2010
120,15,43,2010
78,15,24,2010
481,22,17,2010
2581,22,34,2010
130,22,46,2010
3838,22,16,2010
1710,22,21,2010
1020,22,10,2010
136,22,18,2010
2887,22,9,2010
237,22,28,2010
159,22,47,2010
52,22,31,2010
85,22,26,2010
326,22,41,2010
170,22,6,2010
140,22,38,2010
236,22,37,2010
74,22,8,2010
196,22,7,2010
365,22,48,2010
83,22,1,2010
475,22,20,2010
347,22,30,2010
193,22,11,2010
1621,22,27,2010
100,22,33,2010
64,22,36,2010
576,22,13,2010
327,22,25,2010
284,22,2,2010
166,22,45,2010
174,22,42,2010
154,22,3,2010
1037,22,44,2010
377,22,19,2010
163,22,32,2010
742,22,23,2010
1485,22,15,2010
558,22,4,2010
1448,22,12,2010
40,22,5,2010
171,22,43,2010
1162,22,24,2010
1060,29,34,2010
838,29,16,2010
559,29,21,2010
731,29,49,2010
317,29,35,2010
2303,29,10,2010
576,29,18,2010
415,29,28,2010
71,29,47,2010
71,29,31,2010
119,29,26,2010
838,29,41,2010
671,29,38,2010
559,29,37,2010
2438,29,8,2010
71,29,7,2010
795,29,20,2010
314,29,27,2010
4099,29,33,2010
91,29,36,2010
493,29,13,2010
4633,29,25,2010
559,29,2,2010
290,29,42,2010
148,29,3,2010
728,29,44,2010
343,29,19,2010
115,29,40,2010
763,29,32,2010
83,29,15,2010
474,29,22,2010
1080,29,4,2010
1567,29,12,2010
332,29,5,2010
119,29,43,2010
119,29,24,2010
310,4,17,2010
425,4,34,2010
61,4,46,2010
1773,4,16,2010
341,4,21,2010
216,4,49,2010
130,4,39,2010
986,4,35,2010
2502,4,10,2010
1046,4,18,2010
76,4,9,2010
477,4,28,2010
457,4,47,2010
37,4,31,2010
205,4,26,2010
457,4,41,2010
159,4,6,2010
81,4,38,2010
3086,4,37,2010
566,4,8,2010
258,4,7,2010
295,4,48,2010
71,4,1,2010
399,4,20,2010
61,4,30,2010
96,4,11,2010
228,4,27,2010
92,4,33,2010
332,4,36,2010
36,4,13,2010
1106,4,25,2010
3198,4,2,2010
3,4,45,2010
843,4,42,2010
284,4,3,2010
140,4,44,2010
1315,4,19,2010
174,4,40,2010
1219,4,32,2010
27,4,14,2010
1078,4,23,2010
1709,4,15,2010
374,4,22,2010
49,4,29,2010
905,4,12,2010
623,4,5,2010
96,4,43,2010
72,4,24,2010
173,12,17,2010
1875,12,34,2010
39,12,46,2010
4529,12,16,2010
1124,12,21,2010
309,12,49,2010
55,12,39,2010
42,12,35,2010
529,12,10,2010
666,12,18,2010
1612,12,9,2010
243,12,28,2010
84,12,47,2010
79,12,31,2010
174,12,26,2010
106,12,41,2010
223,12,6,2010
56,12,38,2010
228,12,37,2010
241,12,8,2010
211,12,7,2010
196,12,48,2010
75,12,1,2010
164,12,20,2010
481,12,30,2010
182,12,11,2010
487,12,27,2010
38,12,33,2010
142,12,36,2010
445,12,13,2010
371,12,25,2010
426,12,2,2010
103,12,45,2010
380,12,42,2010
301,12,3,2010
3380,12,44,2010
370,12,19,2010
23,12,40,2010
455,12,32,2010
231,12,14,2010
209,12,23,2010
1312,12,15,2010
562,12,22,2010
18,12,29,2010
648,12,4,2010
28,12,5,2010
150,12,43,2010
82,12,24,2010
22,5,17,2010
320,5,34,2010
779,5,16,2010
335,5,21,2010
238,5,49,2010
463,5,35,2010
3038,5,10,2010
193,5,18,2010
71,5,9,2010
437,5,28,2010
360,5,47,2010
1238,5,41,2010
113,5,6,2010
2352,5,37,2010
240,5,7,2010
107,5,48,2010
50,5,1,2010
95,5,20,2010
39,5,11,2010
30,5,27,2010
193,5,36,2010
239,5,25,2010
1631,5,2,2010
4214,5,42,2010
119,5,3,2010
193,5,44,2010
2296,5,19,2010
80,5,40,2010
641,5,32,2010
1187,5,23,2010
1197,5,15,2010
3655,5,4,2010
33,5,12,2010
138,5,43,2010
202,43,17,2010
976,43,34,2010
144,43,46,2010
1059,43,16,2010
439,43,21,2010
191,43,49,2010
68,43,35,2010
1420,43,10,2010
600,43,18,2010
40,43,9,2010
2699,43,28,2010
309,43,47,2010
475,43,31,2010
216,43,26,2010
350,43,41,2010
41,43,6,2010
56,43,37,2010
95,43,8,2010
1105,43,7,2010
3150,43,48,2010
154,43,1,2010
233,43,20,2010
62,43,30,2010
183,43,11,2010
73,43,27,2010
47,43,33,2010
102,43,36,2010
71,43,13,2010
413,43,25,2010
353,43,2,2010
131,43,45,2010
311,43,42,2010
96,43,3,2010
348,43,44,2010
228,43,19,2010
185,43,32,2010
129,43,14,2010
497,43,23,2010
1041,43,15,2010
59,43,22,2010
66,43,29,2010
465,43,4,2010
383,43,12,2010
26,43,5,2010
47,24,17,2010
1050,24,34,2010
784,24,46,2010
2366,24,16,2010
7826,24,21,2010
83,24,49,2010
338,24,10,2010
180,24,18,2010
2497,24,9,2010
1038,24,28,2010
731,24,47,2010
196,24,31,2010
1015,24,26,2010
517,24,41,2010
54,24,6,2010
885,24,38,2010
407,24,37,2010
1006,24,7,2010
607,24,48,2010
868,24,1,2010
635,24,20,2010
2992,24,30,2010
2618,24,11,2010
255,24,27,2010
1332,24,13,2010
267,24,25,2010
1541,24,2,2010
387,24,45,2010
255,24,42,2010
3034,24,3,2010
926,24,44,2010
1893,24,19,2010
676,24,32,2010
1147,24,14,2010
3319,24,15,2010
3766,24,22,2010
92,24,29,2010
749,24,4,2010
1130,24,12,2010
228,24,43,2010
173,17,34,2011
143,17,46,2011
434,17,16,2011
487,17,21,2011
21,17,49,2011
16,17,39,2011
2,17,35,2011
2632,17,10,2011
3917,17,18,2011
54,17,9,2011
588,17,28,2011
325,17,47,2011
43,17,31,2011
90,17,26,2011
192,17,41,2011
638,17,6,2011
132,17,38,2011
47,17,37,2011
250,17,8,2011
734,17,7,2011
25,17,48,2011
1859,17,1,2011
290,17,20,2011
93,17,30,2011
35,17,11,2011
58,17,27,2011
40,17,33,2011
39,17,36,2011
85,17,13,2011
377,17,25,2011
1129,17,2,2011
20,17,45,2011
326,17,42,2011
123,17,3,2011
157,17,44,2011
277,17,19,2011
624,17,32,2011
1943,17,23,2011
1822,17,15,2011
101,17,22,2011
1027,17,4,2011
379,17,12,2011
46,17,5,2011
147,17,43,2011
10,17,24,2011
259,34,17,2011
67,34,46,2011
5507,34,16,2011
1906,34,21,2011
214,34,49,2011
83,34,39,2011
6,34,35,2011
1305,34,10,2011
663,34,18,2011
547,34,9,2011
1182,34,28,2011
614,34,47,2011
217,34,31,2011
313,34,26,2011
280,34,41,2011
310,34,6,2011
50,34,38,2011
145,34,37,2011
157,34,8,2011
593,34,7,2011
357,34,48,2011
85,34,1,2011
363,34,20,2011
304,34,30,2011
254,34,11,2011
1566,34,27,2011
38,34,33,2011
584,34,36,2011
1150,34,13,2011
435,34,25,2011
662,34,2,2011
202,34,45,2011
1044,34,42,2011
582,34,3,2011
1222,34,44,2011
351,34,19,2011
33,34,40,2011
304,34,32,2011
219,34,14,2011
207,34,23,2011
3101,34,15,2011
1017,34,22,2011
47,34,29,2011
722,34,4,2011
1915,34,12,2011
7,34,5,2011
624,34,43,2011
57,34,24,2011
558,46,17,2011
362,46,34,2011
900,46,16,2011
549,46,21,2011
28,46,49,2011
27,46,35,2011
1028,46,10,2011
718,46,18,2011
76,46,9,2011
1083,46,28,2011
685,46,47,2011
147,46,31,2011
339,46,26,2011
359,46,41,2011
943,46,6,2011
12,46,38,2011
143,46,37,2011
56,46,8,2011
698,46,7,2011
323,46,48,2011
787,46,1,2011
2097,46,20,2011
16,46,30,2011
54,46,11,2011
105,46,27,2011
7,46,33,2011
19,46,36,2011
231,46,13,2011
354,46,25,2011
111,46,2,2011
84,46,45,2011
663,46,42,2011
2344,46,3,2011
335,46,44,2011
197,46,19,2011
453,46,32,2011
224,46,14,2011
2514,46,23,2011
5597,46,15,2011
143,46,22,2011
219,46,4,2011
257,46,12,2011
76,46,5,2011
113,46,43,2011
59,46,24,2011
90,16,17,2011
1318,16,34,2011
108,16,46,2011
617,16,21,2011
98,16,49,2011
18,16,39,2011
100,16,35,2011
595,16,10,2011
397,16,18,2011
239,16,9,2011
370,16,28,2011
203,16,47,2011
87,16,31,2011
126,16,26,2011
56,16,41,2011
105,16,6,2011
22,16,38,2011
228,16,37,2011
307,16,8,2011
207,16,7,2011
176,16,48,2011
125,16,1,2011
222,16,20,2011
80,16,30,2011
136,16,11,2011
1065,16,27,2011
14,16,33,2011
159,16,36,2011
187,16,13,2011
684,16,25,2011
408,16,2,2011
36,16,45,2011
239,16,42,2011
218,16,3,2011
909,16,44,2011
283,16,19,2011
51,16,40,2011
175,16,32,2011
34,16,14,2011
189,16,23,2011
1567,16,15,2011
484,16,22,2011
21,16,29,2011
514,16,4,2011
1020,16,12,2011
38,16,5,2011
176,16,43,2011
67,16,24,2011
67,21,17,2011
1989,21,34,2011
145,21,46,2011
4148,21,16,2011
293,21,49,2011
33,21,39,2011
88,21,35,2011
1832,21,10,2011
454,21,18,2011
354,21,9,2011
638,21,28,2011
376,21,47,2011
564,21,31,2011
982,21,26,2011
43,21,41,2011
234,21,6,2011
56,21,38,2011
350,21,37,2011
271,21,8,2011
668,21,7,2011
519,21,48,2011
94,21,1,2011
613,21,20,2011
557,21,30,2011
633,21,11,2011
529,21,27,2011
78,21,33,2011
430,21,36,2011
1078,21,13,2011
727,21,25,2011
765,21,2,2011
239,21,45,2011
525,21,42,2011
639,21,3,2011
412,21,44,2011
486,21,19,2011
58,21,40,2011
195,21,32,2011
199,21,14,2011
267,21,23,2011
3734,21,15,2011
778,21,22,2011
103,21,29,2011
958,21,4,2011
768,21,12,2011
24,21,5,2011
506,21,43,2011
1348,21,24,2011
814,49,17,2011
522,49,34,2011
144,49,46,2011
856,49,16,2011
436,49,21,2011
18,49,39,2011
273,49,35,2011
3261,49,10,2011
197,49,18,2011
506,49,28,2011
341,49,47,2011
118,49,31,2011
114,49,26,2011
49,49,41,2011
99,49,6,2011
691,49,38,2011
448,49,37,2011
2632,49,8,2011
461,49,7,2011
20,49,48,2011
15,49,1,2011
422,49,20,2011
16,49,30,2011
106,49,11,2011
52,49,27,2011
450,49,33,2011
536,49,36,2011
4214,49,25,2011
550,49,2,2011
331,49,42,2011
27,49,3,2011
264,49,44,2011
1156,49,19,2011
728,49,40,2011
488,49,32,2011
41,49,23,2011
815,49,15,2011
156,49,22,2011
586,49,29,2011
1498,49,4,2011
285,49,12,2011
165,49,5,2011
276,49,43,2011
3,49,24,2011
255,39,17,2011
87,39,46,2011
1434,39,16,2011
552,39,21,2011
68,39,49,2011
141,39,35,2011
1393,39,10,2011
682,39,18,2011
305,39,28,2011
87,39,47,2011
81,39,26,2011
262,39,38,2011
7330,39,37,2011
439,39,8,2011
94,39,48,2011
402,39,30,2011
202,39,27,2011
22,39,33,2011
2314,39,36,2011
1238,39,25,2011
1051,39,2,2011
92,39,45,2011
289,39,42,2011
72,39,3,2011
276,39,44,2011
5705,39,19,2011
926,39,32,2011
170,39,23,2011
974,39,15,2011
117,39,29,2011
1059,39,4,2011
98,39,5,2011
241,39,43,2011
643,35,17,2011
627,35,34,2011
5227,35,16,2011
480,35,21,2011
979,35,49,2011
248,35,39,2011
1437,35,10,2011
587,35,18,2011
2323,35,28,2011
206,35,26,2011
324,35,41,2011
314,35,6,2011
385,35,38,2011
29835,35,37,2011
1090,35,8,2011
413,35,7,2011
592,35,48,2011
669,35,1,2011
346,35,20,2011
46,35,11,2011
1585,35,27,2011
109,35,33,2011
1260,35,36,2011
342,35,13,2011
5972,35,25,2011
1831,35,2,2011
947,35,42,2011
308,35,3,2011
563,35,44,2011
2260,35,19,2011
950,35,32,2011
495,35,23,2011
3672,35,15,2011
212,35,22,2011
43,35,29,2011
11058,35,4,2011
577,35,12,2011
484,35,5,2011
198,35,43,2011
1052,10,17,2011
195,10,34,2011
160,10,46,2011
1159,10,16,2011
423,10,21,2011
250,10,49,2011
42,10,39,2011
65,10,35,2011
2239,10,18,2011
90,10,9,2011
920,10,28,2011
451,10,47,2011
37,10,31,2011
82,10,26,2011
388,10,41,2011
272,10,6,2011
225,10,38,2011
410,10,37,2011
598,10,8,2011
929,10,7,2011
148,10,48,2011
322,10,1,2011
236,10,20,2011
15,10,30,2011
57,10,11,2011
153,10,27,2011
103,10,33,2011
677,10,36,2011
147,10,13,2011
1540,10,25,2011
1471,10,2,2011
24,10,45,2011
865,10,42,2011
317,10,3,2011
177,10,44,2011
1012,10,19,2011
117,10,40,2011
812,10,32,2011
5,10,14,2011
813,10,23,2011
1877,10,15,2011
86,10,22,2011
19,10,29,2011
932,10,4,2011
319,10,12,2011
154,10,5,2011
227,10,43,2011
80,10,24,2011
1973,18,17,2011
225,18,34,2011
147,18,46,2011
1357,18,16,2011
331,18,21,2011
204,18,49,2011
65,18,39,2011
95,18,35,2011
3943,18,10,2011
28,18,9,2011
616,18,28,2011
259,18,47,2011
197,18,31,2011
116,18,26,2011
277,18,41,2011
451,18,6,2011
51,18,38,2011
725,18,37,2011
332,18,8,2011
433,18,7,2011
85,18,48,2011
319,18,1,2011
302,18,20,2011
23,18,30,2011
44,18,11,2011
176,18,27,2011
54,18,33,2011
435,18,36,2011
68,18,13,2011
1079,18,25,2011
1651,18,2,2011
37,18,45,2011
437,18,42,2011
358,18,3,2011
198,18,44,2011
472,18,19,2011
48,18,40,2011
1668,18,32,2011
7,18,14,2011
1785,18,23,2011
1775,18,15,2011
107,18,22,2011
10,18,29,2011
889,18,4,2011
888,18,12,2011
132,18,5,2011
178,18,43,2011
4,18,24,2011
86,9,17,2011
1382,9,34,2011
113,9,46,2011
3027,9,16,2011
996,9,21,2011
83,9,49,2011
278,9,39,2011
42,9,35,2011
196,9,10,2011
79,9,18,2011
248,9,28,2011
863,9,47,2011
101,9,31,2011
166,9,26,2011
22,9,41,2011
145,9,6,2011
245,9,37,2011
260,9,8,2011
556,9,7,2011
253,9,48,2011
34,9,1,2011
353,9,20,2011
974,9,30,2011
319,9,11,2011
2480,9,27,2011
161,9,36,2011
224,9,13,2011
274,9,25,2011
426,9,2,2011
763,9,45,2011
196,9,42,2011
13,9,3,2011
3937,9,44,2011
148,9,19,2011
67,9,40,2011
34,9,32,2011
117,9,14,2011
2764,9,15,2011
4759,9,22,2011
274,9,4,2011
6878,9,12,2011
75,9,5,2011
357,9,43,2011
1351,9,24,2011
543,28,17,2011
779,28,34,2011
286,28,46,2011
1619,28,16,2011
468,28,21,2011
143,28,49,2011
2,28,39,2011
108,28,35,2011
1488,28,10,2011
472,28,18,2011
30,28,9,2011
1792,28,47,2011
1066,28,31,2011
214,28,26,2011
332,28,41,2011
92,28,6,2011
52,28,38,2011
185,28,37,2011
232,28,8,2011
769,28,7,2011
637,28,48,2011
160,28,1,2011
1566,28,20,2011
59,28,30,2011
109,28,11,2011
129,28,27,2011
37,28,33,2011
286,28,36,2011
36,28,13,2011
537,28,25,2011
464,28,2,2011
44,28,45,2011
546,28,42,2011
169,28,3,2011
104,28,44,2011
303,28,19,2011
28,28,40,2011
184,28,32,2011
20,28,14,2011
667,28,23,2011
1170,28,15,2011
112,28,22,2011
29,28,29,2011
310,28,4,2011
160,28,12,2011
103,28,5,2011
1983,28,43,2011
34,28,24,2011
220,47,17,2011
898,47,34,2011
209,47,46,2011
717,47,16,2011
324,47,21,2011
25,47,49,2011
32,47,39,2011
19,47,35,2011
1760,47,10,2011
374,47,18,2011
45,47,9,2011
3604,47,28,2011
53,47,31,2011
132,47,26,2011
1698,47,41,2011
237,47,6,2011
25,47,38,2011
202,47,37,2011
98,47,8,2011
1176,47,7,2011
120,47,48,2011
93,47,1,2011
675,47,20,2011
99,47,30,2011
94,47,11,2011
131,47,27,2011
72,47,33,2011
110,47,36,2011
311,47,13,2011
337,47,25,2011
495,47,2,2011
19,47,45,2011
1778,47,42,2011
324,47,3,2011
210,47,44,2011
627,47,19,2011
6,47,40,2011
498,47,32,2011
43,47,14,2011
866,47,23,2011
1575,47,15,2011
83,47,22,2011
39,47,29,2011
414,47,4,2011
353,47,12,2011
32,47,5,2011
616,47,43,2011
9,31,17,2011
1476,31,34,2011
277,31,46,2011
1084,31,16,2011
1144,31,21,2011
21,31,49,2011
78,31,35,2011
602,31,10,2011
309,31,18,2011
103,31,9,2011
2745,31,28,2011
298,31,47,2011
559,31,26,2011
174,31,41,2011
152,31,6,2011
89,31,38,2011
35,31,37,2011
45,31,8,2011
557,31,7,2011
2013,31,48,2011
211,31,1,2011
1568,31,20,2011
135,31,30,2011
3122,31,11,2011
37,31,27,2011
15,31,33,2011
108,31,36,2011
302,31,25,2011
213,31,2,2011
67,31,45,2011
373,31,42,2011
189,31,3,2011
214,31,44,2011
383,31,19,2011
26,31,40,2011
449,31,32,2011
1556,31,14,2011
126,31,23,2011
1055,31,15,2011
94,31,22,2011
490,31,4,2011
326,31,12,2011
1078,31,43,2011
111,31,24,2011
293,26,17,2011
595,26,34,2011
699,26,46,2011
979,26,16,2011
1295,26,21,2011
5,26,49,2011
2,26,39,2011
2,26,35,2011
927,26,10,2011
1572,26,18,2011
166,26,9,2011
882,26,28,2011
460,26,47,2011
618,26,31,2011
88,26,41,2011
108,26,6,2011
182,26,38,2011
240,26,37,2011
337,26,8,2011
400,26,7,2011
211,26,48,2011
23,26,1,2011
7278,26,20,2011
294,26,30,2011
1059,26,11,2011
209,26,27,2011
110,26,36,2011
464,26,13,2011
292,26,25,2011
1740,26,2,2011
26,26,45,2011
228,26,42,2011
1612,26,3,2011
440,26,44,2011
809,26,19,2011
130,26,40,2011
656,26,32,2011
50,26,14,2011
629,26,23,2011
4449,26,15,2011
399,26,22,2011
2,26,29,2011
310,26,4,2011
982,26,12,2011
145,26,43,2011
99,26,24,2011
614,41,17,2011
488,41,34,2011
48,41,46,2011
274,41,16,2011
311,41,21,2011
69,41,39,2011
67,41,35,2011
1245,41,10,2011
843,41,18,2011
27,41,9,2011
1274,41,28,2011
2328,41,47,2011
88,41,31,2011
267,41,26,2011
347,41,6,2011
36,41,38,2011
194,41,37,2011
41,41,8,2011
589,41,7,2011
172,41,48,2011
372,41,1,2011
456,41,20,2011
80,41,11,2011
143,41,27,2011
23,41,36,2011
19,41,13,2011
552,41,25,2011
374,41,2,2011
2916,41,42,2011
319,41,3,2011
16,41,44,2011
918,41,19,2011
48,41,40,2011
561,41,32,2011
48,41,14,2011
3177,41,23,2011
1514,41,15,2011
139,41,22,2011
143,41,29,2011
830,41,4,2011
290,41,12,2011
117,41,5,2011
237,41,43,2011
18,41,24,2011
527,6,17,2011
184,6,34,2011
463,6,46,2011
786,6,16,2011
198,6,21,2011
68,6,49,2011
1331,6,10,2011
1429,6,18,2011
11,6,9,2011
287,6,28,2011
489,6,47,2011
49,6,31,2011
113,6,26,2011
305,6,41,2011
30,6,38,2011
187,6,37,2011
213,6,8,2011
208,6,7,2011
125,6,48,2011
1560,6,1,2011
377,6,20,2011
48,6,11,2011
17,6,27,2011
190,6,36,2011
40,6,13,2011
326,6,25,2011
641,6,2,2011
92,6,45,2011
409,6,42,2011
422,6,3,2011
134,6,19,2011
26,6,40,2011
191,6,32,2011
415,6,23,2011
5575,6,15,2011
107,6,22,2011
8,6,29,2011
545,6,4,2011
222,6,12,2011
71,6,5,2011
185,6,43,2011
24,6,24,2011
471,38,17,2011
22,38,46,2011
1248,38,16,2011
1022,38,21,2011
194,38,49,2011
3530,38,10,2011
307,38,18,2011
521,38,28,2011
207,38,47,2011
19,38,31,2011
362,38,26,2011
53,38,41,2011
90,38,6,2011
1148,38,37,2011
3015,38,8,2011
450,38,7,2011
241,38,48,2011
219,38,20,2011
53,38,30,2011
91,38,11,2011
36,38,27,2011
2318,38,33,2011
469,38,36,2011
383,38,13,2011
2194,38,25,2011
620,38,2,2011
37,38,45,2011
204,38,3,2011
202,38,44,2011
457,38,19,2011
171,38,40,2011
490,38,32,2011
6,38,23,2011
1021,38,15,2011
242,38,29,2011
2149,38,4,2011
988,38,12,2011
33,38,5,2011
9,38,43,2011
275,37,17,2011
328,37,34,2011
22,37,46,2011
1334,37,16,2011
565,37,21,2011
216,37,49,2011
725,37,39,2011
2419,37,35,2011
2638,37,10,2011
634,37,18,2011
439,37,28,2011
82,37,47,2011
83,37,31,2011
544,37,26,2011
355,37,41,2011
209,37,6,2011
8,37,38,2011
472,37,8,2011
177,37,7,2011
72,37,48,2011
45,37,1,2011
122,37,20,2011
9,37,30,2011
54,37,11,2011
159,37,27,2011
38,37,33,2011
913,37,36,2011
389,37,13,2011
862,37,25,2011
1795,37,2,2011
1,37,45,2011
853,37,42,2011
73,37,3,2011
77,37,44,2011
3039,37,19,2011
80,37,40,2011
651,37,32,2011
43,37,14,2011
194,37,23,2011
1617,37,15,2011
58,37,22,2011
61,37,29,2011
3776,37,4,2011
325,37,12,2011
1286,37,5,2011
25,37,43,2011
16,8,17,2011
112,8,34,2011
118,8,46,2011
1548,8,16,2011
326,8,21,2011
1314,8,49,2011
121,8,39,2011
309,8,35,2011
2071,8,10,2011
670,8,18,2011
59,8,9,2011
530,8,28,2011
143,8,47,2011
70,8,31,2011
4,8,26,2011
154,8,41,2011
66,8,6,2011
671,8,38,2011
524,8,37,2011
432,8,7,2011
146,8,48,2011
218,8,1,2011
70,8,20,2011
1,8,30,2011
38,8,27,2011
2347,8,33,2011
706,8,36,2011
38,8,13,2011
2214,8,25,2011
1368,8,2,2011
55,8,45,2011
317,8,42,2011
24,8,3,2011
215,8,44,2011
950,8,19,2011
1166,8,40,2011
110,8,32,2011
17,8,14,2011
255,8,23,2011
761,8,15,2011
145,8,22,2011
359,8,29,2011
814,8,4,2011
238,8,12,2011
35,8,5,2011
110,8,43,2011
22,8,24,2011
283,7,17,2011
950,7,34,2011
190,7,46,2011
1221,7,16,2011
326,7,21,2011
70,7,49,2011
4,7,39,2011
112,7,35,2011
1987,7,10,2011
707,7,18,2011
62,7,9,2011
1039,7,28,2011
798,7,47,2011
170,7,31,2011
197,7,26,2011
321,7,41,2011
117,7,6,2011
71,7,38,2011
210,7,37,2011
266,7,8,2011
522,7,48,2011
162,7,1,2011
286,7,20,2011
35,7,30,2011
69,7,11,2011
168,7,27,2011
15,7,33,2011
191,7,36,2011
91,7,13,2011
398,7,25,2011
761,7,2,2011
33,7,45,2011
1450,7,42,2011
105,7,3,2011
167,7,44,2011
445,7,19,2011
18,7,40,2011
453,7,32,2011
24,7,14,2011
605,7,23,2011
1584,7,15,2011
111,7,22,2011
33,7,29,2011
741,7,4,2011
376,7,12,2011
46,7,5,2011
568,7,43,2011
85,7,24,2011
61,48,17,2011
616,48,34,2011
43,48,46,2011
1063,48,16,2011
571,48,21,2011
14,48,49,2011
37,48,39,2011
76,48,35,2011
872,48,10,2011
338,48,18,2011
105,48,9,2011
840,48,28,2011
218,48,47,2011
1053,48,31,2011
127,48,26,2011
88,48,41,2011
130,48,6,2011
55,48,38,2011
151,48,37,2011
161,48,8,2011
499,48,7,2011
114,48,1,2011
378,48,20,2011
181,48,30,2011
272,48,11,2011
197,48,27,2011
19,48,33,2011
235,48,36,2011
81,48,13,2011
341,48,25,2011
242,48,2,2011
2290,48,45,2011
334,48,42,2011
92,48,3,2011
264,48,44,2011
159,48,19,2011
5,48,40,2011
88,48,32,2011
999,48,14,2011
83,48,23,2011
1438,48,15,2011
175,48,22,2011
38,48,29,2011
156,48,4,2011
288,48,12,2011
3353,48,43,2011
66,48,24,2011
1324,1,17,2011
411,1,34,2011
581,1,46,2011
702,1,16,2011
295,1,21,2011
23,1,49,2011
27,1,35,2011
1737,1,10,2011
1806,1,18,2011
20,1,9,2011
510,1,28,2011
157,1,47,2011
136,1,31,2011
509,1,26,2011
418,1,41,2011
3442,1,6,2011
372,1,37,2011
119,1,8,2011
240,1,7,2011
184,1,48,2011
550,1,20,2011
142,1,11,2011
68,1,27,2011
53,1,33,2011
171,1,36,2011
186,1,13,2011
134,1,25,2011
427,1,2,2011
26,1,45,2011
231,1,42,2011
66,1,3,2011
2,1,44,2011
415,1,19,2011
726,1,32,2011
43,1,14,2011
3079,1,23,2011
2030,1,15,2011
48,1,22,2011
564,1,4,2011
372,1,12,2011
330,1,43,2011
23,1,24,2011
180,20,17,2011
644,20,34,2011
1216,20,46,2011
1277,20,16,2011
757,20,21,2011
60,20,49,2011
118,20,39,2011
18,20,35,2011
1183,20,10,2011
418,20,18,2011
63,20,9,2011
2310,20,28,2011
303,20,47,2011
607,20,31,2011
3665,20,26,2011
464,20,41,2011
228,20,6,2011
54,20,38,2011
244,20,37,2011
209,20,8,2011
417,20,7,2011
223,20,48,2011
263,20,1,2011
26,20,30,2011
307,20,11,2011
55,20,27,2011
25,20,33,2011
97,20,36,2011
196,20,13,2011
235,20,25,2011
438,20,2,2011
54,20,45,2011
333,20,42,2011
961,20,3,2011
194,20,44,2011
292,20,19,2011
18,20,40,2011
253,20,32,2011
58,20,14,2011
631,20,23,2011
2241,20,15,2011
85,20,22,2011
11,20,29,2011
378,20,4,2011
550,20,12,2011
51,20,5,2011
347,20,43,2011
40,20,24,2011
317,30,17,2011
2437,30,34,2011
714,30,46,2011
2605,30,16,2011
4089,30,21,2011
206,30,49,2011
38,30,35,2011
560,30,10,2011
246,30,18,2011
1606,30,9,2011
304,30,28,2011
34,30,47,2011
370,30,31,2011
270,30,26,2011
216,30,41,2011
278,30,6,2011
10,30,38,2011
73,30,37,2011
597,30,8,2011
84,30,7,2011
1460,30,48,2011
847,30,20,2011
64,30,11,2011
1140,30,27,2011
230,30,33,2011
49,30,36,2011
545,30,13,2011
392,30,25,2011
564,30,2,2011
1230,30,45,2011
101,30,42,2011
805,30,3,2011
1081,30,44,2011
338,30,19,2011
917,30,32,2011
232,30,14,2011
43,30,23,2011
538,30,15,2011
1244,30,22,2011
618,30,4,2011
2130,30,12,2011
60,30,5,2011
143,30,43,2011
1107,30,24,2011
418,11,17,2011
756,11,34,2011
180,11,46,2011
1062,11,16,2011
2489,11,21,2011
33,11,49,2011
6,11,39,2011
42,11,35,2011
2095,11,10,2011
2251,11,18,2011
238,11,9,2011
449,11,28,2011
337,11,47,2011
3525,11,31,2011
895,11,26,2011
255,11,41,2011
95,11,6,2011
346,11,8,2011
238,11,7,2011
1051,11,48,2011
64,11,1,2011
2640,11,20,2011
208,11,30,2011
17,11,27,2011
17,11,33,2011
169,11,36,2011
191,11,13,2011
314,11,25,2011
573,11,2,2011
118,11,45,2011
638,11,42,2011
1075,11,3,2011
176,11,44,2011
316,11,19,2011
110,11,32,2011
920,11,14,2011
342,11,23,2011
2084,11,15,2011
105,11,22,2011
139,11,4,2011
365,11,12,2011
42,11,5,2011
262,11,43,2011
969,11,24,2011
94,27,17,2011
3227,27,34,2011
236,27,46,2011
13329,27,16,2011
1497,27,21,2011
58,27,49,2011
87,27,35,2011
1300,27,10,2011
285,27,18,2011
1320,27,9,2011
904,27,28,2011
188,27,47,2011
740,27,31,2011
242,27,26,2011
500,27,41,2011
366,27,6,2011
55,27,38,2011
407,27,37,2011
60,27,8,2011
447,27,7,2011
988,27,48,2011
30,27,1,2011
569,27,20,2011
253,27,30,2011
88,27,11,2011
68,27,33,2011
331,27,36,2011
773,27,13,2011
658,27,25,2011
386,27,2,2011
311,27,45,2011
682,27,42,2011
259,27,3,2011
2662,27,44,2011
389,27,19,2011
374,27,32,2011
40,27,14,2011
325,27,23,2011
2872,27,15,2011
1590,27,22,2011
5,27,29,2011
632,27,4,2011
1815,27,12,2011
108,27,5,2011
244,27,43,2011
157,27,24,2011
48,33,17,2011
172,33,34,2011
39,33,46,2011
925,33,16,2011
370,33,21,2011
924,33,49,2011
109,33,35,2011
3275,33,10,2011
99,33,18,2011
97,33,9,2011
446,33,28,2011
68,33,47,2011
20,33,26,2011
39,33,41,2011
11,33,6,2011
3258,33,38,2011
175,33,37,2011
9097,33,8,2011
55,33,7,2011
15,33,48,2011
49,33,1,2011
582,33,20,2011
377,33,36,2011
86,33,13,2011
2251,33,25,2011
1574,33,2,2011
1508,33,42,2011
323,33,44,2011
1004,33,19,2011
712,33,40,2011
281,33,32,2011
99,33,23,2011
347,33,15,2011
25,33,22,2011
1699,33,29,2011
1018,33,4,2011
624,33,12,2011
121,33,5,2011
363,33,43,2011
226,36,17,2011
382,36,34,2011
38,36,46,2011
912,36,16,2011
324,36,21,2011
431,36,49,2011
713,36,39,2011
117,36,35,2011
2855,36,10,2011
948,36,18,2011
9,36,9,2011
340,36,28,2011
73,36,47,2011
20,36,31,2011
134,36,26,2011
146,36,41,2011
51,36,6,2011
78,36,38,2011
1090,36,37,2011
943,36,8,2011
209,36,7,2011
71,36,48,2011
30,36,1,2011
126,36,20,2011
100,36,30,2011
13,36,11,2011
239,36,27,2011
33,36,33,2011
27,36,13,2011
4695,36,25,2011
1175,36,2,2011
20,36,45,2011
445,36,42,2011
44,36,3,2011
149,36,44,2011
4092,36,19,2011
138,36,40,2011
480,36,32,2011
49,36,14,2011
158,36,23,2011
858,36,15,2011
57,36,22,2011
108,36,29,2011
829,36,4,2011
227,36,12,2011
162,36,5,2011
42,36,43,2011
57,13,17,2011
2215,13,34,2011
372,13,46,2011
2837,13,16,2011
4228,13,21,2011
127,13,49,2011
661,13,10,2011
380,13,18,2011
67,13,9,2011
756,13,28,2011
242,13,47,2011
202,13,31,2011
369,13,26,2011
265,13,41,2011
494,13,6,2011
69,13,38,2011
383,13,37,2011
95,13,8,2011
244,13,7,2011
259,13,48,2011
516,13,1,2011
488,13,20,2011
126,13,30,2011
116,13,11,2011
1026,13,27,2011
89,13,33,2011
170,13,36,2011
221,13,25,2011
834,13,2,2011
47,13,45,2011
122,13,42,2011
193,13,3,2011
258,13,44,2011
156,13,19,2011
44,13,40,2011
287,13,32,2011
246,13,14,2011
183,13,23,2011
7318,13,15,2011
820,13,22,2011
26,13,29,2011
487,13,4,2011
754,13,12,2011
343,13,43,2011
36,13,24,2011
56,25,17,2011
198,25,34,2011
34,25,46,2011
1314,25,16,2011
205,25,21,2011
1026,25,49,2011
161,25,39,2011
118,25,35,2011
3040,25,10,2011
741,25,18,2011
21,25,9,2011
328,25,28,2011
129,25,47,2011
121,25,31,2011
40,25,26,2011
111,25,41,2011
69,25,6,2011
132,25,38,2011
472,25,37,2011
996,25,8,2011
312,25,7,2011
123,25,48,2011
18,25,1,2011
148,25,20,2011
21,25,30,2011
27,25,11,2011
77,25,27,2011
75,25,33,2011
2093,25,36,2011
74,25,13,2011
939,25,2,2011
13,25,45,2011
450,25,42,2011
95,25,3,2011
105,25,44,2011
1509,25,19,2011
142,25,40,2011
580,25,32,2011
252,25,23,2011
1341,25,15,2011
99,25,22,2011
190,25,29,2011
638,25,4,2011
231,25,12,2011
103,25,5,2011
113,25,43,2011
5,25,24,2011
279,2,17,2011
263,2,34,2011
172,2,46,2011
901,2,16,2011
492,2,21,2011
106,2,49,2011
40,2,39,2011
177,2,35,2011
2483,2,10,2011
1981,2,18,2011
27,2,9,2011
420,2,28,2011
314,2,47,2011
182,2,31,2011
126,2,26,2011
405,2,41,2011
220,2,6,2011
149,2,38,2011
692,2,37,2011
410,2,8,2011
352,2,7,2011
87,2,48,2011
50,2,1,2011
379,2,20,2011
121,2,30,2011
85,2,11,2011
138,2,27,2011
134,2,33,2011
256,2,36,2011
54,2,13,2011
966,2,25,2011
93,2,45,2011
473,2,42,2011
136,2,3,2011
113,2,44,2011
1165,2,19,2011
26,2,40,2011
2392,2,32,2011
17,2,14,2011
968,2,23,2011
1548,2,15,2011
171,2,22,2011
25,2,29,2011
2355,2,4,2011
400,2,12,2011
400,2,5,2011
219,2,43,2011
40,2,24,2011
414,45,17,2011
1691,45,34,2011
312,45,46,2011
2031,45,16,2011
3282,45,21,2011
415,45,35,2011
750,45,10,2011
293,45,18,2011
1752,45,9,2011
153,45,28,2011
102,45,47,2011
881,45,31,2011
553,45,26,2011
170,45,41,2011
404,45,6,2011
27,45,38,2011
89,45,8,2011
232,45,7,2011
11053,45,48,2011
1425,45,20,2011
525,45,30,2011
426,45,11,2011
68,45,33,2011
89,45,36,2011
385,45,13,2011
545,45,25,2011
275,45,2,2011
297,45,42,2011
1354,45,3,2011
456,45,44,2011
284,45,19,2011
395,45,32,2011
3006,45,14,2011
72,45,23,2011
1180,45,15,2011
2,45,22,2011
674,45,4,2011
275,45,12,2011
2018,45,43,2011
345,45,24,2011
224,42,17,2011
405,42,34,2011
15,42,46,2011
907,42,16,2011
478,42,21,2011
119,42,49,2011
57,42,39,2011
26,42,35,2011
1575,42,10,2011
594,42,18,2011
22,42,9,2011
726,42,28,2011
962,42,47,2011
86,42,31,2011
139,42,26,2011
1699,42,41,2011
228,42,6,2011
41,42,38,2011
294,42,37,2011
152,42,8,2011
972,42,7,2011
169,42,48,2011
85,42,1,2011
280,42,20,2011
27,42,30,2011
23,42,11,2011
117,42,27,2011
21,42,33,2011
97,42,36,2011
150,42,13,2011
449,42,25,2011
882,42,2,2011
24,42,45,2011
139,42,3,2011
82,42,44,2011
1132,42,19,2011
5,42,40,2011
548,42,32,2011
7,42,14,2011
514,42,23,2011
1066,42,15,2011
223,42,22,2011
33,42,29,2011
828,42,4,2011
232,42,12,2011
740,42,5,2011
117,42,43,2011
1,42,24,2011
256,3,17,2011
849,3,34,2011
992,3,46,2011
1349,3,16,2011
1009,3,21,2011
57,3,49,2011
7,3,39,2011
686,3,10,2011
430,3,18,2011
76,3,9,2011
264,3,28,2011
222,3,47,2011
140,3,31,2011
1325,3,26,2011
331,3,41,2011
1117,3,6,2011
6,3,38,2011
223,3,37,2011
23,3,8,2011
242,3,7,2011
144,3,48,2011
149,3,1,2011
1603,3,20,2011
25,3,30,2011
331,3,11,2011
68,3,27,2011
204,3,36,2011
61,3,13,2011
376,3,25,2011
366,3,2,2011
15,3,45,2011
615,3,42,2011
536,3,44,2011
74,3,19,2011
266,3,32,2011
10,3,14,2011
835,3,23,2011
5095,3,15,2011
39,3,22,2011
225,3,4,2011
201,3,12,2011
25,3,5,2011
31,3,43,2011
121,3,24,2011
43,44,17,2011
1191,44,34,2011
163,44,46,2011
4691,44,16,2011
1431,44,21,2011
30,44,49,2011
13,44,35,2011
856,44,10,2011
187,44,18,2011
1851,44,9,2011
204,44,28,2011
130,44,47,2011
209,44,31,2011
73,44,26,2011
118,44,41,2011
395,44,6,2011
121,44,38,2011
71,44,37,2011
45,44,8,2011
167,44,7,2011
464,44,48,2011
19,44,1,2011
200,44,20,2011
505,44,30,2011
401,44,11,2011
436,44,27,2011
51,44,33,2011
92,44,36,2011
236,44,13,2011
565,44,25,2011
303,44,2,2011
68,44,45,2011
342,44,42,2011
236,44,3,2011
411,44,19,2011
14,44,40,2011
215,44,32,2011
3,44,14,2011
187,44,23,2011
966,44,15,2011
526,44,22,2011
32,44,29,2011
903,44,4,2011
7532,44,12,2011
34,44,5,2011
272,44,43,2011
247,44,24,2011
84,19,17,2011
269,19,34,2011
44,19,46,2011
670,19,16,2011
262,19,21,2011
287,19,49,2011
672,19,39,2011
124,19,35,2011
1633,19,10,2011
454,19,18,2011
26,19,9,2011
236,19,28,2011
313,19,47,2011
30,19,31,2011
117,19,26,2011
116,19,41,2011
35,19,6,2011
71,19,38,2011
1110,19,37,2011
512,19,8,2011
224,19,7,2011
68,19,48,2011
201,19,1,2011
142,19,20,2011
65,19,30,2011
19,19,11,2011
44,19,27,2011
79,19,33,2011
1548,19,36,2011
38,19,13,2011
2086,19,25,2011
741,19,2,2011
51,19,45,2011
1121,19,42,2011
87,19,3,2011
110,19,44,2011
88,19,40,2011
276,19,32,2011
4,19,14,2011
263,19,23,2011
714,19,15,2011
117,19,22,2011
30,19,29,2011
942,19,4,2011
180,19,12,2011
329,19,5,2011
101,19,43,2011
22,19,24,2011
68,40,34,2011
1046,40,16,2011
412,40,21,2011
1412,40,49,2011
124,40,39,2011
47,40,35,2011
4747,40,10,2011
319,40,18,2011
263,40,28,2011
46,40,47,2011
61,40,31,2011
170,40,26,2011
607,40,41,2011
254,40,6,2011
222,40,38,2011
186,40,37,2011
9663,40,8,2011
365,40,7,2011
38,40,1,2011
340,40,20,2011
81,40,27,2011
577,40,33,2011
439,40,36,2011
1322,40,25,2011
421,40,2,2011
350,40,42,2011
144,40,3,2011
758,40,19,2011
429,40,32,2011
6,40,14,2011
13,40,23,2011
1230,40,15,2011
380,40,29,2011
1800,40,4,2011
439,40,12,2011
269,40,5,2011
349,40,43,2011
12,40,24,2011
435,32,17,2011
379,32,34,2011
50,32,46,2011
1232,32,16,2011
153,32,21,2011
213,32,49,2011
32,32,39,2011
76,32,35,2011
2558,32,10,2011
3620,32,18,2011
11,32,9,2011
338,32,28,2011
707,32,47,2011
36,32,31,2011
235,32,26,2011
296,32,41,2011
336,32,6,2011
125,32,38,2011
616,32,37,2011
346,32,8,2011
467,32,7,2011
95,32,48,2011
85,32,1,2011
57,32,20,2011
16,32,30,2011
52,32,11,2011
35,32,27,2011
125,32,33,2011
339,32,36,2011
31,32,13,2011
1486,32,25,2011
4372,32,2,2011
818,32,42,2011
431,32,3,2011
79,32,44,2011
735,32,19,2011
47,32,40,2011
113,32,14,2011
1183,32,23,2011
872,32,15,2011
66,32,22,2011
4,32,29,2011
1415,32,4,2011
325,32,12,2011
397,32,5,2011
80,32,43,2011
46,32,24,2011
109,14,17,2011
2011,14,34,2011
1219,14,16,2011
1627,14,21,2011
126,14,35,2011
869,14,10,2011
650,14,18,2011
1022,14,9,2011
1600,14,28,2011
285,14,47,2011
3450,14,31,2011
126,14,26,2011
44,14,6,2011
50,14,38,2011
53,14,8,2011
693,14,7,2011
6441,14,48,2011
7,14,1,2011
438,14,20,2011
275,14,30,2011
3641,14,11,2011
713,14,27,2011
104,14,33,2011
291,14,13,2011
135,14,25,2011
686,14,2,2011
1569,14,45,2011
41,14,42,2011
728,14,3,2011
506,14,44,2011
172,14,19,2011
75,14,32,2011
219,14,23,2011
1804,14,15,2011
155,14,22,2011
1102,14,4,2011
275,14,12,2011
716,14,43,2011
1266,14,24,2011
1361,23,17,2011
262,23,34,2011
1009,23,46,2011
1369,23,16,2011
498,23,21,2011
19,23,49,2011
34,23,39,2011
65,23,35,2011
1633,23,10,2011
2640,23,18,2011
46,23,9,2011
503,23,28,2011
606,23,47,2011
97,23,31,2011
166,23,26,2011
2633,23,41,2011
389,23,6,2011
61,23,38,2011
303,23,37,2011
57,23,8,2011
485,23,7,2011
136,23,48,2011
1200,23,1,2011
418,23,20,2011
41,23,30,2011
35,23,11,2011
15,23,27,2011
19,23,33,2011
220,23,36,2011
140,23,13,2011
415,23,25,2011
946,23,2,2011
17,23,45,2011
1010,23,42,2011
265,23,3,2011
105,23,44,2011
584,23,19,2011
32,23,40,2011
519,23,32,2011
1685,23,15,2011
85,23,22,2011
51,23,29,2011
1169,23,4,2011
365,23,12,2011
85,23,5,2011
116,23,43,2011
10,23,24,2011
310,15,17,2011
494,15,34,2011
575,15,46,2011
1446,15,16,2011
873,15,21,2011
47,15,49,2011
34,15,39,2011
42,15,35,2011
995,15,10,2011
614,15,18,2011
50,15,9,2011
429,15,28,2011
246,15,47,2011
91,15,31,2011
256,15,26,2011
181,15,41,2011
1181,15,6,2011
63,15,38,2011
141,15,37,2011
202,15,8,2011
387,15,7,2011
119,15,48,2011
204,15,1,2011
401,15,20,2011
51,15,30,2011
208,15,11,2011
282,15,27,2011
23,15,33,2011
148,15,36,2011
531,15,13,2011
356,15,25,2011
258,15,2,2011
72,15,45,2011
467,15,42,2011
1231,15,3,2011
175,15,44,2011
273,15,19,2011
8,15,40,2011
336,15,32,2011
45,15,14,2011
273,15,23,2011
175,15,22,2011
7,15,29,2011
454,15,4,2011
604,15,12,2011
61,15,5,2011
77,15,43,2011
54,15,24,2011
106,22,17,2011
3758,22,34,2011
3177,22,16,2011
1370,22,21,2011
141,22,49,2011
168,22,39,2011
26,22,35,2011
832,22,10,2011
281,22,18,2011
2152,22,9,2011
337,22,28,2011
43,22,47,2011
526,22,31,2011
69,22,26,2011
49,22,41,2011
63,22,6,2011
64,22,38,2011
79,22,37,2011
194,22,8,2011
228,22,7,2011
326,22,48,2011
117,22,1,2011
602,22,20,2011
437,22,30,2011
260,22,11,2011
1195,22,27,2011
56,22,33,2011
90,22,36,2011
107,22,13,2011
274,22,25,2011
341,22,2,2011
152,22,45,2011
245,22,42,2011
208,22,3,2011
1223,22,44,2011
442,22,19,2011
64,22,40,2011
64,22,32,2011
198,22,14,2011
71,22,23,2011
1859,22,15,2011
64,22,29,2011
506,22,4,2011
1701,22,12,2011
40,22,5,2011
316,22,43,2011
760,22,24,2011
105,29,17,2011
1188,29,16,2011
1457,29,21,2011
969,29,49,2011
709,29,35,2011
3219,29,10,2011
575,29,18,2011
78,29,28,2011
845,29,47,2011
60,29,31,2011
240,29,41,2011
138,29,6,2011
976,29,38,2011
63,29,37,2011
3581,29,8,2011
282,29,48,2011
140,29,20,2011
84,29,30,2011
3409,29,33,2011
113,29,13,2011
6190,29,25,2011
338,29,2,2011
108,29,42,2011
280,29,44,2011
711,29,19,2011
990,29,40,2011
145,29,32,2011
60,29,23,2011
556,29,15,2011
194,29,22,2011
275,29,4,2011
189,29,12,2011
36,29,5,2011
545,29,43,2011
6,29,24,2011
609,4,17,2011
275,4,34,2011
153,4,46,2011
1944,4,16,2011
775,4,21,2011
315,4,49,2011
131,4,39,2011
984,4,35,2011
2050,4,10,2011
1165,4,18,2011
111,4,9,2011
645,4,28,2011
183,4,47,2011
88,4,31,2011
245,4,26,2011
636,4,41,2011
253,4,6,2011
70,4,38,2011
2726,4,37,2011
368,4,8,2011
287,4,7,2011
127,4,48,2011
179,4,1,2011
331,4,20,2011
34,4,30,2011
75,4,11,2011
214,4,27,2011
108,4,33,2011
550,4,36,2011
52,4,13,2011
1333,4,25,2011
3370,4,2,2011
20,4,45,2011
669,4,42,2011
125,4,3,2011
145,4,44,2011
1039,4,19,2011
59,4,40,2011
972,4,32,2011
9,4,14,2011
752,4,23,2011
1633,4,15,2011
297,4,22,2011
91,4,29,2011
522,4,12,2011
686,4,5,2011
317,4,43,2011
55,4,24,2011
383,12,17,2011
2042,12,34,2011
216,12,46,2011
5343,12,16,2011
809,12,21,2011
330,12,49,2011
70,12,39,2011
69,12,35,2011
928,12,10,2011
542,12,18,2011
1317,12,9,2011
450,12,28,2011
150,12,47,2011
125,12,31,2011
113,12,26,2011
164,12,41,2011
157,12,6,2011
12,12,38,2011
223,12,37,2011
245,12,8,2011
209,12,7,2011
206,12,48,2011
41,12,1,2011
368,12,20,2011
561,12,30,2011
122,12,11,2011
685,12,27,2011
62,12,33,2011
359,12,36,2011
135,12,13,2011
437,12,25,2011
482,12,2,2011
59,12,45,2011
289,12,42,2011
182,12,3,2011
3202,12,44,2011
540,12,19,2011
38,12,40,2011
367,12,32,2011
81,12,14,2011
417,12,23,2011
2244,12,15,2011
706,12,22,2011
22,12,29,2011
676,12,4,2011
12,12,5,2011
227,12,43,2011
264,12,24,2011
35,5,17,2011
37,5,34,2011
12,5,46,2011
448,5,16,2011
221,5,21,2011
24,5,49,2011
106,5,39,2011
64,5,35,2011
2674,5,10,2011
721,5,18,2011
189,5,28,2011
116,5,47,2011
61,5,31,2011
632,5,41,2011
59,5,6,2011
23,5,38,2011
1091,5,37,2011
490,5,8,2011
224,5,7,2011
49,5,48,2011
163,5,1,2011
105,5,20,2011
7,5,30,2011
12,5,11,2011
674,5,36,2011
339,5,25,2011
1497,5,2,2011
4066,5,42,2011
23,5,3,2011
35,5,44,2011
2494,5,19,2011
107,5,40,2011
905,5,32,2011
746,5,23,2011
357,5,15,2011
145,5,22,2011
28,5,29,2011
4870,5,4,2011
84,5,12,2011
587,5,43,2011
73,43,17,2011
1134,43,34,2011
120,43,46,2011
993,43,16,2011
700,43,21,2011
115,43,49,2011
9,43,39,2011
165,43,35,2011
1299,43,10,2011
477,43,18,2011
28,43,9,2011
2542,43,28,2011
512,43,47,2011
444,43,31,2011
156,43,26,2011
101,43,41,2011
59,43,6,2011
56,43,38,2011
61,43,37,2011
77,43,8,2011
704,43,7,2011
3374,43,48,2011
199,43,1,2011
263,43,20,2011
25,43,30,2011
98,43,11,2011
468,43,27,2011
37,43,36,2011
59,43,13,2011
329,43,25,2011
401,43,2,2011
245,43,45,2011
444,43,42,2011
165,43,3,2011
160,43,44,2011
425,43,19,2011
59,43,32,2011
84,43,14,2011
212,43,23,2011
1048,43,15,2011
27,43,22,2011
24,43,29,2011
150,43,4,2011
261,43,12,2011
7,43,5,2011
29,43,24,2011
15,24,17,2011
4424,24,34,2011
444,24,46,2011
3608,24,16,2011
5185,24,21,2011
114,24,49,2011
816,24,39,2011
1491,24,10,2011
888,24,18,2011
858,24,9,2011
102,24,28,2011
206,24,47,2011
246,24,31,2011
2265,24,26,2011
100,24,41,2011
629,24,6,2011
37,24,38,2011
141,24,37,2011
1482,24,7,2011
394,24,48,2011
1974,24,20,2011
4253,24,30,2011
1701,24,11,2011
1644,24,27,2011
285,24,33,2011
26,24,36,2011
498,24,13,2011
1212,24,25,2011
269,24,2,2011
245,24,45,2011
2256,24,42,2011
3107,24,3,2011
1611,24,44,2011
343,24,19,2011
40,24,40,2011
1114,24,32,2011
2309,24,14,2011
230,24,23,2011
4406,24,15,2011
1864,24,22,2011
66,24,29,2011
334,24,4,2011
2656,24,12,2011
24,24,43,2011
276,17,34,2012
77,17,46,2012
521,17,16,2012
645,17,21,2012
9,17,49,2012
24,17,39,2012
16,17,35,2012
3862,17,10,2012
2878,17,18,2012
119,17,9,2012
183,17,28,2012
337,17,47,2012
104,17,31,2012
177,17,26,2012
859,17,41,2012
483,17,6,2012
26,17,38,2012
261,17,37,2012
132,17,8,2012
486,17,7,2012
269,17,48,2012
1067,17,1,2012
276,17,20,2012
6,17,30,2012
50,17,11,2012
158,17,27,2012
161,17,36,2012
163,17,13,2012
283,17,25,2012
898,17,2,2012
17,17,45,2012
769,17,42,2012
213,17,3,2012
77,17,44,2012
399,17,19,2012
4,17,40,2012
345,17,32,2012
2515,17,23,2012
2075,17,15,2012
26,17,22,2012
3,17,29,2012
522,17,4,2012
312,17,12,2012
99,17,5,2012
67,17,43,2012
53,17,24,2012
146,34,17,2012
255,34,46,2012
5936,34,16,2012
1615,34,21,2012
483,34,49,2012
28,34,39,2012
137,34,35,2012
987,34,10,2012
1015,34,18,2012
369,34,9,2012
1089,34,28,2012
421,34,47,2012
242,34,31,2012
472,34,26,2012
168,34,41,2012
308,34,6,2012
35,34,38,2012
115,34,37,2012
300,34,8,2012
1093,34,7,2012
467,34,48,2012
108,34,1,2012
350,34,20,2012
236,34,30,2012
367,34,11,2012
1334,34,27,2012
67,34,33,2012
202,34,36,2012
974,34,13,2012
632,34,25,2012
532,34,2,2012
239,34,45,2012
751,34,42,2012
453,34,3,2012
1213,34,44,2012
538,34,19,2012
14,34,40,2012
338,34,32,2012
66,34,14,2012
343,34,23,2012
2884,34,15,2012
1215,34,22,2012
19,34,29,2012
369,34,4,2012
1275,34,12,2012
12,34,5,2012
496,34,43,2012
307,34,24,2012
223,46,17,2012
411,46,34,2012
1176,46,16,2012
353,46,21,2012
67,46,49,2012
11,46,35,2012
1124,46,10,2012
352,46,18,2012
98,46,9,2012
537,46,28,2012
191,46,47,2012
152,46,31,2012
730,46,26,2012
175,46,41,2012
1234,46,6,2012
46,46,37,2012
133,46,8,2012
306,46,7,2012
127,46,48,2012
907,46,1,2012
3195,46,20,2012
21,46,30,2012
122,46,11,2012
119,46,27,2012
19,46,36,2012
138,46,13,2012
83,46,25,2012
291,46,2,2012
299,46,42,2012
1956,46,3,2012
55,46,44,2012
194,46,19,2012
284,46,32,2012
76,46,14,2012
1119,46,23,2012
4668,46,15,2012
122,46,22,2012
150,46,4,2012
478,46,12,2012
85,46,43,2012
82,46,24,2012
81,16,17,2012
1182,16,34,2012
92,16,46,2012
583,16,21,2012
83,16,49,2012
58,16,39,2012
131,16,35,2012
537,16,10,2012
373,16,18,2012
270,16,9,2012
393,16,28,2012
158,16,47,2012
86,16,31,2012
142,16,26,2012
89,16,41,2012
135,16,6,2012
42,16,38,2012
226,16,37,2012
336,16,8,2012
213,16,7,2012
213,16,48,2012
115,16,1,2012
282,16,20,2012
143,16,30,2012
90,16,11,2012
1316,16,27,2012
39,16,33,2012
114,16,36,2012
119,16,13,2012
648,16,25,2012
365,16,2,2012
26,16,45,2012
237,16,42,2012
235,16,3,2012
839,16,44,2012
204,16,19,2012
56,16,40,2012
157,16,32,2012
39,16,14,2012
221,16,23,2012
1652,16,15,2012
402,16,22,2012
29,16,29,2012
389,16,4,2012
1201,16,12,2012
32,16,5,2012
140,16,43,2012
53,16,24,2012
266,21,17,2012
2655,21,34,2012
116,21,46,2012
2917,21,16,2012
70,21,49,2012
130,21,35,2012
1688,21,10,2012
907,21,18,2012
228,21,9,2012
584,21,28,2012
235,21,47,2012
626,21,31,2012
721,21,26,2012
137,21,41,2012
275,21,6,2012
60,21,38,2012
206,21,37,2012
188,21,8,2012
455,21,7,2012
686,21,48,2012
153,21,1,2012
731,21,20,2012
411,21,30,2012
389,21,11,2012
1232,21,27,2012
110,21,33,2012
73,21,36,2012
920,21,13,2012
692,21,25,2012
922,21,2,2012
105,21,45,2012
612,21,42,2012
908,21,3,2012
861,21,44,2012
495,21,19,2012
63,21,40,2012
368,21,32,2012
335,21,14,2012
476,21,23,2012
3199,21,15,2012
1030,21,22,2012
73,21,29,2012
1030,21,4,2012
1000,21,12,2012
20,21,5,2012
308,21,43,2012
1078,21,24,2012
79,49,17,2012
116,49,34,2012
51,49,46,2012
1881,49,16,2012
366,49,21,2012
414,49,39,2012
171,49,35,2012
2496,49,10,2012
508,49,18,2012
12,49,9,2012
265,49,28,2012
228,49,47,2012
31,49,31,2012
58,49,26,2012
68,49,41,2012
45,49,6,2012
408,49,38,2012
245,49,37,2012
2928,49,8,2012
222,49,7,2012
193,49,48,2012
29,49,1,2012
114,49,20,2012
39,49,27,2012
374,49,33,2012
964,49,36,2012
77,49,13,2012
4060,49,25,2012
1367,49,2,2012
18,49,45,2012
376,49,42,2012
105,49,44,2012
921,49,19,2012
1160,49,40,2012
442,49,32,2012
260,49,23,2012
770,49,15,2012
39,49,22,2012
452,49,29,2012
758,49,4,2012
807,49,12,2012
39,49,5,2012
182,49,43,2012
45,39,17,2012
268,39,34,2012
517,39,16,2012
76,39,21,2012
24,39,49,2012
85,39,35,2012
1200,39,10,2012
246,39,18,2012
131,39,9,2012
255,39,28,2012
698,39,47,2012
771,39,41,2012
255,39,38,2012
4479,39,37,2012
552,39,8,2012
124,39,7,2012
255,39,20,2012
407,39,27,2012
2099,39,36,2012
109,39,13,2012
521,39,25,2012
2382,39,2,2012
1179,39,42,2012
415,39,3,2012
5260,39,19,2012
761,39,32,2012
192,39,23,2012
197,39,15,2012
2490,39,4,2012
109,39,12,2012
736,39,5,2012
323,39,43,2012
255,35,17,2012
56,35,34,2012
322,35,46,2012
5038,35,16,2012
768,35,21,2012
453,35,49,2012
17,35,39,2012
1228,35,10,2012
2129,35,18,2012
182,35,9,2012
1678,35,28,2012
1645,35,47,2012
237,35,31,2012
718,35,26,2012
400,35,41,2012
938,35,6,2012
50,35,38,2012
33410,35,37,2012
596,35,8,2012
431,35,7,2012
488,35,48,2012
152,35,1,2012
226,35,20,2012
737,35,27,2012
159,35,33,2012
1322,35,36,2012
39,35,13,2012
6199,35,25,2012
2836,35,2,2012
110,35,45,2012
1551,35,42,2012
237,35,3,2012
1096,35,44,2012
4600,35,19,2012
492,35,40,2012
685,35,32,2012
283,35,23,2012
1872,35,15,2012
182,35,29,2012
17268,35,4,2012
1217,35,12,2012
463,35,5,2012
23,35,43,2012
582,10,17,2012
287,10,34,2012
138,10,46,2012
1088,10,16,2012
446,10,21,2012
340,10,49,2012
37,10,39,2012
88,10,35,2012
2221,10,18,2012
104,10,9,2012
657,10,28,2012
594,10,47,2012
224,10,31,2012
161,10,26,2012
478,10,41,2012
338,10,6,2012
151,10,38,2012
497,10,37,2012
667,10,8,2012
681,10,7,2012
122,10,48,2012
242,10,1,2012
433,10,20,2012
97,10,30,2012
70,10,11,2012
175,10,27,2012
142,10,33,2012
551,10,36,2012
243,10,13,2012
1419,10,25,2012
1366,10,2,2012
49,10,45,2012
848,10,42,2012
259,10,3,2012
86,10,44,2012
758,10,19,2012
142,10,40,2012
598,10,32,2012
50,10,14,2012
810,10,23,2012
1619,10,15,2012
125,10,22,2012
50,10,29,2012
1014,10,4,2012
485,10,12,2012
99,10,5,2012
255,10,43,2012
37,10,24,2012
2011,18,17,2012
228,18,34,2012
154,18,46,2012
1089,18,16,2012
589,18,21,2012
171,18,49,2012
18,18,39,2012
108,18,35,2012
4317,18,10,2012
58,18,9,2012
883,18,28,2012
228,18,47,2012
60,18,31,2012
191,18,26,2012
421,18,41,2012
452,18,6,2012
51,18,38,2012
465,18,37,2012
281,18,8,2012
431,18,7,2012
225,18,48,2012
269,18,1,2012
348,18,20,2012
29,18,30,2012
79,18,11,2012
75,18,27,2012
47,18,33,2012
303,18,36,2012
19,18,13,2012
766,18,25,2012
1699,18,2,2012
9,18,45,2012
813,18,42,2012
260,18,3,2012
104,18,44,2012
438,18,19,2012
16,18,40,2012
1875,18,32,2012
12,18,14,2012
1617,18,23,2012
2056,18,15,2012
115,18,22,2012
5,18,29,2012
962,18,4,2012
642,18,12,2012
111,18,5,2012
97,18,43,2012
16,18,24,2012
309,9,17,2012
1839,9,34,2012
3341,9,16,2012
1667,9,21,2012
60,9,49,2012
20,9,39,2012
28,9,35,2012
794,9,10,2012
586,9,18,2012
867,9,28,2012
116,9,47,2012
181,9,31,2012
285,9,26,2012
31,9,41,2012
166,9,6,2012
89,9,38,2012
268,9,37,2012
117,9,8,2012
151,9,7,2012
360,9,48,2012
367,9,1,2012
373,9,20,2012
2121,9,30,2012
197,9,11,2012
942,9,27,2012
12,9,33,2012
70,9,36,2012
222,9,13,2012
380,9,25,2012
209,9,2,2012
338,9,45,2012
258,9,42,2012
567,9,3,2012
3192,9,44,2012
225,9,19,2012
124,9,32,2012
48,9,14,2012
493,9,23,2012
1496,9,15,2012
3215,9,22,2012
408,9,4,2012
6646,9,12,2012
113,9,5,2012
225,9,43,2012
466,9,24,2012
211,28,17,2012
833,28,34,2012
277,28,46,2012
1649,28,16,2012
494,28,21,2012
70,28,49,2012
44,28,39,2012
61,28,35,2012
1751,28,10,2012
554,28,18,2012
41,28,9,2012
2207,28,47,2012
929,28,31,2012
132,28,26,2012
345,28,41,2012
95,28,6,2012
15,28,38,2012
281,28,37,2012
224,28,8,2012
779,28,7,2012
457,28,48,2012
209,28,1,2012
1707,28,20,2012
42,28,30,2012
92,28,11,2012
219,28,27,2012
52,28,33,2012
159,28,36,2012
61,28,13,2012
622,28,25,2012
495,28,2,2012
62,28,45,2012
738,28,42,2012
85,28,3,2012
130,28,44,2012
291,28,19,2012
29,28,40,2012
164,28,32,2012
5,28,14,2012
550,28,23,2012
1527,28,15,2012
123,28,22,2012
17,28,29,2012
550,28,4,2012
333,28,12,2012
17,28,5,2012
1729,28,43,2012
70,28,24,2012
206,47,17,2012
448,47,34,2012
179,47,46,2012
901,47,16,2012
663,47,21,2012
8,47,49,2012
9,47,39,2012
71,47,35,2012
2111,47,10,2012
913,47,18,2012
43,47,9,2012
2586,47,28,2012
262,47,31,2012
256,47,26,2012
1866,47,41,2012
207,47,6,2012
185,47,37,2012
103,47,8,2012
1678,47,7,2012
309,47,48,2012
183,47,1,2012
639,47,20,2012
24,47,30,2012
44,47,11,2012
55,47,27,2012
45,47,33,2012
158,47,36,2012
100,47,13,2012
464,47,25,2012
693,47,2,2012
8,47,45,2012
2070,47,42,2012
227,47,3,2012
211,47,44,2012
244,47,19,2012
581,47,32,2012
32,47,14,2012
855,47,23,2012
1264,47,15,2012
72,47,22,2012
10,47,29,2012
407,47,4,2012
166,47,12,2012
50,47,5,2012
379,47,43,2012
27,47,24,2012
112,31,17,2012
878,31,34,2012
132,31,46,2012
742,31,16,2012
902,31,21,2012
9,31,39,2012
43,31,35,2012
1256,31,10,2012
548,31,18,2012
29,31,9,2012
2772,31,28,2012
545,31,47,2012
496,31,26,2012
77,31,41,2012
176,31,6,2012
2,31,38,2012
184,31,37,2012
49,31,8,2012
322,31,7,2012
2347,31,48,2012
52,31,1,2012
1936,31,20,2012
134,31,30,2012
2215,31,11,2012
232,31,27,2012
17,31,33,2012
116,31,36,2012
124,31,13,2012
310,31,25,2012
251,31,2,2012
148,31,45,2012
337,31,42,2012
353,31,3,2012
271,31,44,2012
40,31,19,2012
209,31,32,2012
793,31,14,2012
200,31,23,2012
1603,31,15,2012
907,31,22,2012
9,31,29,2012
71,31,4,2012
376,31,12,2012
22,31,5,2012
1352,31,43,2012
84,31,24,2012
299,26,17,2012
865,26,34,2012
358,26,46,2012
966,26,16,2012
1831,26,21,2012
39,26,39,2012
56,26,35,2012
1962,26,10,2012
518,26,18,2012
21,26,9,2012
696,26,28,2012
562,26,47,2012
318,26,31,2012
208,26,41,2012
145,26,6,2012
96,26,38,2012
598,26,37,2012
195,26,8,2012
279,26,7,2012
320,26,48,2012
138,26,1,2012
7007,26,20,2012
77,26,30,2012
1075,26,11,2012
416,26,27,2012
35,26,33,2012
147,26,36,2012
232,26,13,2012
498,26,25,2012
552,26,2,2012
55,26,45,2012
404,26,42,2012
2448,26,3,2012
192,26,44,2012
335,26,19,2012
9,26,40,2012
368,26,32,2012
139,26,14,2012
911,26,23,2012
4401,26,15,2012
137,26,22,2012
396,26,4,2012
881,26,12,2012
13,26,5,2012
402,26,43,2012
186,26,24,2012
568,41,17,2012
302,41,34,2012
298,41,46,2012
857,41,16,2012
569,41,21,2012
28,41,49,2012
25,41,35,2012
1575,41,10,2012
1407,41,18,2012
18,41,9,2012
666,41,28,2012
2548,41,47,2012
186,41,31,2012
140,41,26,2012
375,41,6,2012
109,41,38,2012
163,41,37,2012
11,41,8,2012
777,41,7,2012
12,41,48,2012
101,41,1,2012
522,41,20,2012
83,41,30,2012
29,41,11,2012
217,41,27,2012
64,41,33,2012
143,41,36,2012
36,41,13,2012
399,41,25,2012
349,41,2,2012
5,41,45,2012
3015,41,42,2012
308,41,3,2012
46,41,44,2012
281,41,19,2012
65,41,40,2012
438,41,32,2012
3009,41,23,2012
1377,41,15,2012
49,41,22,2012
283,41,29,2012
890,41,4,2012
311,41,12,2012
512,41,5,2012
144,41,43,2012
674,6,17,2012
157,6,34,2012
859,6,46,2012
1125,6,16,2012
1097,6,21,2012
197,6,49,2012
38,6,39,2012
61,6,35,2012
1206,6,10,2012
891,6,18,2012
11,6,9,2012
267,6,28,2012
159,6,47,2012
165,6,31,2012
95,6,26,2012
144,6,41,2012
3,6,38,2012
131,6,37,2012
338,6,8,2012
279,6,7,2012
171,6,48,2012
1866,6,1,2012
256,6,20,2012
89,6,11,2012
91,6,27,2012
1,6,33,2012
73,6,36,2012
171,6,13,2012
235,6,25,2012
199,6,2,2012
3,6,45,2012
481,6,42,2012
556,6,3,2012
49,6,44,2012
150,6,19,2012
5,6,40,2012
588,6,32,2012
532,6,23,2012
6378,6,15,2012
74,6,22,2012
15,6,29,2012
356,6,4,2012
357,6,12,2012
19,6,5,2012
129,6,43,2012
19,6,24,2012
50,38,17,2012
463,38,34,2012
12,38,46,2012
945,38,16,2012
15,38,21,2012
921,38,49,2012
146,38,35,2012
5534,38,10,2012
167,38,18,2012
396,38,28,2012
58,38,31,2012
158,38,26,2012
34,38,41,2012
189,38,6,2012
250,38,37,2012
2942,38,8,2012
196,38,7,2012
140,38,48,2012
122,38,1,2012
750,38,20,2012
169,38,30,2012
51,38,11,2012
157,38,27,2012
4607,38,33,2012
323,38,36,2012
42,38,13,2012
1013,38,25,2012
948,38,2,2012
73,38,45,2012
895,38,42,2012
125,38,3,2012
335,38,44,2012
744,38,19,2012
210,38,40,2012
1564,38,32,2012
783,38,23,2012
973,38,15,2012
286,38,22,2012
665,38,29,2012
861,38,4,2012
400,38,12,2012
26,38,5,2012
175,38,43,2012
257,37,17,2012
510,37,34,2012
28,37,46,2012
1342,37,16,2012
483,37,21,2012
297,37,49,2012
959,37,39,2012
2398,37,35,2012
1773,37,10,2012
614,37,18,2012
18,37,9,2012
316,37,28,2012
178,37,47,2012
71,37,31,2012
47,37,26,2012
190,37,41,2012
109,37,6,2012
55,37,38,2012
404,37,8,2012
373,37,7,2012
312,37,48,2012
64,37,1,2012
211,37,20,2012
5,37,30,2012
21,37,11,2012
158,37,27,2012
5,37,33,2012
590,37,36,2012
85,37,13,2012
1243,37,25,2012
1529,37,2,2012
39,37,45,2012
853,37,42,2012
127,37,3,2012
77,37,44,2012
2977,37,19,2012
81,37,40,2012
605,37,32,2012
10,37,14,2012
296,37,23,2012
844,37,15,2012
104,37,22,2012
146,37,29,2012
4064,37,4,2012
202,37,12,2012
909,37,5,2012
221,37,43,2012
49,37,24,2012
50,8,17,2012
294,8,34,2012
38,8,46,2012
2154,8,16,2012
891,8,21,2012
1312,8,49,2012
23,8,39,2012
228,8,35,2012
2275,8,10,2012
623,8,18,2012
50,8,9,2012
494,8,28,2012
125,8,47,2012
87,8,31,2012
28,8,26,2012
62,8,41,2012
82,8,6,2012
583,8,38,2012
596,8,37,2012
258,8,7,2012
122,8,48,2012
10,8,1,2012
121,8,20,2012
14,8,30,2012
29,8,11,2012
47,8,27,2012
2850,8,33,2012
736,8,36,2012
45,8,13,2012
2262,8,25,2012
556,8,2,2012
28,8,45,2012
328,8,42,2012
185,8,3,2012
114,8,44,2012
885,8,19,2012
1688,8,40,2012
347,8,32,2012
9,8,14,2012
228,8,23,2012
722,8,15,2012
225,8,22,2012
497,8,29,2012
565,8,4,2012
436,8,12,2012
24,8,5,2012
73,8,43,2012
82,8,24,2012
232,7,17,2012
969,7,34,2012
129,7,46,2012
901,7,16,2012
337,7,21,2012
76,7,49,2012
22,7,39,2012
95,7,35,2012
2364,7,10,2012
1005,7,18,2012
69,7,9,2012
1271,7,28,2012
1113,7,47,2012
95,7,31,2012
113,7,26,2012
737,7,41,2012
109,7,6,2012
11,7,38,2012
218,7,37,2012
135,7,8,2012
223,7,48,2012
178,7,1,2012
299,7,20,2012
83,7,30,2012
26,7,11,2012
124,7,27,2012
43,7,33,2012
32,7,36,2012
60,7,13,2012
524,7,25,2012
622,7,2,2012
76,7,45,2012
1650,7,42,2012
136,7,3,2012
57,7,44,2012
266,7,19,2012
23,7,40,2012
299,7,32,2012
90,7,14,2012
455,7,23,2012
959,7,15,2012
168,7,22,2012
28,7,29,2012
301,7,4,2012
350,7,12,2012
78,7,5,2012
395,7,43,2012
97,7,24,2012
139,48,17,2012
1593,48,34,2012
54,48,46,2012
1588,48,16,2012
556,48,21,2012
112,48,49,2012
65,48,39,2012
73,48,35,2012
1015,48,10,2012
416,48,18,2012
118,48,9,2012
1215,48,28,2012
286,48,47,2012
1395,48,31,2012
126,48,26,2012
112,48,41,2012
61,48,6,2012
79,48,38,2012
264,48,37,2012
179,48,8,2012
209,48,7,2012
105,48,1,2012
520,48,20,2012
89,48,30,2012
276,48,11,2012
215,48,27,2012
106,48,36,2012
52,48,13,2012
196,48,25,2012
283,48,2,2012
2837,48,45,2012
208,48,42,2012
168,48,3,2012
333,48,44,2012
217,48,19,2012
24,48,40,2012
140,48,32,2012
663,48,14,2012
219,48,23,2012
521,48,15,2012
71,48,22,2012
58,48,29,2012
426,48,4,2012
502,48,12,2012
3,48,5,2012
3527,48,43,2012
53,48,24,2012
1659,1,17,2012
98,1,34,2012
1236,1,46,2012
856,1,16,2012
279,1,21,2012
92,1,49,2012
19,1,39,2012
14,1,35,2012
1839,1,10,2012
1099,1,18,2012
29,1,9,2012
919,1,28,2012
652,1,47,2012
251,1,31,2012
151,1,26,2012
216,1,41,2012
2275,1,6,2012
26,1,38,2012
194,1,37,2012
51,1,8,2012
309,1,7,2012
67,1,48,2012
372,1,20,2012
10,1,30,2012
58,1,11,2012
262,1,27,2012
35,1,36,2012
151,1,13,2012
259,1,25,2012
796,1,2,2012
24,1,45,2012
340,1,42,2012
620,1,3,2012
62,1,44,2012
18,1,19,2012
471,1,32,2012
11,1,14,2012
3541,1,23,2012
2145,1,15,2012
95,1,22,2012
450,1,4,2012
206,1,12,2012
79,1,43,2012
45,1,24,2012
258,20,17,2012
430,20,34,2012
1511,20,46,2012
1116,20,16,2012
625,20,21,2012
59,20,49,2012
13,20,39,2012
55,20,35,2012
1770,20,10,2012
560,20,18,2012
35,20,9,2012
2201,20,28,2012
751,20,47,2012
691,20,31,2012
3489,20,26,2012
395,20,41,2012
264,20,6,2012
11,20,38,2012
42,20,37,2012
75,20,8,2012
366,20,7,2012
283,20,48,2012
437,20,1,2012
74,20,30,2012
369,20,11,2012
115,20,27,2012
47,20,33,2012
63,20,36,2012
201,20,13,2012
549,20,25,2012
435,20,2,2012
247,20,45,2012
502,20,42,2012
864,20,3,2012
66,20,44,2012
194,20,19,2012
34,20,40,2012
312,20,32,2012
78,20,14,2012
447,20,23,2012
2044,20,15,2012
257,20,22,2012
3,20,29,2012
317,20,4,2012
465,20,12,2012
9,20,5,2012
209,20,43,2012
40,20,24,2012
100,30,17,2012
1113,30,34,2012
257,30,46,2012
3048,30,16,2012
2013,30,21,2012
49,30,49,2012
1751,30,10,2012
250,30,18,2012
3785,30,9,2012
227,30,28,2012
133,30,47,2012
450,30,31,2012
298,30,26,2012
426,30,6,2012
48,30,8,2012
217,30,7,2012
1252,30,48,2012
165,30,1,2012
509,30,20,2012
107,30,11,2012
1081,30,27,2012
66,30,36,2012
138,30,13,2012
419,30,25,2012
243,30,2,2012
1769,30,45,2012
274,30,42,2012
794,30,3,2012
2183,30,44,2012
134,30,19,2012
92,30,32,2012
247,30,14,2012
306,30,23,2012
1806,30,15,2012
1053,30,22,2012
146,30,29,2012
655,30,4,2012
2907,30,12,2012
781,30,43,2012
1893,30,24,2012
81,11,17,2012
1237,11,34,2012
89,11,46,2012
1781,11,16,2012
2412,11,21,2012
24,11,49,2012
49,11,39,2012
92,11,35,2012
509,11,10,2012
692,11,18,2012
18,11,9,2012
702,11,28,2012
318,11,47,2012
4153,11,31,2012
2226,11,26,2012
390,11,41,2012
401,11,6,2012
44,11,38,2012
71,11,37,2012
98,11,8,2012
60,11,7,2012
535,11,48,2012
74,11,1,2012
1078,11,20,2012
58,11,30,2012
385,11,27,2012
59,11,33,2012
18,11,36,2012
104,11,13,2012
42,11,25,2012
338,11,2,2012
512,11,45,2012
567,11,42,2012
161,11,3,2012
307,11,44,2012
115,11,19,2012
101,11,40,2012
85,11,32,2012
1173,11,14,2012
233,11,23,2012
2586,11,15,2012
263,11,22,2012
192,11,4,2012
367,11,12,2012
174,11,43,2012
656,11,24,2012
367,27,17,2012
2446,27,34,2012
44,27,46,2012
10192,27,16,2012
1380,27,21,2012
62,27,49,2012
208,27,39,2012
15,27,35,2012
452,27,10,2012
1378,27,18,2012
923,27,9,2012
538,27,28,2012
368,27,47,2012
248,27,31,2012
310,27,26,2012
109,27,41,2012
339,27,6,2012
12,27,38,2012
120,27,37,2012
286,27,8,2012
493,27,7,2012
339,27,48,2012
191,27,1,2012
304,27,20,2012
352,27,30,2012
84,27,11,2012
330,27,36,2012
220,27,13,2012
218,27,25,2012
592,27,2,2012
311,27,45,2012
330,27,42,2012
401,27,3,2012
2162,27,44,2012
583,27,19,2012
9,27,40,2012
373,27,32,2012
49,27,14,2012
267,27,23,2012
3012,27,15,2012
1964,27,22,2012
6,27,29,2012
354,27,4,2012
2066,27,12,2012
83,27,5,2012
423,27,43,2012
129,27,24,2012
121,33,17,2012
385,33,34,2012
1002,33,16,2012
512,33,21,2012
761,33,49,2012
74,33,39,2012
148,33,35,2012
1783,33,10,2012
11,33,18,2012
213,33,28,2012
42,33,31,2012
63,33,41,2012
8,33,6,2012
2760,33,38,2012
848,33,37,2012
10066,33,8,2012
336,33,7,2012
45,33,1,2012
26,33,20,2012
86,33,30,2012
132,33,27,2012
95,33,36,2012
202,33,13,2012
2084,33,25,2012
569,33,2,2012
142,33,42,2012
414,33,3,2012
29,33,44,2012
859,33,19,2012
461,33,40,2012
692,33,32,2012
204,33,23,2012
574,33,15,2012
382,33,22,2012
2184,33,29,2012
404,33,4,2012
233,33,12,2012
97,33,5,2012
2,33,43,2012
192,36,17,2012
289,36,34,2012
17,36,46,2012
1363,36,16,2012
278,36,21,2012
640,36,49,2012
660,36,39,2012
164,36,35,2012
3121,36,10,2012
556,36,18,2012
24,36,9,2012
267,36,28,2012
173,36,47,2012
115,36,31,2012
30,36,26,2012
56,36,41,2012
110,36,6,2012
45,36,38,2012
707,36,37,2012
909,36,8,2012
182,36,7,2012
117,36,48,2012
240,36,1,2012
108,36,20,2012
17,36,30,2012
59,36,11,2012
103,36,27,2012
66,36,33,2012
28,36,13,2012
4813,36,25,2012
1296,36,2,2012
15,36,45,2012
531,36,42,2012
172,36,3,2012
43,36,44,2012
3820,36,19,2012
137,36,40,2012
736,36,32,2012
88,36,23,2012
768,36,15,2012
49,36,22,2012
94,36,29,2012
1025,36,4,2012
260,36,12,2012
137,36,5,2012
68,36,43,2012
13,36,24,2012
219,13,17,2012
3327,13,34,2012
262,13,46,2012
2836,13,16,2012
3123,13,21,2012
212,13,49,2012
40,13,39,2012
55,13,35,2012
1366,13,10,2012
438,13,18,2012
323,13,9,2012
651,13,28,2012
104,13,47,2012
54,13,31,2012
492,13,26,2012
265,13,41,2012
71,13,6,2012
130,13,38,2012
305,13,37,2012
249,13,8,2012
631,13,7,2012
154,13,48,2012
41,13,1,2012
216,13,20,2012
124,13,30,2012
75,13,11,2012
545,13,27,2012
106,13,33,2012
21,13,36,2012
309,13,25,2012
545,13,2,2012
77,13,45,2012
652,13,42,2012
595,13,3,2012
440,13,44,2012
479,13,19,2012
17,13,40,2012
503,13,32,2012
83,13,14,2012
359,13,23,2012
8030,13,15,2012
328,13,22,2012
35,13,29,2012
453,13,4,2012
417,13,12,2012
38,13,5,2012
251,13,43,2012
289,13,24,2012
138,25,17,2012
378,25,34,2012
115,25,46,2012
1597,25,16,2012
370,25,21,2012
1190,25,49,2012
182,25,39,2012
157,25,35,2012
2708,25,10,2012
713,25,18,2012
47,25,9,2012
386,25,28,2012
118,25,47,2012
62,25,31,2012
29,25,26,2012
267,25,41,2012
142,25,6,2012
128,25,38,2012
599,25,37,2012
994,25,8,2012
292,25,7,2012
94,25,48,2012
76,25,1,2012
144,25,20,2012
24,25,30,2012
16,25,11,2012
179,25,27,2012
148,25,33,2012
2068,25,36,2012
56,25,13,2012
1016,25,2,2012
16,25,45,2012
446,25,42,2012
101,25,3,2012
121,25,44,2012
1680,25,19,2012
184,25,40,2012
549,25,32,2012
18,25,14,2012
320,25,23,2012
1035,25,15,2012
108,25,22,2012
244,25,29,2012
811,25,4,2012
284,25,12,2012
87,25,5,2012
103,25,43,2012
11,25,24,2012
526,2,17,2012
279,2,34,2012
313,2,46,2012
1148,2,16,2012
449,2,21,2012
346,2,49,2012
138,2,39,2012
101,2,35,2012
2372,2,10,2012
1642,2,18,2012
83,2,9,2012
385,2,28,2012
273,2,47,2012
75,2,31,2012
83,2,26,2012
373,2,41,2012
234,2,6,2012
114,2,38,2012
769,2,37,2012
257,2,8,2012
401,2,7,2012
178,2,48,2012
175,2,1,2012
409,2,20,2012
110,2,30,2012
89,2,11,2012
78,2,27,2012
165,2,33,2012
331,2,36,2012
34,2,13,2012
1081,2,25,2012
23,2,45,2012
563,2,42,2012
201,2,3,2012
152,2,44,2012
654,2,19,2012
49,2,40,2012
2540,2,32,2012
24,2,14,2012
605,2,23,2012
2324,2,15,2012
86,2,22,2012
33,2,29,2012
2623,2,4,2012
419,2,12,2012
480,2,5,2012
301,2,43,2012
47,2,24,2012
325,45,17,2012
1250,45,34,2012
2605,45,16,2012
2735,45,21,2012
340,45,10,2012
295,45,18,2012
279,45,28,2012
161,45,47,2012
1188,45,31,2012
372,45,26,2012
173,45,41,2012
91,45,6,2012
165,45,37,2012
115,45,8,2012
377,45,7,2012
9515,45,48,2012
139,45,1,2012
907,45,20,2012
1393,45,30,2012
708,45,11,2012
1001,45,27,2012
78,45,36,2012
58,45,13,2012
109,45,25,2012
293,45,2,2012
646,45,42,2012
439,45,3,2012
59,45,44,2012
236,45,19,2012
935,45,32,2012
2460,45,14,2012
9,45,23,2012
1410,45,15,2012
249,45,22,2012
1215,45,4,2012
309,45,12,2012
249,45,5,2012
405,45,43,2012
482,45,24,2012
122,42,17,2012
684,42,34,2012
98,42,46,2012
922,42,16,2012
392,42,21,2012
24,42,49,2012
16,42,39,2012
56,42,35,2012
1985,42,10,2012
649,42,18,2012
88,42,9,2012
595,42,28,2012
972,42,47,2012
97,42,31,2012
113,42,26,2012
1475,42,41,2012
96,42,6,2012
54,42,38,2012
218,42,37,2012
158,42,8,2012
980,42,7,2012
228,42,48,2012
77,42,1,2012
307,42,20,2012
34,42,30,2012
48,42,11,2012
121,42,27,2012
28,42,33,2012
125,42,36,2012
102,42,13,2012
400,42,25,2012
808,42,2,2012
99,42,3,2012
122,42,44,2012
1239,42,19,2012
5,42,40,2012
379,42,32,2012
5,42,14,2012
536,42,23,2012
755,42,15,2012
162,42,22,2012
18,42,29,2012
486,42,4,2012
276,42,12,2012
585,42,5,2012
225,42,43,2012
70,42,24,2012
50,3,17,2012
425,3,34,2012
2602,3,46,2012
1746,3,16,2012
1199,3,21,2012
108,3,49,2012
822,3,10,2012
863,3,18,2012
24,3,9,2012
390,3,28,2012
313,3,47,2012
383,3,31,2012
2201,3,26,2012
151,3,41,2012
565,3,6,2012
20,3,38,2012
121,3,37,2012
77,3,8,2012
184,3,7,2012
317,3,48,2012
147,3,1,2012
1387,3,20,2012
266,3,30,2012
153,3,11,2012
398,3,27,2012
48,3,33,2012
403,3,36,2012
281,3,13,2012
347,3,25,2012
330,3,2,2012
73,3,45,2012
224,3,42,2012
189,3,44,2012
98,3,19,2012
145,3,32,2012
5,3,14,2012
653,3,23,2012
6882,3,15,2012
350,3,22,2012
2,3,29,2012
735,3,4,2012
320,3,12,2012
136,3,5,2012
75,3,43,2012
252,3,24,2012
51,44,17,2012
2202,44,34,2012
49,44,46,2012
5828,44,16,2012
620,44,21,2012
8,44,49,2012
40,44,35,2012
748,44,10,2012
116,44,18,2012
1272,44,9,2012
244,44,28,2012
99,44,47,2012
89,44,31,2012
217,44,26,2012
76,44,41,2012
50,44,6,2012
55,44,38,2012
96,44,37,2012
391,44,8,2012
208,44,7,2012
200,44,48,2012
119,44,1,2012
304,44,20,2012
756,44,30,2012
27,44,11,2012
795,44,27,2012
53,44,33,2012
194,44,36,2012
239,44,13,2012
270,44,25,2012
341,44,2,2012
185,44,45,2012
110,44,42,2012
323,44,3,2012
60,44,19,2012
35,44,40,2012
65,44,32,2012
171,44,14,2012
276,44,23,2012
981,44,15,2012
1048,44,22,2012
6,44,29,2012
395,44,4,2012
6546,44,12,2012
30,44,5,2012
242,44,43,2012
229,44,24,2012
143,19,17,2012
335,19,34,2012
40,19,46,2012
819,19,16,2012
309,19,21,2012
173,19,49,2012
534,19,39,2012
117,19,35,2012
2009,19,10,2012
710,19,18,2012
13,19,9,2012
359,19,28,2012
189,19,47,2012
35,19,31,2012
71,19,26,2012
174,19,41,2012
97,19,6,2012
76,19,38,2012
1212,19,37,2012
645,19,8,2012
214,19,7,2012
86,19,48,2012
48,19,1,2012
120,19,20,2012
35,19,30,2012
54,19,11,2012
125,19,27,2012
69,19,33,2012
1848,19,36,2012
64,19,13,2012
1793,19,25,2012
953,19,2,2012
8,19,45,2012
1108,19,42,2012
38,19,3,2012
70,19,44,2012
57,19,40,2012
508,19,32,2012
40,19,14,2012
260,19,23,2012
818,19,15,2012
73,19,22,2012
73,19,29,2012
1111,19,4,2012
266,19,12,2012
407,19,5,2012
122,19,43,2012
18,19,24,2012
582,40,34,2012
55,40,46,2012
1562,40,16,2012
129,40,21,2012
1477,40,49,2012
128,40,39,2012
602,40,35,2012
2892,40,10,2012
417,40,18,2012
438,40,28,2012
17,40,26,2012
698,40,6,2012
970,40,38,2012
77,40,37,2012
6507,40,8,2012
64,40,7,2012
283,40,48,2012
175,40,1,2012
342,40,20,2012
318,40,27,2012
1183,40,33,2012
406,40,36,2012
3055,40,25,2012
274,40,2,2012
231,40,45,2012
412,40,42,2012
167,40,44,2012
731,40,19,2012
510,40,32,2012
24,40,23,2012
1671,40,15,2012
332,40,22,2012
323,40,29,2012
1521,40,4,2012
91,40,12,2012
136,40,43,2012
595,32,17,2012
226,32,34,2012
11,32,46,2012
871,32,16,2012
505,32,21,2012
199,32,49,2012
63,32,39,2012
31,32,35,2012
2409,32,10,2012
3945,32,18,2012
43,32,9,2012
335,32,28,2012
299,32,47,2012
199,32,31,2012
117,32,26,2012
285,32,41,2012
405,32,6,2012
36,32,38,2012
486,32,37,2012
525,32,8,2012
386,32,7,2012
361,32,48,2012
126,32,1,2012
605,32,20,2012
48,32,30,2012
96,32,11,2012
101,32,27,2012
68,32,33,2012
502,32,36,2012
68,32,13,2012
1261,32,25,2012
5412,32,2,2012
2,32,45,2012
518,32,42,2012
120,32,3,2012
97,32,44,2012
640,32,19,2012
101,32,40,2012
33,32,14,2012
911,32,23,2012
947,32,15,2012
12,32,22,2012
26,32,29,2012
1682,32,4,2012
578,32,12,2012
232,32,5,2012
223,32,43,2012
25,32,24,2012
621,14,17,2012
1765,14,34,2012
807,14,46,2012
990,14,16,2012
906,14,21,2012
1283,14,10,2012
308,14,18,2012
141,14,9,2012
472,14,28,2012
133,14,47,2012
1389,14,31,2012
184,14,26,2012
232,14,8,2012
79,14,7,2012
4129,14,48,2012
94,14,1,2012
632,14,20,2012
229,14,30,2012
3007,14,11,2012
697,14,36,2012
610,14,13,2012
421,14,2,2012
2104,14,45,2012
56,14,42,2012
129,14,3,2012
142,14,44,2012
190,14,19,2012
978,14,32,2012
1516,14,15,2012
56,14,22,2012
46,14,29,2012
41,14,4,2012
112,14,12,2012
43,14,5,2012
394,14,43,2012
1409,14,24,2012
1632,23,17,2012
786,23,34,2012
649,23,46,2012
898,23,16,2012
392,23,21,2012
40,23,49,2012
53,23,39,2012
89,23,35,2012
2521,23,10,2012
2727,23,18,2012
303,23,9,2012
720,23,28,2012
549,23,47,2012
177,23,31,2012
238,23,26,2012
1559,23,41,2012
363,23,6,2012
152,23,38,2012
278,23,37,2012
127,23,8,2012
504,23,7,2012
269,23,48,2012
1804,23,1,2012
483,23,20,2012
6,23,30,2012
35,23,11,2012
263,23,27,2012
11,23,33,2012
216,23,36,2012
52,23,13,2012
198,23,25,2012
1430,23,2,2012
115,23,45,2012
548,23,42,2012
382,23,3,2012
124,23,44,2012
197,23,19,2012
18,23,40,2012
550,23,32,2012
78,23,14,2012
1606,23,15,2012
133,23,22,2012
29,23,29,2012
958,23,4,2012
496,23,12,2012
164,23,5,2012
162,23,43,2012
286,15,17,2012
566,15,34,2012
451,15,46,2012
1648,15,16,2012
665,15,21,2012
125,15,49,2012
5,15,39,2012
56,15,35,2012
1095,15,10,2012
620,15,18,2012
51,15,9,2012
643,15,28,2012
172,15,47,2012
136,15,31,2012
324,15,26,2012
128,15,41,2012
938,15,6,2012
19,15,38,2012
215,15,37,2012
141,15,8,2012
331,15,7,2012
153,15,48,2012
277,15,1,2012
355,15,20,2012
53,15,30,2012
119,15,11,2012
210,15,27,2012
82,15,33,2012
96,15,36,2012
458,15,13,2012
430,15,25,2012
484,15,2,2012
54,15,45,2012
450,15,42,2012
977,15,3,2012
128,15,44,2012
259,15,19,2012
31,15,40,2012
205,15,32,2012
65,15,14,2012
334,15,23,2012
138,15,22,2012
18,15,29,2012
496,15,4,2012
544,15,12,2012
23,15,5,2012
106,15,43,2012
54,15,24,2012
202,22,17,2012
2073,22,34,2012
94,22,46,2012
4265,22,16,2012
2242,22,21,2012
15,22,49,2012
58,22,39,2012
40,22,35,2012
875,22,10,2012
7,22,18,2012
2319,22,9,2012
404,22,28,2012
36,22,47,2012
310,22,31,2012
33,22,26,2012
162,22,41,2012
97,22,6,2012
70,22,38,2012
371,22,37,2012
359,22,8,2012
287,22,7,2012
150,22,48,2012
159,22,1,2012
1151,22,20,2012
91,22,30,2012
80,22,11,2012
1613,22,27,2012
195,22,33,2012
148,22,36,2012
484,22,13,2012
217,22,25,2012
416,22,2,2012
15,22,45,2012
69,22,42,2012
906,22,3,2012
1679,22,44,2012
447,22,19,2012
198,22,32,2012
135,22,14,2012
274,22,23,2012
1615,22,15,2012
28,22,29,2012
733,22,4,2012
1856,22,12,2012
315,22,43,2012
599,22,24,2012
330,29,34,2012
868,29,16,2012
803,29,21,2012
1132,29,49,2012
426,29,35,2012
4387,29,10,2012
134,29,18,2012
249,29,28,2012
111,29,26,2012
71,29,41,2012
71,29,6,2012
557,29,38,2012
940,29,37,2012
4047,29,8,2012
95,29,7,2012
122,29,48,2012
507,29,20,2012
138,29,30,2012
126,29,11,2012
193,29,27,2012
4727,29,33,2012
55,29,36,2012
129,29,13,2012
4414,29,25,2012
710,29,2,2012
1210,29,45,2012
581,29,42,2012
314,29,3,2012
586,29,44,2012
1616,29,19,2012
84,29,40,2012
475,29,32,2012
7,29,14,2012
212,29,23,2012
180,29,15,2012
62,29,22,2012
675,29,4,2012
356,29,12,2012
86,29,5,2012
99,29,43,2012
387,4,17,2012
337,4,34,2012
141,4,46,2012
1908,4,16,2012
463,4,21,2012
211,4,49,2012
213,4,39,2012
1165,4,35,2012
3139,4,10,2012
1307,4,18,2012
32,4,9,2012
526,4,28,2012
236,4,47,2012
32,4,31,2012
208,4,26,2012
405,4,41,2012
226,4,6,2012
70,4,38,2012
2514,4,37,2012
500,4,8,2012
373,4,7,2012
126,4,48,2012
235,4,1,2012
318,4,20,2012
19,4,30,2012
131,4,11,2012
138,4,27,2012
80,4,33,2012
613,4,36,2012
190,4,13,2012
969,4,25,2012
3269,4,2,2012
49,4,45,2012
390,4,42,2012
213,4,3,2012
82,4,44,2012
1461,4,19,2012
123,4,40,2012
1145,4,32,2012
41,4,14,2012
978,4,23,2012
2166,4,15,2012
167,4,22,2012
88,4,29,2012
469,4,12,2012
771,4,5,2012
154,4,43,2012
16,4,24,2012
149,12,17,2012
1920,12,34,2012
36,12,46,2012
5012,12,16,2012
703,12,21,2012
230,12,49,2012
4,12,39,2012
69,12,35,2012
716,12,10,2012
284,12,18,2012
1507,12,9,2012
392,12,28,2012
37,12,47,2012
133,12,31,2012
473,12,26,2012
288,12,41,2012
229,12,6,2012
17,12,38,2012
207,12,37,2012
239,12,8,2012
311,12,7,2012
244,12,48,2012
62,12,1,2012
335,12,20,2012
693,12,30,2012
192,12,11,2012
434,12,27,2012
16,12,33,2012
267,12,36,2012
181,12,13,2012
379,12,25,2012
857,12,2,2012
232,12,45,2012
414,12,42,2012
228,12,3,2012
3077,12,44,2012
259,12,19,2012
41,12,40,2012
236,12,32,2012
148,12,14,2012
272,12,23,2012
1686,12,15,2012
511,12,22,2012
14,12,29,2012
603,12,4,2012
43,12,5,2012
175,12,43,2012
191,12,24,2012
68,5,17,2012
411,5,34,2012
45,5,46,2012
760,5,16,2012
450,5,21,2012
93,5,49,2012
86,5,39,2012
157,5,35,2012
1902,5,10,2012
666,5,18,2012
657,5,28,2012
273,5,47,2012
11,5,31,2012
74,5,26,2012
1801,5,41,2012
128,5,6,2012
27,5,38,2012
1053,5,37,2012
207,5,8,2012
190,5,7,2012
79,5,20,2012
59,5,11,2012
53,5,27,2012
43,5,33,2012
159,5,36,2012
495,5,25,2012
1441,5,2,2012
4211,5,42,2012
198,5,3,2012
319,5,44,2012
3641,5,19,2012
724,5,32,2012
70,5,14,2012
1749,5,23,2012
931,5,15,2012
2067,5,4,2012
115,5,12,2012
132,43,17,2012
658,43,34,2012
121,43,46,2012
993,43,16,2012
524,43,21,2012
124,43,49,2012
126,43,35,2012
1086,43,10,2012
601,43,18,2012
39,43,9,2012
2519,43,28,2012
301,43,47,2012
630,43,31,2012
84,43,26,2012
243,43,41,2012
119,43,6,2012
80,43,37,2012
102,43,8,2012
833,43,7,2012
3080,43,48,2012
106,43,1,2012
460,43,20,2012
131,43,30,2012
55,43,11,2012
182,43,27,2012
41,43,33,2012
118,43,36,2012
56,43,13,2012
171,43,25,2012
396,43,2,2012
94,43,45,2012
170,43,42,2012
185,43,3,2012
74,43,44,2012
270,43,19,2012
23,43,40,2012
145,43,32,2012
54,43,14,2012
283,43,23,2012
732,43,15,2012
252,43,22,2012
26,43,29,2012
219,43,4,2012
204,43,12,2012
82,43,5,2012
49,43,24,2012
152,24,17,2012
4834,24,34,2012
2599,24,46,2012
3272,24,16,2012
9720,24,21,2012
180,24,49,2012
373,24,35,2012
1341,24,10,2012
183,24,18,2012
1174,24,9,2012
524,24,28,2012
2916,24,47,2012
680,24,31,2012
482,24,26,2012
253,24,6,2012
102,24,38,2012
458,24,8,2012
2215,24,7,2012
369,24,48,2012
532,24,1,2012
1405,24,20,2012
1620,24,30,2012
1591,24,11,2012
1329,24,27,2012
123,24,33,2012
39,24,36,2012
164,24,13,2012
687,24,25,2012
1048,24,2,2012
633,24,45,2012
350,24,42,2012
78,24,3,2012
1327,24,44,2012
753,24,19,2012
36,24,40,2012
1698,24,14,2012
621,24,23,2012
4289,24,15,2012
3845,24,22,2012
166,24,29,2012
248,24,4,2012
683,24,12,2012
437,24,5,2012
52,24,43,2012
443,17,34,2013
612,17,16,2013
605,17,21,2013
69,17,49,2013
65,17,35,2013
2128,17,10,2013
3879,17,18,2013
14,17,9,2013
423,17,28,2013
255,17,47,2013
37,17,31,2013
222,17,26,2013
293,17,41,2013
555,17,6,2013
2,17,38,2013
397,17,37,2013
84,17,8,2013
521,17,7,2013
102,17,48,2013
1465,17,1,2013
207,17,20,2013
4,17,30,2013
60,17,11,2013
101,17,27,2013
25,17,33,2013
176,17,36,2013
13,17,13,2013
341,17,25,2013
676,17,2,2013
272,17,42,2013
212,17,3,2013
145,17,44,2013
149,17,19,2013
57,17,40,2013
355,17,32,2013
17,17,14,2013
1759,17,23,2013
1739,17,15,2013
118,17,22,2013
5,17,29,2013
1013,17,4,2013
142,17,12,2013
40,17,5,2013
60,17,43,2013
8,17,24,2013
162,34,17,2013
99,34,46,2013
5513,34,16,2013
1326,34,21,2013
270,34,49,2013
11,34,35,2013
1138,34,10,2013
522,34,18,2013
439,34,9,2013
843,34,28,2013
466,34,47,2013
145,34,31,2013
238,34,26,2013
159,34,41,2013
34,34,6,2013
76,34,38,2013
228,34,37,2013
377,34,8,2013
508,34,7,2013
510,34,48,2013
170,34,1,2013
567,34,20,2013
137,34,30,2013
238,34,11,2013
591,34,27,2013
54,34,33,2013
147,34,36,2013
836,34,13,2013
549,34,25,2013
668,34,2,2013
197,34,45,2013
421,34,42,2013
482,34,3,2013
1147,34,44,2013
330,34,19,2013
3,34,40,2013
309,34,32,2013
254,34,14,2013
570,34,23,2013
2898,34,15,2013
792,34,22,2013
20,34,29,2013
530,34,4,2013
1596,34,12,2013
9,34,5,2013
565,34,43,2013
162,34,24,2013
374,46,17,2013
104,46,34,2013
1245,46,16,2013
417,46,21,2013
532,46,10,2013
569,46,18,2013
236,46,9,2013
535,46,28,2013
126,46,47,2013
231,46,31,2013
889,46,26,2013
114,46,41,2013
512,46,6,2013
68,46,37,2013
96,46,8,2013
888,46,7,2013
321,46,48,2013
574,46,1,2013
2711,46,20,2013
23,46,30,2013
117,46,11,2013
552,46,27,2013
366,46,33,2013
46,46,36,2013
35,46,13,2013
236,46,25,2013
456,46,2,2013
249,46,42,2013
2940,46,3,2013
205,46,44,2013
666,46,19,2013
665,46,32,2013
1606,46,23,2013
5691,46,15,2013
388,46,22,2013
3,46,29,2013
266,46,4,2013
705,46,12,2013
22,46,5,2013
50,46,43,2013
11,46,24,2013
128,16,17,2013
1253,16,34,2013
128,16,46,2013
619,16,21,2013
109,16,49,2013
21,16,39,2013
63,16,35,2013
697,16,10,2013
360,16,18,2013
241,16,9,2013
478,16,28,2013
208,16,47,2013
165,16,31,2013
136,16,26,2013
76,16,41,2013
123,16,6,2013
72,16,38,2013
215,16,37,2013
302,16,8,2013
263,16,7,2013
145,16,48,2013
80,16,1,2013
178,16,20,2013
110,16,30,2013
108,16,11,2013
1251,16,27,2013
42,16,33,2013
173,16,36,2013
148,16,13,2013
615,16,25,2013
374,16,2,2013
53,16,45,2013
238,16,42,2013
208,16,3,2013
820,16,44,2013
189,16,19,2013
59,16,40,2013
255,16,32,2013
34,16,14,2013
208,16,23,2013
1733,16,15,2013
412,16,22,2013
23,16,29,2013
431,16,4,2013
970,16,12,2013
40,16,5,2013
134,16,43,2013
77,16,24,2013
132,21,17,2013
1579,21,34,2013
295,21,46,2013
3065,21,16,2013
202,21,49,2013
14,21,39,2013
63,21,35,2013
1443,21,10,2013
1082,21,18,2013
223,21,9,2013
567,21,28,2013
574,21,47,2013
309,21,31,2013
871,21,26,2013
153,21,41,2013
450,21,6,2013
79,21,38,2013
394,21,37,2013
412,21,8,2013
475,21,7,2013
468,21,48,2013
85,21,1,2013
800,21,20,2013
389,21,30,2013
886,21,11,2013
471,21,27,2013
65,21,33,2013
253,21,36,2013
849,21,13,2013
770,21,25,2013
864,21,2,2013
277,21,45,2013
693,21,42,2013
826,21,3,2013
1143,21,44,2013
386,21,19,2013
487,21,32,2013
320,21,14,2013
297,21,23,2013
3601,21,15,2013
1338,21,22,2013
142,21,29,2013
768,21,4,2013
1028,21,12,2013
17,21,5,2013
289,21,43,2013
642,21,24,2013
122,49,17,2013
286,49,34,2013
242,49,46,2013
1431,49,16,2013
239,49,21,2013
167,49,39,2013
444,49,35,2013
2422,49,10,2013
1345,49,18,2013
18,49,9,2013
507,49,28,2013
135,49,47,2013
34,49,31,2013
64,49,26,2013
80,49,41,2013
31,49,6,2013
712,49,38,2013
311,49,37,2013
2981,49,8,2013
334,49,7,2013
118,49,48,2013
52,49,1,2013
201,49,20,2013
45,49,11,2013
212,49,27,2013
477,49,33,2013
568,49,36,2013
109,49,13,2013
4003,49,25,2013
1089,49,2,2013
20,49,45,2013
379,49,42,2013
111,49,3,2013
69,49,44,2013
1505,49,19,2013
763,49,40,2013
882,49,32,2013
64,49,23,2013
592,49,15,2013
105,49,22,2013
424,49,29,2013
1237,49,4,2013
226,49,12,2013
108,49,5,2013
35,49,43,2013
4,49,24,2013
578,39,34,2013
324,39,16,2013
596,39,21,2013
1442,39,49,2013
363,39,35,2013
2131,39,10,2013
134,39,18,2013
184,39,47,2013
58,39,41,2013
490,39,6,2013
3730,39,37,2013
47,39,8,2013
81,39,7,2013
219,39,48,2013
168,39,1,2013
14,39,11,2013
83,39,27,2013
2452,39,36,2013
257,39,13,2013
1263,39,25,2013
1202,39,2,2013
20,39,42,2013
60,39,3,2013
347,39,44,2013
6862,39,19,2013
364,39,40,2013
338,39,32,2013
116,39,23,2013
735,39,15,2013
250,39,22,2013
51,39,29,2013
1316,39,4,2013
455,39,5,2013
15,35,17,2013
353,35,34,2013
507,35,46,2013
5876,35,16,2013
119,35,21,2013
564,35,49,2013
448,35,39,2013
2708,35,10,2013
1635,35,18,2013
126,35,9,2013
1590,35,28,2013
2022,35,47,2013
312,35,41,2013
604,35,6,2013
32040,35,37,2013
1298,35,8,2013
1182,35,7,2013
287,35,48,2013
1280,35,20,2013
18,35,30,2013
75,35,11,2013
132,35,27,2013
139,35,33,2013
1418,35,36,2013
109,35,13,2013
4712,35,25,2013
3123,35,2,2013
178,35,45,2013
453,35,42,2013
92,35,3,2013
596,35,44,2013
2460,35,19,2013
640,35,32,2013
39,35,14,2013
1420,35,23,2013
2205,35,15,2013
259,35,29,2013
14431,35,4,2013
954,35,12,2013
862,35,5,2013
89,35,43,2013
589,10,17,2013
349,10,34,2013
89,10,46,2013
1327,10,16,2013
483,10,21,2013
295,10,49,2013
52,10,39,2013
66,10,35,2013
1984,10,18,2013
28,10,9,2013
735,10,28,2013
423,10,47,2013
196,10,31,2013
166,10,26,2013
377,10,41,2013
300,10,6,2013
140,10,38,2013
400,10,37,2013
535,10,8,2013
686,10,7,2013
139,10,48,2013
130,10,1,2013
303,10,20,2013
16,10,30,2013
62,10,11,2013
296,10,27,2013
71,10,33,2013
637,10,36,2013
99,10,13,2013
1620,10,25,2013
1256,10,2,2013
56,10,45,2013
820,10,42,2013
153,10,3,2013
209,10,44,2013
726,10,19,2013
88,10,40,2013
785,10,32,2013
23,10,14,2013
966,10,23,2013
1668,10,15,2013
160,10,22,2013
32,10,29,2013
1184,10,4,2013
380,10,12,2013
154,10,5,2013
226,10,43,2013
14,10,24,2013
1791,18,17,2013
265,18,34,2013
287,18,46,2013
1180,18,16,2013
668,18,21,2013
230,18,49,2013
92,18,39,2013
150,18,35,2013
3548,18,10,2013
40,18,9,2013
619,18,28,2013
446,18,47,2013
36,18,31,2013
444,18,26,2013
569,18,41,2013
433,18,6,2013
69,18,38,2013
617,18,37,2013
332,18,8,2013
720,18,7,2013
296,18,48,2013
374,18,1,2013
333,18,20,2013
32,18,30,2013
98,18,11,2013
57,18,27,2013
51,18,33,2013
299,18,36,2013
124,18,13,2013
919,18,25,2013
2049,18,2,2013
30,18,45,2013
440,18,42,2013
286,18,3,2013
60,18,44,2013
743,18,19,2013
9,18,40,2013
1589,18,32,2013
19,18,14,2013
1860,18,23,2013
2004,18,15,2013
263,18,22,2013
13,18,29,2013
1260,18,4,2013
684,18,12,2013
132,18,5,2013
93,18,43,2013
44,18,24,2013
137,9,17,2013
2211,9,34,2013
155,9,46,2013
3843,9,16,2013
1577,9,21,2013
956,9,10,2013
289,9,18,2013
258,9,28,2013
129,9,47,2013
169,9,31,2013
175,9,26,2013
350,9,41,2013
92,9,38,2013
108,9,37,2013
207,9,8,2013
210,9,7,2013
240,9,48,2013
291,9,1,2013
476,9,20,2013
1740,9,30,2013
178,9,11,2013
3223,9,27,2013
42,9,13,2013
120,9,25,2013
465,9,2,2013
135,9,45,2013
843,9,42,2013
421,9,3,2013
4463,9,44,2013
205,9,19,2013
27,9,40,2013
530,9,32,2013
15,9,14,2013
1623,9,23,2013
1124,9,15,2013
4644,9,22,2013
60,9,29,2013
202,9,4,2013
5707,9,12,2013
110,9,5,2013
81,9,43,2013
767,9,24,2013
242,28,17,2013
563,28,34,2013
241,28,46,2013
1547,28,16,2013
583,28,21,2013
158,28,49,2013
12,28,39,2013
58,28,35,2013
1548,28,10,2013
694,28,18,2013
69,28,9,2013
2374,28,47,2013
731,28,31,2013
54,28,26,2013
489,28,41,2013
245,28,6,2013
25,28,38,2013
211,28,37,2013
213,28,8,2013
1060,28,7,2013
589,28,48,2013
289,28,1,2013
1887,28,20,2013
69,28,30,2013
107,28,11,2013
257,28,27,2013
58,28,33,2013
127,28,36,2013
76,28,13,2013
676,28,25,2013
504,28,2,2013
20,28,45,2013
647,28,42,2013
128,28,3,2013
122,28,44,2013
299,28,19,2013
25,28,40,2013
187,28,32,2013
27,28,14,2013
698,28,23,2013
2241,28,15,2013
91,28,22,2013
30,28,29,2013
505,28,4,2013
529,28,12,2013
41,28,5,2013
1966,28,43,2013
34,28,24,2013
198,47,17,2013
561,47,34,2013
152,47,46,2013
1339,47,16,2013
334,47,21,2013
46,47,49,2013
32,47,35,2013
2153,47,10,2013
617,47,18,2013
2410,47,28,2013
391,47,31,2013
129,47,26,2013
1672,47,41,2013
50,47,6,2013
1,47,38,2013
256,47,37,2013
44,47,8,2013
1873,47,7,2013
121,47,48,2013
91,47,1,2013
554,47,20,2013
18,47,30,2013
22,47,11,2013
101,47,27,2013
48,47,33,2013
114,47,36,2013
49,47,13,2013
208,47,25,2013
287,47,2,2013
117,47,45,2013
2131,47,42,2013
306,47,3,2013
128,47,44,2013
176,47,19,2013
3,47,40,2013
430,47,32,2013
43,47,14,2013
502,47,23,2013
1561,47,15,2013
71,47,22,2013
14,47,29,2013
460,47,4,2013
231,47,12,2013
50,47,5,2013
230,47,43,2013
110,47,24,2013
225,31,17,2013
866,31,34,2013
306,31,46,2013
1151,31,16,2013
927,31,21,2013
8,31,35,2013
1486,31,10,2013
921,31,18,2013
27,31,9,2013
2540,31,28,2013
703,31,47,2013
384,31,26,2013
379,31,41,2013
379,31,6,2013
190,31,37,2013
139,31,8,2013
424,31,7,2013
2605,31,48,2013
16,31,1,2013
1344,31,20,2013
2441,31,11,2013
141,31,27,2013
14,31,33,2013
22,31,36,2013
33,31,13,2013
268,31,25,2013
446,31,2,2013
82,31,45,2013
376,31,42,2013
124,31,3,2013
281,31,44,2013
220,31,19,2013
95,31,32,2013
1107,31,14,2013
569,31,23,2013
1303,31,15,2013
74,31,22,2013
73,31,29,2013
319,31,4,2013
469,31,12,2013
1348,31,43,2013
32,31,24,2013
195,26,17,2013
628,26,34,2013
570,26,46,2013
1617,26,16,2013
2262,26,21,2013
72,26,49,2013
1441,26,10,2013
651,26,18,2013
45,26,9,2013
673,26,28,2013
436,26,47,2013
1089,26,31,2013
317,26,41,2013
157,26,6,2013
318,26,38,2013
476,26,37,2013
128,26,8,2013
487,26,7,2013
297,26,48,2013
75,26,1,2013
7754,26,20,2013
105,26,30,2013
925,26,11,2013
97,26,27,2013
220,26,33,2013
78,26,36,2013
303,26,13,2013
723,26,25,2013
427,26,2,2013
431,26,42,2013
2290,26,3,2013
275,26,44,2013
246,26,19,2013
338,26,32,2013
169,26,14,2013
596,26,23,2013
3188,26,15,2013
216,26,22,2013
939,26,4,2013
444,26,12,2013
185,26,43,2013
205,26,24,2013
567,41,17,2013
200,41,34,2013
434,41,46,2013
884,41,16,2013
519,41,21,2013
15,41,49,2013
40,41,39,2013
10,41,35,2013
1723,41,10,2013
1028,41,18,2013
947,41,28,2013
2013,41,47,2013
126,41,31,2013
274,41,26,2013
140,41,6,2013
112,41,38,2013
203,41,37,2013
294,41,8,2013
450,41,7,2013
37,41,48,2013
118,41,1,2013
709,41,20,2013
41,41,30,2013
126,41,11,2013
351,41,27,2013
24,41,33,2013
140,41,36,2013
91,41,13,2013
186,41,25,2013
887,41,2,2013
4,41,45,2013
3022,41,42,2013
355,41,3,2013
150,41,44,2013
318,41,19,2013
314,41,32,2013
2196,41,23,2013
1247,41,15,2013
32,41,22,2013
42,41,29,2013
743,41,4,2013
488,41,12,2013
448,41,5,2013
233,41,43,2013
309,6,17,2013
319,6,34,2013
965,6,46,2013
813,6,16,2013
513,6,21,2013
5,6,49,2013
46,6,39,2013
185,6,35,2013
1482,6,10,2013
1404,6,18,2013
26,6,9,2013
393,6,28,2013
156,6,47,2013
43,6,31,2013
139,6,26,2013
178,6,41,2013
40,6,38,2013
141,6,37,2013
67,6,8,2013
171,6,7,2013
84,6,48,2013
1814,6,1,2013
442,6,20,2013
103,6,30,2013
59,6,11,2013
190,6,33,2013
127,6,36,2013
43,6,13,2013
340,6,25,2013
318,6,2,2013
18,6,45,2013
436,6,42,2013
507,6,3,2013
149,6,44,2013
265,6,19,2013
171,6,40,2013
400,6,32,2013
33,6,14,2013
1459,6,23,2013
6279,6,15,2013
123,6,22,2013
7,6,29,2013
285,6,4,2013
74,6,12,2013
30,6,43,2013
89,6,24,2013
39,38,17,2013
663,38,34,2013
831,38,16,2013
663,38,21,2013
275,38,49,2013
39,38,39,2013
2255,38,10,2013
399,38,18,2013
9,38,9,2013
246,38,28,2013
152,38,47,2013
14,38,31,2013
105,38,26,2013
280,38,41,2013
28,38,6,2013
360,38,37,2013
3711,38,8,2013
82,38,7,2013
82,38,48,2013
100,38,1,2013
389,38,20,2013
15,38,30,2013
102,38,27,2013
2317,38,33,2013
353,38,36,2013
39,38,13,2013
1112,38,25,2013
463,38,2,2013
91,38,42,2013
140,38,3,2013
35,38,44,2013
716,38,19,2013
314,38,40,2013
823,38,32,2013
185,38,23,2013
792,38,15,2013
170,38,22,2013
524,38,29,2013
670,38,4,2013
539,38,12,2013
693,38,43,2013
73,38,24,2013
162,37,17,2013
305,37,34,2013
216,37,46,2013
1651,37,16,2013
492,37,21,2013
207,37,49,2013
1339,37,39,2013
1559,37,35,2013
2029,37,10,2013
946,37,18,2013
24,37,9,2013
478,37,28,2013
104,37,47,2013
94,37,31,2013
212,37,26,2013
319,37,41,2013
137,37,6,2013
95,37,38,2013
803,37,8,2013
291,37,7,2013
167,37,48,2013
58,37,1,2013
391,37,20,2013
25,37,30,2013
99,37,11,2013
269,37,27,2013
228,37,33,2013
548,37,36,2013
107,37,13,2013
1065,37,25,2013
2285,37,2,2013
24,37,45,2013
532,37,42,2013
157,37,3,2013
69,37,44,2013
2964,37,19,2013
235,37,40,2013
597,37,32,2013
25,37,14,2013
309,37,23,2013
1783,37,15,2013
133,37,22,2013
52,37,29,2013
5020,37,4,2013
559,37,12,2013
1404,37,5,2013
102,37,43,2013
144,8,17,2013
198,8,34,2013
1928,8,16,2013
326,8,21,2013
1138,8,49,2013
14,8,39,2013
231,8,35,2013
2922,8,10,2013
359,8,18,2013
8,8,9,2013
426,8,28,2013
79,8,47,2013
47,8,31,2013
13,8,26,2013
62,8,41,2013
83,8,6,2013
768,8,38,2013
355,8,37,2013
349,8,7,2013
105,8,48,2013
45,8,1,2013
203,8,20,2013
28,8,30,2013
40,8,11,2013
150,8,27,2013
2574,8,33,2013
574,8,36,2013
135,8,13,2013
2178,8,25,2013
920,8,2,2013
7,8,45,2013
468,8,42,2013
21,8,3,2013
234,8,44,2013
1092,8,19,2013
1354,8,40,2013
395,8,32,2013
12,8,14,2013
231,8,23,2013
803,8,15,2013
206,8,22,2013
613,8,29,2013
778,8,4,2013
326,8,12,2013
9,8,5,2013
97,8,43,2013
61,8,24,2013
282,7,17,2013
817,7,34,2013
43,7,46,2013
925,7,16,2013
274,7,21,2013
120,7,49,2013
17,7,39,2013
62,7,35,2013
2003,7,10,2013
840,7,18,2013
38,7,9,2013
1515,7,28,2013
989,7,47,2013
67,7,31,2013
44,7,26,2013
405,7,41,2013
143,7,6,2013
7,7,38,2013
94,7,37,2013
132,7,8,2013
169,7,48,2013
210,7,1,2013
198,7,20,2013
40,7,30,2013
92,7,11,2013
109,7,27,2013
21,7,33,2013
238,7,36,2013
52,7,13,2013
305,7,25,2013
649,7,2,2013
51,7,45,2013
1664,7,42,2013
138,7,3,2013
129,7,44,2013
320,7,19,2013
61,7,40,2013
301,7,32,2013
21,7,14,2013
600,7,23,2013
1005,7,15,2013
167,7,22,2013
9,7,29,2013
327,7,4,2013
245,7,12,2013
98,7,5,2013
597,7,43,2013
91,7,24,2013
89,48,17,2013
1037,48,34,2013
53,48,46,2013
1362,48,16,2013
693,48,21,2013
143,48,49,2013
37,48,39,2013
1030,48,10,2013
198,48,18,2013
128,48,9,2013
1042,48,28,2013
361,48,47,2013
1529,48,31,2013
423,48,26,2013
198,48,41,2013
193,48,6,2013
34,48,38,2013
176,48,37,2013
136,48,8,2013
343,48,7,2013
40,48,1,2013
462,48,20,2013
171,48,30,2013
142,48,11,2013
74,48,27,2013
6,48,33,2013
128,48,36,2013
61,48,13,2013
223,48,25,2013
363,48,2,2013
2916,48,45,2013
246,48,42,2013
160,48,3,2013
453,48,44,2013
166,48,19,2013
69,48,40,2013
367,48,32,2013
992,48,14,2013
308,48,23,2013
1241,48,15,2013
108,48,22,2013
1,48,29,2013
246,48,4,2013
642,48,12,2013
42,48,5,2013
2904,48,43,2013
73,48,24,2013
2578,1,17,2013
167,1,34,2013
475,1,46,2013
819,1,16,2013
390,1,21,2013
19,1,49,2013
135,1,39,2013
2315,1,10,2013
1922,1,18,2013
139,1,9,2013
378,1,28,2013
260,1,47,2013
44,1,31,2013
31,1,26,2013
572,1,41,2013
2785,1,6,2013
271,1,37,2013
158,1,8,2013
132,1,7,2013
63,1,48,2013
253,1,20,2013
8,1,30,2013
23,1,11,2013
112,1,27,2013
36,1,36,2013
61,1,13,2013
234,1,25,2013
555,1,2,2013
103,1,45,2013
453,1,42,2013
652,1,3,2013
309,1,44,2013
110,1,19,2013
129,1,40,2013
426,1,32,2013
3729,1,23,2013
2349,1,15,2013
170,1,22,2013
17,1,29,2013
412,1,4,2013
180,1,12,2013
159,1,43,2013
248,20,17,2013
458,20,34,2013
872,20,46,2013
1182,20,16,2013
1045,20,21,2013
56,20,49,2013
78,20,39,2013
46,20,35,2013
1780,20,10,2013
321,20,18,2013
61,20,9,2013
2084,20,28,2013
376,20,47,2013
600,20,31,2013
4155,20,26,2013
318,20,41,2013
258,20,6,2013
30,20,38,2013
126,20,37,2013
82,20,8,2013
261,20,7,2013
224,20,48,2013
138,20,1,2013
57,20,30,2013
342,20,11,2013
115,20,27,2013
1,20,33,2013
176,20,36,2013
231,20,13,2013
340,20,25,2013
199,20,2,2013
81,20,45,2013
226,20,42,2013
716,20,3,2013
92,20,44,2013
356,20,19,2013
3,20,40,2013
297,20,32,2013
13,20,14,2013
585,20,23,2013
2203,20,15,2013
302,20,22,2013
29,20,29,2013
465,20,4,2013
566,20,12,2013
25,20,5,2013
180,20,43,2013
210,20,24,2013
529,30,17,2013
2059,30,34,2013
40,30,46,2013
3104,30,16,2013
2600,30,21,2013
59,30,49,2013
43,30,35,2013
568,30,10,2013
167,30,18,2013
2682,30,9,2013
66,30,28,2013
203,30,47,2013
328,30,26,2013
334,30,6,2013
291,30,38,2013
168,30,7,2013
683,30,48,2013
103,30,1,2013
753,30,20,2013
475,30,11,2013
1083,30,27,2013
281,30,33,2013
79,30,36,2013
48,30,13,2013
739,30,2,2013
1542,30,45,2013
458,30,42,2013
283,30,3,2013
2850,30,44,2013
198,30,19,2013
339,30,14,2013
39,30,23,2013
640,30,15,2013
1065,30,22,2013
340,30,29,2013
398,30,4,2013
3092,30,12,2013
63,30,5,2013
575,30,43,2013
1590,30,24,2013
92,11,17,2013
1473,11,34,2013
73,11,46,2013
676,11,16,2013
1853,11,21,2013
70,11,39,2013
11,11,35,2013
1194,11,10,2013
281,11,18,2013
205,11,9,2013
836,11,28,2013
129,11,47,2013
3466,11,31,2013
1667,11,26,2013
359,11,41,2013
195,11,6,2013
129,11,38,2013
59,11,37,2013
8,11,8,2013
389,11,7,2013
585,11,48,2013
162,11,1,2013
1891,11,20,2013
113,11,30,2013
596,11,27,2013
39,11,33,2013
175,11,36,2013
137,11,13,2013
150,11,25,2013
347,11,2,2013
154,11,45,2013
205,11,42,2013
660,11,3,2013
542,11,44,2013
161,11,19,2013
263,11,40,2013
212,11,32,2013
1592,11,14,2013
53,11,23,2013
2116,11,15,2013
421,11,22,2013
107,11,29,2013
439,11,4,2013
725,11,12,2013
94,11,5,2013
184,11,43,2013
277,11,24,2013
204,27,17,2013
3401,27,34,2013
125,27,46,2013
10769,27,16,2013
899,27,21,2013
43,27,49,2013
1263,27,10,2013
316,27,18,2013
923,27,9,2013
849,27,28,2013
494,27,47,2013
191,27,31,2013
226,27,26,2013
30,27,41,2013
266,27,6,2013
40,27,38,2013
100,27,37,2013
216,27,8,2013
573,27,7,2013
411,27,48,2013
154,27,1,2013
496,27,20,2013
277,27,30,2013
161,27,11,2013
53,27,33,2013
342,27,36,2013
412,27,13,2013
609,27,25,2013
779,27,2,2013
106,27,45,2013
371,27,42,2013
415,27,3,2013
905,27,44,2013
214,27,19,2013
267,27,32,2013
208,27,14,2013
347,27,23,2013
3431,27,15,2013
2776,27,22,2013
54,27,29,2013
229,27,4,2013
1358,27,12,2013
3,27,5,2013
323,27,43,2013
15,27,24,2013
348,33,34,2013
272,33,46,2013
903,33,16,2013
404,33,21,2013
1919,33,49,2013
81,33,35,2013
3759,33,10,2013
220,33,18,2013
244,33,28,2013
180,33,47,2013
167,33,26,2013
167,33,41,2013
3383,33,38,2013
81,33,37,2013
9184,33,8,2013
255,33,7,2013
30,33,1,2013
226,33,20,2013
290,33,30,2013
50,33,11,2013
271,33,27,2013
639,33,36,2013
58,33,13,2013
1667,33,25,2013
1449,33,2,2013
36,33,45,2013
561,33,42,2013
224,33,3,2013
682,33,19,2013
781,33,40,2013
967,33,32,2013
16,33,14,2013
358,33,23,2013
1092,33,15,2013
2701,33,29,2013
338,33,4,2013
223,33,12,2013
247,33,5,2013
162,33,43,2013
83,36,17,2013
430,36,34,2013
49,36,46,2013
1185,36,16,2013
161,36,21,2013
621,36,49,2013
510,36,39,2013
245,36,35,2013
3490,36,10,2013
526,36,18,2013
398,36,28,2013
61,36,47,2013
36,36,31,2013
74,36,26,2013
15,36,41,2013
28,36,6,2013
76,36,38,2013
939,36,37,2013
676,36,8,2013
181,36,7,2013
107,36,48,2013
15,36,1,2013
177,36,20,2013
14,36,30,2013
23,36,11,2013
56,36,27,2013
90,36,33,2013
57,36,13,2013
3297,36,25,2013
868,36,2,2013
14,36,45,2013
359,36,42,2013
11,36,3,2013
92,36,44,2013
4111,36,19,2013
191,36,40,2013
721,36,32,2013
2,36,14,2013
152,36,23,2013
981,36,15,2013
49,36,22,2013
63,36,29,2013
1033,36,4,2013
239,36,12,2013
172,36,5,2013
110,36,43,2013
878,13,17,2013
3119,13,34,2013
99,13,46,2013
3006,13,16,2013
2852,13,21,2013
94,13,49,2013
123,13,39,2013
196,13,35,2013
1034,13,10,2013
436,13,18,2013
411,13,9,2013
1116,13,28,2013
7,13,47,2013
172,13,31,2013
194,13,26,2013
414,13,41,2013
131,13,6,2013
147,13,37,2013
219,13,8,2013
740,13,7,2013
387,13,48,2013
136,13,1,2013
824,13,20,2013
269,13,30,2013
220,13,11,2013
1118,13,27,2013
12,13,33,2013
49,13,36,2013
823,13,25,2013
546,13,2,2013
38,13,45,2013
577,13,42,2013
672,13,3,2013
1052,13,44,2013
183,13,19,2013
164,13,32,2013
31,13,14,2013
28,13,23,2013
10847,13,15,2013
702,13,22,2013
52,13,29,2013
323,13,4,2013
678,13,12,2013
129,13,5,2013
330,13,43,2013
95,13,24,2013
139,25,17,2013
348,25,34,2013
52,25,46,2013
1564,25,16,2013
399,25,21,2013
1174,25,49,2013
179,25,39,2013
243,25,35,2013
2823,25,10,2013
826,25,18,2013
13,25,9,2013
433,25,28,2013
109,25,47,2013
17,25,31,2013
40,25,26,2013
136,25,41,2013
89,25,6,2013
80,25,38,2013
685,25,37,2013
843,25,8,2013
240,25,7,2013
151,25,48,2013
15,25,1,2013
151,25,20,2013
21,25,30,2013
18,25,11,2013
170,25,27,2013
95,25,33,2013
2449,25,36,2013
16,25,13,2013
1159,25,2,2013
7,25,45,2013
408,25,42,2013
84,25,3,2013
150,25,44,2013
1705,25,19,2013
196,25,40,2013
426,25,32,2013
8,25,14,2013
149,25,23,2013
1015,25,15,2013
136,25,22,2013
153,25,29,2013
746,25,4,2013
189,25,12,2013
60,25,5,2013
53,25,43,2013
79,25,24,2013
575,2,17,2013
262,2,34,2013
55,2,46,2013
1103,2,16,2013
493,2,21,2013
183,2,49,2013
139,2,39,2013
127,2,35,2013
2956,2,10,2013
2009,2,18,2013
583,2,28,2013
297,2,47,2013
114,2,31,2013
155,2,26,2013
237,2,41,2013
210,2,6,2013
96,2,38,2013
841,2,37,2013
417,2,8,2013
320,2,7,2013
173,2,48,2013
102,2,1,2013
538,2,20,2013
123,2,30,2013
36,2,11,2013
77,2,27,2013
67,2,33,2013
315,2,36,2013
104,2,13,2013
1103,2,25,2013
4,2,45,2013
1130,2,42,2013
418,2,3,2013
79,2,44,2013
759,2,19,2013
75,2,40,2013
2417,2,32,2013
46,2,14,2013
988,2,23,2013
1482,2,15,2013
79,2,22,2013
56,2,29,2013
2288,2,4,2013
461,2,12,2013
226,2,5,2013
228,2,43,2013
52,2,24,2013
204,45,17,2013
1254,45,34,2013
983,45,16,2013
1348,45,21,2013
69,45,10,2013
522,45,9,2013
296,45,28,2013
2114,45,31,2013
142,45,26,2013
516,45,6,2013
95,45,8,2013
1502,45,7,2013
14281,45,48,2013
398,45,20,2013
3454,45,30,2013
523,45,11,2013
326,45,27,2013
15,45,13,2013
164,45,25,2013
47,45,42,2013
229,45,3,2013
1598,45,44,2013
642,45,19,2013
63,45,32,2013
4038,45,14,2013
80,45,23,2013
1470,45,15,2013
300,45,22,2013
2286,45,4,2013
763,45,12,2013
1220,45,43,2013
192,45,24,2013
317,42,17,2013
318,42,34,2013
158,42,46,2013
582,42,16,2013
394,42,21,2013
99,42,49,2013
39,42,39,2013
27,42,35,2013
1951,42,10,2013
862,42,18,2013
28,42,9,2013
706,42,28,2013
780,42,47,2013
77,42,31,2013
132,42,26,2013
1360,42,41,2013
117,42,6,2013
107,42,38,2013
224,42,37,2013
247,42,8,2013
829,42,7,2013
186,42,48,2013
126,42,1,2013
239,42,20,2013
28,42,30,2013
39,42,11,2013
148,42,27,2013
35,42,33,2013
96,42,36,2013
48,42,13,2013
740,42,25,2013
772,42,2,2013
27,42,45,2013
53,42,3,2013
41,42,44,2013
1003,42,19,2013
18,42,40,2013
858,42,32,2013
7,42,14,2013
434,42,23,2013
975,42,15,2013
152,42,22,2013
39,42,29,2013
502,42,4,2013
239,42,12,2013
801,42,5,2013
287,42,43,2013
12,42,24,2013
173,3,17,2013
441,3,34,2013
2307,3,46,2013
964,3,16,2013
1333,3,21,2013
16,3,49,2013
23,3,39,2013
40,3,35,2013
1138,3,10,2013
816,3,18,2013
18,3,9,2013
365,3,28,2013
255,3,47,2013
248,3,31,2013
1272,3,26,2013
154,3,41,2013
637,3,6,2013
24,3,38,2013
128,3,37,2013
44,3,8,2013
150,3,7,2013
166,3,48,2013
306,3,1,2013
1840,3,20,2013
126,3,30,2013
282,3,11,2013
115,3,27,2013
13,3,33,2013
34,3,36,2013
220,3,13,2013
357,3,25,2013
452,3,2,2013
52,3,45,2013
378,3,42,2013
343,3,44,2013
541,3,19,2013
439,3,32,2013
64,3,14,2013
333,3,23,2013
7570,3,15,2013
365,3,22,2013
398,3,4,2013
615,3,12,2013
28,3,5,2013
173,3,43,2013
44,3,24,2013
58,44,17,2013
2378,44,34,2013
200,44,46,2013
5131,44,16,2013
712,44,21,2013
69,44,49,2013
49,44,35,2013
462,44,10,2013
169,44,18,2013
1439,44,9,2013
543,44,28,2013
474,44,47,2013
190,44,31,2013
139,44,26,2013
30,44,41,2013
714,44,6,2013
32,44,38,2013
150,44,37,2013
181,44,8,2013
83,44,7,2013
430,44,48,2013
45,44,1,2013
247,44,20,2013
712,44,30,2013
38,44,11,2013
452,44,27,2013
62,44,33,2013
219,44,36,2013
294,44,13,2013
514,44,25,2013
367,44,2,2013
269,44,45,2013
235,44,42,2013
182,44,3,2013
383,44,19,2013
1,44,40,2013
148,44,32,2013
92,44,14,2013
208,44,23,2013
1112,44,15,2013
702,44,22,2013
68,44,29,2013
115,44,4,2013
7026,44,12,2013
26,44,5,2013
186,44,43,2013
564,44,24,2013
116,19,17,2013
448,19,34,2013
19,19,46,2013
894,19,16,2013
295,19,21,2013
514,19,49,2013
843,19,39,2013
170,19,35,2013
2251,19,10,2013
492,19,18,2013
32,19,9,2013
542,19,28,2013
150,19,47,2013
83,19,31,2013
44,19,26,2013
102,19,41,2013
54,19,6,2013
247,19,38,2013
998,19,37,2013
372,19,8,2013
325,19,7,2013
89,19,48,2013
72,19,1,2013
258,19,20,2013
61,19,30,2013
13,19,11,2013
143,19,27,2013
38,19,33,2013
1529,19,36,2013
38,19,13,2013
1897,19,25,2013
1038,19,2,2013
921,19,42,2013
123,19,3,2013
113,19,44,2013
170,19,40,2013
695,19,32,2013
25,19,14,2013
274,19,23,2013
798,19,15,2013
69,19,22,2013
64,19,29,2013
1065,19,4,2013
177,19,12,2013
408,19,5,2013
108,19,43,2013
34,19,24,2013
114,40,17,2013
439,40,34,2013
28,40,46,2013
1571,40,16,2013
494,40,21,2013
3418,40,49,2013
1089,40,35,2013
3033,40,10,2013
784,40,18,2013
628,40,28,2013
54,40,47,2013
18,40,31,2013
64,40,41,2013
108,40,6,2013
558,40,38,2013
199,40,37,2013
7548,40,8,2013
544,40,7,2013
147,40,48,2013
30,40,1,2013
272,40,20,2013
1391,40,33,2013
337,40,36,2013
2663,40,25,2013
530,40,2,2013
967,40,42,2013
366,40,3,2013
114,40,44,2013
660,40,19,2013
1402,40,32,2013
146,40,23,2013
1188,40,15,2013
753,40,22,2013
180,40,29,2013
1621,40,4,2013
617,40,12,2013
57,40,43,2013
376,32,17,2013
429,32,34,2013
71,32,46,2013
1528,32,16,2013
275,32,21,2013
337,32,49,2013
111,32,39,2013
106,32,35,2013
2324,32,10,2013
3119,32,18,2013
67,32,9,2013
421,32,28,2013
264,32,47,2013
90,32,31,2013
248,32,26,2013
143,32,41,2013
270,32,6,2013
121,32,38,2013
364,32,37,2013
149,32,8,2013
678,32,7,2013
164,32,48,2013
386,32,1,2013
369,32,20,2013
30,32,30,2013
85,32,11,2013
229,32,27,2013
29,32,33,2013
203,32,36,2013
207,32,13,2013
1205,32,25,2013
4826,32,2,2013
10,32,45,2013
363,32,42,2013
255,32,3,2013
139,32,44,2013
808,32,19,2013
102,32,40,2013
22,32,14,2013
1168,32,23,2013
1514,32,15,2013
203,32,22,2013
2,32,29,2013
1999,32,4,2013
408,32,12,2013
299,32,5,2013
109,32,43,2013
63,32,24,2013
377,14,17,2013
1790,14,34,2013
111,14,46,2013
1164,14,16,2013
1960,14,21,2013
241,14,35,2013
632,14,10,2013
79,14,18,2013
3612,14,9,2013
325,14,28,2013
224,14,47,2013
2553,14,31,2013
458,14,26,2013
172,14,6,2013
426,14,37,2013
41,14,8,2013
372,14,7,2013
3273,14,48,2013
71,14,1,2013
880,14,20,2013
439,14,30,2013
3370,14,11,2013
842,14,27,2013
26,14,36,2013
874,14,13,2013
525,14,25,2013
3490,14,45,2013
435,14,3,2013
58,14,44,2013
223,14,19,2013
287,14,32,2013
337,14,23,2013
1531,14,15,2013
113,14,22,2013
104,14,4,2013
1760,14,12,2013
313,14,43,2013
679,14,24,2013
1355,23,17,2013
506,23,34,2013
659,23,46,2013
1080,23,16,2013
353,23,21,2013
175,23,49,2013
25,23,39,2013
86,23,35,2013
2037,23,10,2013
2905,23,18,2013
96,23,9,2013
927,23,28,2013
404,23,47,2013
121,23,31,2013
149,23,26,2013
1286,23,41,2013
549,23,6,2013
24,23,38,2013
187,23,37,2013
123,23,8,2013
697,23,7,2013
97,23,48,2013
1836,23,1,2013
379,23,20,2013
4,23,30,2013
9,23,11,2013
150,23,27,2013
49,23,33,2013
182,23,36,2013
95,23,13,2013
224,23,25,2013
1116,23,2,2013
19,23,45,2013
785,23,42,2013
213,23,3,2013
114,23,44,2013
513,23,19,2013
454,23,32,2013
118,23,14,2013
2211,23,15,2013
194,23,22,2013
17,23,29,2013
827,23,4,2013
316,23,12,2013
190,23,5,2013
496,23,43,2013
40,23,24,2013
166,15,17,2013
670,15,34,2013
488,15,46,2013
1219,15,16,2013
887,15,21,2013
75,15,49,2013
9,15,39,2013
61,15,35,2013
914,15,10,2013
564,15,18,2013
73,15,9,2013
444,15,28,2013
269,15,47,2013
129,15,31,2013
351,15,26,2013
225,15,41,2013
821,15,6,2013
26,15,38,2013
203,15,37,2013
108,15,8,2013
269,15,7,2013
239,15,48,2013
308,15,1,2013
374,15,20,2013
78,15,30,2013
113,15,11,2013
196,15,27,2013
34,15,33,2013
162,15,36,2013
518,15,13,2013
495,15,25,2013
363,15,2,2013
112,15,45,2013
218,15,42,2013
1034,15,3,2013
309,15,44,2013
363,15,19,2013
21,15,40,2013
220,15,32,2013
52,15,14,2013
454,15,23,2013
212,15,22,2013
19,15,29,2013
483,15,4,2013
518,15,12,2013
45,15,5,2013
143,15,43,2013
36,15,24,2013
649,22,17,2013
3138,22,34,2013
81,22,46,2013
4359,22,16,2013
2153,22,21,2013
149,22,49,2013
43,22,35,2013
734,22,10,2013
541,22,18,2013
2336,22,9,2013
465,22,28,2013
479,22,47,2013
418,22,31,2013
129,22,26,2013
217,22,41,2013
435,22,6,2013
21,22,38,2013
633,22,37,2013
138,22,8,2013
244,22,7,2013
402,22,48,2013
9,22,1,2013
74,22,20,2013
620,22,30,2013
373,22,11,2013
2321,22,27,2013
9,22,33,2013
127,22,36,2013
972,22,13,2013
283,22,25,2013
374,22,2,2013
168,22,45,2013
619,22,42,2013
196,22,3,2013
1214,22,44,2013
335,22,19,2013
56,22,32,2013
27,22,14,2013
174,22,23,2013
1961,22,15,2013
150,22,29,2013
757,22,4,2013
1910,22,12,2013
61,22,5,2013
25,22,43,2013
481,22,24,2013
30,29,17,2013
488,29,34,2013
1643,29,16,2013
1100,29,21,2013
991,29,49,2013
2289,29,10,2013
319,29,18,2013
1648,29,28,2013
416,29,47,2013
586,29,31,2013
108,29,26,2013
405,29,41,2013
2168,29,38,2013
664,29,37,2013
4600,29,8,2013
427,29,7,2013
316,29,48,2013
507,29,30,2013
3859,29,33,2013
1390,29,36,2013
3851,29,25,2013
1378,29,2,2013
186,29,45,2013
627,29,42,2013
183,29,44,2013
991,29,19,2013
1368,29,40,2013
293,29,32,2013
134,29,14,2013
59,29,23,2013
525,29,22,2013
557,29,4,2013
266,29,12,2013
43,29,5,2013
175,29,43,2013
151,29,24,2013
400,4,17,2013
456,4,34,2013
62,4,46,2013
1552,4,16,2013
845,4,21,2013
322,4,49,2013
94,4,39,2013
946,4,35,2013
2197,4,10,2013
1146,4,18,2013
135,4,9,2013
643,4,28,2013
305,4,47,2013
59,4,31,2013
88,4,26,2013
403,4,41,2013
322,4,6,2013
66,4,38,2013
2945,4,37,2013
722,4,8,2013
255,4,7,2013
183,4,48,2013
135,4,1,2013
160,4,20,2013
60,4,30,2013
73,4,11,2013
227,4,27,2013
60,4,33,2013
590,4,36,2013
206,4,13,2013
1431,4,25,2013
3642,4,2,2013
67,4,45,2013
630,4,42,2013
287,4,3,2013
395,4,44,2013
1138,4,19,2013
73,4,40,2013
890,4,32,2013
36,4,14,2013
801,4,23,2013
1734,4,15,2013
276,4,22,2013
50,4,29,2013
435,4,12,2013
732,4,5,2013
97,4,43,2013
1,4,24,2013
84,12,17,2013
2118,12,34,2013
74,12,46,2013
5348,12,16,2013
886,12,21,2013
96,12,49,2013
22,12,35,2013
1001,12,10,2013
300,12,18,2013
1444,12,9,2013
617,12,28,2013
337,12,47,2013
157,12,31,2013
170,12,26,2013
164,12,41,2013
310,12,6,2013
73,12,38,2013
319,12,37,2013
134,12,8,2013
151,12,7,2013
355,12,48,2013
14,12,1,2013
350,12,20,2013
773,12,30,2013
71,12,11,2013
641,12,27,2013
73,12,33,2013
115,12,36,2013
154,12,13,2013
400,12,25,2013
276,12,2,2013
92,12,45,2013
445,12,42,2013
154,12,3,2013
4276,12,44,2013
353,12,19,2013
15,12,40,2013
340,12,32,2013
126,12,14,2013
334,12,23,2013
1597,12,15,2013
619,12,22,2013
55,12,29,2013
725,12,4,2013
7,12,5,2013
232,12,43,2013
124,12,24,2013
58,5,17,2013
101,5,34,2013
80,5,46,2013
521,5,16,2013
132,5,21,2013
98,5,49,2013
28,5,39,2013
210,5,35,2013
2292,5,10,2013
347,5,18,2013
579,5,28,2013
86,5,47,2013
79,5,31,2013
178,5,26,2013
955,5,41,2013
391,5,6,2013
83,5,38,2013
2509,5,37,2013
119,5,8,2013
172,5,7,2013
321,5,48,2013
67,5,1,2013
407,5,20,2013
26,5,30,2013
19,5,11,2013
35,5,27,2013
296,5,33,2013
248,5,36,2013
106,5,13,2013
391,5,25,2013
1987,5,2,2013
5334,5,42,2013
317,5,3,2013
1900,5,19,2013
28,5,40,2013
726,5,32,2013
22,5,14,2013
450,5,23,2013
851,5,15,2013
3261,5,4,2013
48,5,12,2013
209,5,43,2013
51,43,17,2013
992,43,34,2013
57,43,46,2013
819,43,16,2013
457,43,21,2013
75,43,49,2013
1276,43,10,2013
534,43,18,2013
58,43,9,2013
2761,43,28,2013
434,43,47,2013
909,43,31,2013
123,43,26,2013
215,43,41,2013
90,43,6,2013
2,43,38,2013
240,43,37,2013
125,43,8,2013
923,43,7,2013
3076,43,48,2013
49,43,1,2013
408,43,20,2013
152,43,30,2013
61,43,11,2013
296,43,27,2013
58,43,33,2013
20,43,36,2013
88,43,13,2013
246,43,25,2013
252,43,2,2013
80,43,45,2013
416,43,42,2013
196,43,3,2013
185,43,44,2013
276,43,19,2013
214,43,32,2013
86,43,14,2013
489,43,23,2013
1158,43,15,2013
107,43,22,2013
9,43,29,2013
265,43,4,2013
730,43,12,2013
19,43,5,2013
31,43,24,2013
484,24,17,2013
3157,24,34,2013
1769,24,16,2013
7398,24,21,2013
226,24,49,2013
5,24,35,2013
585,24,10,2013
965,24,18,2013
2590,24,9,2013
347,24,28,2013
22,24,47,2013
726,24,31,2013
310,24,26,2013
396,24,41,2013
120,24,38,2013
537,24,37,2013
158,24,8,2013
264,24,7,2013
365,24,48,2013
101,24,20,2013
1695,24,30,2013
852,24,11,2013
1523,24,27,2013
468,24,13,2013
530,24,25,2013
60,24,2,2013
1472,24,45,2013
259,24,42,2013
963,24,3,2013
1755,24,44,2013
884,24,19,2013
147,24,32,2013
1685,24,14,2013
216,24,23,2013
7970,24,15,2013
6356,24,22,2013
116,24,29,2013
101,24,4,2013
687,24,12,2013
73,24,43,2013
162,17,34,2014
443,17,46,2014
2156,17,16,2014
207,17,21,2014
56,17,49,2014
9,17,39,2014
51,17,35,2014
3248,17,10,2014
3878,17,18,2014
34,17,9,2014
323,17,28,2014
253,17,47,2014
132,17,31,2014
171,17,26,2014
291,17,41,2014
993,17,6,2014
159,17,37,2014
107,17,8,2014
487,17,7,2014
80,17,48,2014
1407,17,1,2014
579,17,20,2014
27,17,30,2014
105,17,11,2014
98,17,27,2014
9,17,33,2014
44,17,36,2014
8,17,13,2014
343,17,25,2014
880,17,2,2014
83,17,45,2014
245,17,42,2014
205,17,3,2014
32,17,44,2014
317,17,19,2014
71,17,40,2014
664,17,32,2014
1990,17,23,2014
1329,17,15,2014
75,17,22,2014
548,17,4,2014
338,17,12,2014
29,17,5,2014
93,17,43,2014
52,17,24,2014
124,34,17,2014
116,34,46,2014
5229,34,16,2014
1828,34,21,2014
39,34,49,2014
39,34,39,2014
27,34,35,2014
1174,34,10,2014
984,34,18,2014
520,34,9,2014
421,34,28,2014
578,34,47,2014
392,34,31,2014
314,34,26,2014
214,34,41,2014
143,34,6,2014
90,34,38,2014
299,34,37,2014
150,34,8,2014
941,34,7,2014
421,34,48,2014
105,34,1,2014
555,34,20,2014
278,34,30,2014
170,34,11,2014
1261,34,27,2014
21,34,33,2014
159,34,36,2014
1274,34,13,2014
1143,34,25,2014
333,34,2,2014
131,34,45,2014
497,34,42,2014
554,34,3,2014
1403,34,44,2014
257,34,19,2014
341,34,32,2014
149,34,14,2014
387,34,23,2014
2674,34,15,2014
1242,34,22,2014
16,34,29,2014
535,34,4,2014
1326,34,12,2014
44,34,5,2014
322,34,43,2014
267,34,24,2014
488,46,17,2014
397,46,34,2014
529,46,16,2014
659,46,21,2014
35,46,35,2014
643,46,10,2014
604,46,18,2014
37,46,9,2014
415,46,28,2014
294,46,47,2014
322,46,31,2014
305,46,26,2014
236,46,41,2014
772,46,6,2014
168,46,37,2014
78,46,8,2014
265,46,7,2014
192,46,48,2014
492,46,1,2014
2710,46,20,2014
97,46,30,2014
55,46,11,2014
28,46,27,2014
21,46,33,2014
142,46,36,2014
35,46,13,2014
205,46,25,2014
192,46,2,2014
64,46,45,2014
494,46,42,2014
2471,46,3,2014
192,46,44,2014
185,46,19,2014
333,46,32,2014
7,46,14,2014
2569,46,23,2014
4019,46,15,2014
40,46,22,2014
19,46,4,2014
473,46,12,2014
177,46,5,2014
224,46,43,2014
187,46,24,2014
139,16,17,2014
1488,16,34,2014
131,16,46,2014
634,16,21,2014
95,16,49,2014
4,16,39,2014
134,16,35,2014
602,16,10,2014
362,16,18,2014
260,16,9,2014
405,16,28,2014
165,16,47,2014
86,16,31,2014
165,16,26,2014
96,16,41,2014
105,16,6,2014
53,16,38,2014
183,16,37,2014
375,16,8,2014
252,16,7,2014
234,16,48,2014
159,16,1,2014
179,16,20,2014
141,16,30,2014
61,16,11,2014
1268,16,27,2014
42,16,33,2014
154,16,36,2014
129,16,13,2014
576,16,25,2014
426,16,2,2014
32,16,45,2014
201,16,42,2014
211,16,3,2014
915,16,44,2014
237,16,19,2014
35,16,40,2014
150,16,32,2014
49,16,14,2014
229,16,23,2014
1647,16,15,2014
375,16,22,2014
31,16,29,2014
414,16,4,2014
1038,16,12,2014
40,16,5,2014
166,16,43,2014
70,16,24,2014
377,21,17,2014
1806,21,34,2014
214,21,46,2014
3270,21,16,2014
86,21,49,2014
17,21,39,2014
88,21,35,2014
1730,21,10,2014
1052,21,18,2014
437,21,9,2014
759,21,28,2014
336,21,47,2014
459,21,31,2014
626,21,26,2014
444,21,41,2014
474,21,6,2014
102,21,38,2014
342,21,37,2014
562,21,8,2014
362,21,7,2014
645,21,48,2014
122,21,1,2014
553,21,20,2014
354,21,30,2014
696,21,11,2014
618,21,27,2014
48,21,33,2014
199,21,36,2014
836,21,13,2014
401,21,25,2014
954,21,2,2014
190,21,45,2014
732,21,42,2014
783,21,3,2014
1017,21,44,2014
488,21,19,2014
17,21,40,2014
645,21,32,2014
259,21,14,2014
463,21,23,2014
3416,21,15,2014
768,21,22,2014
120,21,29,2014
1025,21,4,2014
1267,21,12,2014
163,21,5,2014
272,21,43,2014
975,21,24,2014
138,49,17,2014
127,49,34,2014
119,49,46,2014
1667,49,16,2014
231,49,21,2014
265,49,39,2014
371,49,35,2014
3601,49,10,2014
903,49,18,2014
10,49,9,2014
385,49,28,2014
232,49,47,2014
144,49,31,2014
139,49,26,2014
72,49,41,2014
199,49,6,2014
408,49,38,2014
496,49,37,2014
3696,49,8,2014
312,49,7,2014
55,49,48,2014
32,49,1,2014
62,49,20,2014
6,49,30,2014
87,49,27,2014
876,49,33,2014
631,49,36,2014
85,49,13,2014
4075,49,25,2014
1322,49,2,2014
348,49,42,2014
48,49,3,2014
235,49,44,2014
742,49,19,2014
606,49,40,2014
1121,49,32,2014
108,49,23,2014
865,49,15,2014
48,49,22,2014
324,49,29,2014
607,49,4,2014
389,49,12,2014
67,49,5,2014
104,49,43,2014
124,39,17,2014
536,39,34,2014
1144,39,16,2014
272,39,21,2014
302,39,49,2014
310,39,35,2014
1502,39,10,2014
1653,39,18,2014
39,39,9,2014
465,39,28,2014
66,39,47,2014
407,39,31,2014
149,39,41,2014
130,39,6,2014
347,39,38,2014
5136,39,37,2014
94,39,8,2014
120,39,7,2014
92,39,48,2014
250,39,27,2014
1905,39,36,2014
2070,39,25,2014
870,39,2,2014
941,39,42,2014
89,39,3,2014
6017,39,19,2014
27,39,40,2014
708,39,32,2014
457,39,23,2014
1513,39,15,2014
17,39,29,2014
393,39,4,2014
669,39,12,2014
198,39,5,2014
17,39,43,2014
40,39,24,2014
185,35,17,2014
279,35,34,2014
321,35,46,2014
6369,35,16,2014
1997,35,21,2014
320,35,49,2014
540,35,39,2014
2864,35,10,2014
878,35,18,2014
1718,35,28,2014
129,35,47,2014
119,35,31,2014
525,35,41,2014
578,35,6,2014
232,35,38,2014
26302,35,37,2014
2550,35,8,2014
620,35,7,2014
105,35,48,2014
84,35,1,2014
570,35,20,2014
928,35,27,2014
123,35,33,2014
1456,35,36,2014
78,35,13,2014
5017,35,25,2014
2602,35,2,2014
28,35,45,2014
1011,35,42,2014
326,35,3,2014
409,35,44,2014
2470,35,19,2014
979,35,32,2014
1127,35,23,2014
1911,35,15,2014
596,35,22,2014
18889,35,4,2014
561,35,12,2014
1627,35,5,2014
486,35,43,2014
725,10,17,2014
461,10,34,2014
131,10,46,2014
1291,10,16,2014
468,10,21,2014
325,10,49,2014
37,10,39,2014
87,10,35,2014
2292,10,18,2014
18,10,9,2014
723,10,28,2014
437,10,47,2014
91,10,31,2014
224,10,26,2014
347,10,41,2014
361,10,6,2014
135,10,38,2014
435,10,37,2014
482,10,8,2014
563,10,7,2014
189,10,48,2014
352,10,1,2014
254,10,20,2014
58,10,30,2014
135,10,11,2014
207,10,27,2014
116,10,33,2014
530,10,36,2014
154,10,13,2014
1126,10,25,2014
1286,10,2,2014
77,10,45,2014
724,10,42,2014
246,10,3,2014
66,10,44,2014
817,10,19,2014
86,10,40,2014
623,10,32,2014
16,10,14,2014
866,10,23,2014
2062,10,15,2014
147,10,22,2014
54,10,29,2014
1132,10,4,2014
362,10,12,2014
141,10,5,2014
218,10,43,2014
46,10,24,2014
2008,18,17,2014
436,18,34,2014
199,18,46,2014
861,18,16,2014
502,18,21,2014
221,18,49,2014
144,18,39,2014
44,18,35,2014
4173,18,10,2014
16,18,9,2014
436,18,28,2014
257,18,47,2014
105,18,31,2014
48,18,26,2014
436,18,41,2014
634,18,6,2014
16,18,38,2014
662,18,37,2014
269,18,8,2014
497,18,7,2014
252,18,48,2014
456,18,1,2014
311,18,20,2014
6,18,30,2014
130,18,11,2014
207,18,27,2014
17,18,33,2014
385,18,36,2014
8,18,13,2014
607,18,25,2014
1559,18,2,2014
40,18,45,2014
489,18,42,2014
171,18,3,2014
113,18,44,2014
466,18,19,2014
183,18,40,2014
1539,18,32,2014
16,18,14,2014
1560,18,23,2014
1889,18,15,2014
113,18,22,2014
15,18,29,2014
874,18,4,2014
450,18,12,2014
68,18,5,2014
139,18,43,2014
6,18,24,2014
311,9,17,2014
2345,9,34,2014
4477,9,16,2014
836,9,21,2014
140,9,35,2014
560,9,10,2014
326,9,18,2014
487,9,28,2014
89,9,47,2014
107,9,31,2014
55,9,26,2014
289,9,41,2014
41,9,38,2014
47,9,37,2014
270,9,8,2014
80,9,7,2014
199,9,48,2014
669,9,20,2014
1096,9,30,2014
254,9,11,2014
840,9,27,2014
364,9,13,2014
431,9,25,2014
179,9,2,2014
211,9,45,2014
143,9,42,2014
142,9,3,2014
3062,9,44,2014
221,9,19,2014
610,9,32,2014
108,9,14,2014
176,9,23,2014
1912,9,15,2014
4304,9,22,2014
416,9,4,2014
7862,9,12,2014
72,9,43,2014
511,9,24,2014
175,28,17,2014
920,28,34,2014
252,28,46,2014
1664,28,16,2014
704,28,21,2014
159,28,49,2014
6,28,39,2014
137,28,35,2014
1947,28,10,2014
353,28,18,2014
135,28,9,2014
2963,28,47,2014
1056,28,31,2014
203,28,26,2014
425,28,41,2014
152,28,6,2014
64,28,38,2014
161,28,37,2014
248,28,8,2014
1133,28,7,2014
755,28,48,2014
271,28,1,2014
1879,28,20,2014
52,28,30,2014
210,28,11,2014
287,28,27,2014
63,28,33,2014
168,28,36,2014
191,28,13,2014
522,28,25,2014
553,28,2,2014
23,28,45,2014
704,28,42,2014
108,28,3,2014
117,28,44,2014
273,28,19,2014
18,28,40,2014
221,28,32,2014
40,28,14,2014
687,28,23,2014
1805,28,15,2014
95,28,22,2014
17,28,29,2014
281,28,4,2014
386,28,12,2014
14,28,5,2014
2361,28,43,2014
43,28,24,2014
313,47,17,2014
368,47,34,2014
61,47,46,2014
1013,47,16,2014
597,47,21,2014
26,47,49,2014
79,47,35,2014
1607,47,10,2014
445,47,18,2014
38,47,9,2014
2915,47,28,2014
499,47,31,2014
46,47,26,2014
1885,47,41,2014
22,47,6,2014
17,47,38,2014
160,47,37,2014
192,47,8,2014
1621,47,7,2014
406,47,48,2014
185,47,1,2014
607,47,20,2014
103,47,30,2014
84,47,11,2014
80,47,27,2014
120,47,36,2014
182,47,13,2014
153,47,25,2014
356,47,2,2014
22,47,45,2014
1663,47,42,2014
271,47,3,2014
166,47,44,2014
387,47,19,2014
14,47,40,2014
443,47,32,2014
74,47,14,2014
923,47,23,2014
945,47,15,2014
81,47,22,2014
20,47,29,2014
426,47,4,2014
303,47,12,2014
76,47,5,2014
399,47,43,2014
46,47,24,2014
74,31,17,2014
880,31,34,2014
223,31,46,2014
1163,31,16,2014
1513,31,21,2014
33,31,49,2014
30,31,35,2014
1198,31,10,2014
106,31,18,2014
110,31,9,2014
2081,31,28,2014
695,31,47,2014
411,31,26,2014
335,31,41,2014
63,31,38,2014
153,31,37,2014
219,31,8,2014
490,31,7,2014
1921,31,48,2014
79,31,1,2014
1126,31,20,2014
87,31,30,2014
2443,31,11,2014
451,31,27,2014
3,31,36,2014
8,31,13,2014
258,31,25,2014
563,31,2,2014
95,31,45,2014
454,31,42,2014
959,31,3,2014
163,31,44,2014
461,31,19,2014
25,31,40,2014
137,31,32,2014
813,31,14,2014
268,31,23,2014
2072,31,15,2014
182,31,22,2014
19,31,29,2014
239,31,4,2014
624,31,12,2014
1303,31,43,2014
4,31,24,2014
171,26,17,2014
811,26,34,2014
514,26,46,2014
2356,26,16,2014
1648,26,21,2014
45,26,35,2014
992,26,10,2014
1045,26,18,2014
252,26,9,2014
904,26,28,2014
299,26,47,2014
385,26,31,2014
314,26,41,2014
349,26,6,2014
55,26,38,2014
44,26,37,2014
138,26,8,2014
385,26,7,2014
141,26,48,2014
103,26,1,2014
6498,26,20,2014
289,26,30,2014
1155,26,11,2014
381,26,27,2014
56,26,33,2014
173,26,36,2014
168,26,13,2014
360,26,25,2014
905,26,2,2014
220,26,45,2014
365,26,42,2014
3026,26,3,2014
231,26,44,2014
408,26,19,2014
52,26,40,2014
206,26,32,2014
290,26,14,2014
211,26,23,2014
3994,26,15,2014
66,26,22,2014
13,26,29,2014
640,26,4,2014
996,26,12,2014
138,26,43,2014
24,26,24,2014
842,41,17,2014
535,41,34,2014
90,41,46,2014
728,41,16,2014
227,41,21,2014
144,41,49,2014
23,41,39,2014
84,41,35,2014
1412,41,10,2014
897,41,18,2014
7,41,9,2014
544,41,28,2014
2148,41,47,2014
43,41,31,2014
209,41,26,2014
392,41,6,2014
60,41,38,2014
182,41,37,2014
57,41,8,2014
848,41,7,2014
69,41,48,2014
163,41,1,2014
199,41,20,2014
28,41,30,2014
74,41,11,2014
147,41,27,2014
69,41,33,2014
113,41,36,2014
14,41,13,2014
227,41,25,2014
650,41,2,2014
72,41,45,2014
4170,41,42,2014
208,41,3,2014
20,41,44,2014
395,41,19,2014
56,41,40,2014
750,41,32,2014
36,41,14,2014
2074,41,23,2014
1356,41,15,2014
39,41,29,2014
827,41,4,2014
282,41,12,2014
407,41,5,2014
110,41,43,2014
10,41,24,2014
506,6,17,2014
313,6,34,2014
612,6,46,2014
1051,6,16,2014
444,6,21,2014
32,6,49,2014
148,6,35,2014
1115,6,10,2014
776,6,18,2014
26,6,9,2014
523,6,28,2014
201,6,47,2014
36,6,31,2014
419,6,26,2014
269,6,41,2014
218,6,38,2014
289,6,37,2014
114,6,8,2014
260,6,7,2014
112,6,48,2014
1542,6,1,2014
452,6,20,2014
53,6,30,2014
87,6,11,2014
66,6,27,2014
35,6,33,2014
192,6,36,2014
234,6,13,2014
177,6,25,2014
257,6,2,2014
130,6,42,2014
242,6,3,2014
226,6,44,2014
350,6,19,2014
105,6,40,2014
336,6,32,2014
22,6,14,2014
242,6,23,2014
5125,6,15,2014
47,6,22,2014
439,6,4,2014
259,6,12,2014
27,6,5,2014
10,6,43,2014
62,6,24,2014
572,38,34,2014
571,38,16,2014
145,38,21,2014
1426,38,49,2014
10,38,39,2014
125,38,35,2014
3226,38,10,2014
565,38,18,2014
28,38,9,2014
781,38,28,2014
46,38,47,2014
77,38,26,2014
116,38,41,2014
249,38,37,2014
2964,38,8,2014
196,38,7,2014
102,38,48,2014
281,38,20,2014
8,38,30,2014
150,38,11,2014
8,38,27,2014
3122,38,33,2014
99,38,36,2014
387,38,13,2014
1014,38,25,2014
1288,38,2,2014
133,38,42,2014
41,38,3,2014
172,38,44,2014
962,38,19,2014
313,38,40,2014
1098,38,32,2014
155,38,23,2014
1040,38,15,2014
121,38,22,2014
404,38,29,2014
783,38,4,2014
559,38,12,2014
166,38,43,2014
147,38,24,2014
221,37,17,2014
370,37,34,2014
10,37,46,2014
1174,37,16,2014
518,37,21,2014
306,37,49,2014
1137,37,39,2014
2283,37,35,2014
2660,37,10,2014
880,37,18,2014
40,37,9,2014
388,37,28,2014
381,37,47,2014
65,37,31,2014
196,37,41,2014
170,37,6,2014
61,37,38,2014
561,37,8,2014
239,37,7,2014
63,37,48,2014
23,37,1,2014
344,37,20,2014
26,37,30,2014
87,37,11,2014
146,37,27,2014
59,37,33,2014
568,37,36,2014
164,37,13,2014
1355,37,25,2014
1375,37,2,2014
629,37,42,2014
119,37,3,2014
165,37,44,2014
3655,37,19,2014
93,37,40,2014
720,37,32,2014
21,37,14,2014
386,37,23,2014
1559,37,15,2014
51,37,22,2014
101,37,29,2014
4712,37,4,2014
290,37,12,2014
979,37,5,2014
92,37,43,2014
32,37,24,2014
88,8,17,2014
301,8,34,2014
7,8,46,2014
1589,8,16,2014
379,8,21,2014
1239,8,49,2014
155,8,39,2014
232,8,35,2014
2307,8,10,2014
634,8,18,2014
6,8,9,2014
664,8,28,2014
207,8,47,2014
64,8,31,2014
81,8,26,2014
57,8,41,2014
219,8,6,2014
921,8,38,2014
604,8,37,2014
332,8,7,2014
166,8,48,2014
79,8,1,2014
168,8,20,2014
136,8,30,2014
126,8,11,2014
79,8,27,2014
2172,8,33,2014
437,8,36,2014
28,8,13,2014
2250,8,25,2014
573,8,2,2014
7,8,45,2014
292,8,42,2014
62,8,3,2014
197,8,44,2014
735,8,19,2014
1591,8,40,2014
239,8,32,2014
27,8,14,2014
259,8,23,2014
917,8,15,2014
222,8,22,2014
659,8,29,2014
712,8,4,2014
296,8,12,2014
22,8,5,2014
102,8,43,2014
257,7,17,2014
944,7,34,2014
80,7,46,2014
1168,7,16,2014
287,7,21,2014
2,7,49,2014
16,7,39,2014
33,7,35,2014
2395,7,10,2014
767,7,18,2014
41,7,9,2014
1173,7,28,2014
994,7,47,2014
182,7,31,2014
196,7,26,2014
263,7,41,2014
138,7,6,2014
26,7,38,2014
245,7,37,2014
182,7,8,2014
191,7,48,2014
286,7,1,2014
300,7,20,2014
84,7,30,2014
32,7,11,2014
133,7,27,2014
15,7,33,2014
145,7,36,2014
66,7,13,2014
385,7,25,2014
638,7,2,2014
129,7,45,2014
1357,7,42,2014
78,7,3,2014
98,7,44,2014
530,7,19,2014
29,7,40,2014
403,7,32,2014
8,7,14,2014
616,7,23,2014
1235,7,15,2014
63,7,22,2014
18,7,29,2014
262,7,4,2014
229,7,12,2014
34,7,5,2014
563,7,43,2014
6,7,24,2014
48,48,17,2014
833,48,34,2014
155,48,46,2014
1733,48,16,2014
673,48,21,2014
157,48,49,2014
88,48,39,2014
75,48,35,2014
990,48,10,2014
236,48,18,2014
85,48,9,2014
721,48,28,2014
152,48,47,2014
1638,48,31,2014
293,48,26,2014
117,48,41,2014
74,48,6,2014
43,48,38,2014
126,48,37,2014
169,48,8,2014
367,48,7,2014
12,48,1,2014
255,48,20,2014
135,48,30,2014
391,48,11,2014
279,48,27,2014
234,48,36,2014
105,48,13,2014
223,48,25,2014
445,48,2,2014
2523,48,45,2014
299,48,42,2014
155,48,3,2014
498,48,44,2014
279,48,19,2014
78,48,40,2014
203,48,32,2014
792,48,14,2014
176,48,23,2014
1274,48,15,2014
165,48,22,2014
661,48,4,2014
328,48,12,2014
26,48,5,2014
3808,48,43,2014
31,48,24,2014
1830,1,17,2014
317,1,34,2014
990,1,46,2014
781,1,16,2014
259,1,21,2014
22,1,49,2014
23,1,35,2014
1880,1,10,2014
1534,1,18,2014
47,1,9,2014
729,1,28,2014
177,1,47,2014
188,1,31,2014
93,1,26,2014
190,1,41,2014
2650,1,6,2014
98,1,37,2014
39,1,8,2014
266,1,7,2014
305,1,48,2014
281,1,20,2014
133,1,30,2014
215,1,27,2014
196,1,33,2014
131,1,36,2014
223,1,13,2014
576,1,25,2014
344,1,2,2014
110,1,45,2014
332,1,42,2014
284,1,3,2014
4,1,19,2014
352,1,32,2014
2730,1,23,2014
4115,1,15,2014
251,1,22,2014
8,1,29,2014
668,1,4,2014
162,1,12,2014
61,1,5,2014
381,1,43,2014
387,20,17,2014
990,20,34,2014
1579,20,46,2014
1261,20,16,2014
809,20,21,2014
139,20,49,2014
78,20,39,2014
32,20,35,2014
1400,20,10,2014
354,20,18,2014
117,20,9,2014
2531,20,28,2014
289,20,47,2014
536,20,31,2014
3672,20,26,2014
411,20,41,2014
490,20,6,2014
63,20,38,2014
184,20,37,2014
174,20,8,2014
360,20,7,2014
304,20,48,2014
177,20,1,2014
18,20,30,2014
246,20,11,2014
166,20,27,2014
29,20,36,2014
277,20,13,2014
387,20,25,2014
424,20,2,2014
225,20,45,2014
541,20,42,2014
1041,20,3,2014
126,20,44,2014
329,20,19,2014
9,20,40,2014
246,20,32,2014
20,20,14,2014
910,20,23,2014
1968,20,15,2014
358,20,22,2014
11,20,29,2014
471,20,4,2014
494,20,12,2014
64,20,5,2014
365,20,43,2014
40,20,24,2014
1369,30,34,2014
227,30,46,2014
2800,30,16,2014
2674,30,21,2014
82,30,35,2014
157,30,10,2014
184,30,18,2014
3455,30,9,2014
1160,30,28,2014
240,30,47,2014
28,30,31,2014
591,30,26,2014
387,30,6,2014
62,30,38,2014
38,30,37,2014
290,30,8,2014
282,30,7,2014
944,30,48,2014
447,30,1,2014
643,30,20,2014
554,30,11,2014
960,30,27,2014
320,30,36,2014
676,30,13,2014
385,30,25,2014
202,30,2,2014
1828,30,45,2014
516,30,42,2014
65,30,3,2014
1761,30,44,2014
828,30,19,2014
287,30,32,2014
968,30,14,2014
254,30,23,2014
644,30,15,2014
878,30,22,2014
404,30,29,2014
380,30,4,2014
4202,30,12,2014
246,30,5,2014
394,30,43,2014
1313,30,24,2014
151,11,17,2014
948,11,34,2014
1672,11,16,2014
1540,11,21,2014
28,11,39,2014
59,11,35,2014
949,11,10,2014
549,11,18,2014
63,11,9,2014
280,11,28,2014
114,11,47,2014
4577,11,31,2014
1403,11,26,2014
279,11,41,2014
167,11,6,2014
109,11,37,2014
242,11,7,2014
468,11,48,2014
361,11,1,2014
1733,11,20,2014
216,11,30,2014
269,11,27,2014
23,11,36,2014
640,11,13,2014
29,11,25,2014
583,11,2,2014
260,11,45,2014
180,11,42,2014
284,11,3,2014
220,11,44,2014
171,11,32,2014
750,11,14,2014
68,11,23,2014
1778,11,15,2014
284,11,22,2014
400,11,4,2014
359,11,12,2014
310,11,43,2014
228,11,24,2014
218,27,17,2014
2488,27,34,2014
81,27,46,2014
10641,27,16,2014
1400,27,21,2014
192,27,49,2014
10,27,39,2014
210,27,35,2014
1428,27,10,2014
787,27,18,2014
748,27,9,2014
810,27,28,2014
460,27,47,2014
91,27,31,2014
745,27,26,2014
236,27,41,2014
355,27,6,2014
148,27,38,2014
184,27,37,2014
136,27,8,2014
423,27,7,2014
334,27,48,2014
44,27,1,2014
334,27,20,2014
251,27,30,2014
284,27,11,2014
154,27,33,2014
80,27,36,2014
412,27,13,2014
962,27,25,2014
663,27,2,2014
95,27,45,2014
574,27,42,2014
294,27,3,2014
1201,27,44,2014
308,27,19,2014
15,27,40,2014
177,27,32,2014
188,27,14,2014
241,27,23,2014
2502,27,15,2014
2346,27,22,2014
16,27,29,2014
443,27,4,2014
1763,27,12,2014
9,27,5,2014
382,27,43,2014
233,27,24,2014
187,33,17,2014
656,33,34,2014
839,33,16,2014
276,33,21,2014
971,33,49,2014
362,33,39,2014
115,33,35,2014
3185,33,10,2014
161,33,18,2014
17,33,28,2014
690,33,47,2014
17,33,31,2014
51,33,41,2014
218,33,6,2014
3074,33,38,2014
482,33,37,2014
8382,33,8,2014
248,33,7,2014
140,33,48,2014
117,33,1,2014
41,33,20,2014
159,33,27,2014
277,33,36,2014
326,33,13,2014
1634,33,25,2014
901,33,2,2014
34,33,45,2014
1052,33,42,2014
68,33,3,2014
412,33,19,2014
755,33,40,2014
712,33,32,2014
59,33,14,2014
186,33,23,2014
1337,33,15,2014
89,33,22,2014
1928,33,29,2014
520,33,4,2014
68,33,12,2014
165,33,43,2014
71,36,17,2014
329,36,34,2014
27,36,46,2014
1453,36,16,2014
249,36,21,2014
617,36,49,2014
492,36,39,2014
234,36,35,2014
2755,36,10,2014
479,36,18,2014
7,36,9,2014
337,36,28,2014
125,36,47,2014
41,36,31,2014
195,36,26,2014
85,36,41,2014
61,36,6,2014
106,36,38,2014
832,36,37,2014
607,36,8,2014
200,36,7,2014
84,36,48,2014
6,36,1,2014
130,36,20,2014
11,36,11,2014
136,36,27,2014
116,36,33,2014
33,36,13,2014
4020,36,25,2014
1432,36,2,2014
4,36,45,2014
445,36,42,2014
72,36,3,2014
79,36,44,2014
4447,36,19,2014
158,36,40,2014
476,36,32,2014
1,36,14,2014
83,36,23,2014
791,36,15,2014
53,36,22,2014
69,36,29,2014
1035,36,4,2014
229,36,12,2014
120,36,5,2014
92,36,43,2014
272,13,17,2014
4078,13,34,2014
372,13,46,2014
2270,13,16,2014
3382,13,21,2014
27,13,39,2014
36,13,35,2014
639,13,10,2014
759,13,18,2014
140,13,9,2014
254,13,28,2014
158,13,47,2014
290,13,31,2014
291,13,26,2014
35,13,41,2014
144,13,6,2014
441,13,38,2014
185,13,37,2014
101,13,8,2014
277,13,7,2014
266,13,48,2014
359,13,1,2014
669,13,20,2014
168,13,30,2014
282,13,11,2014
1429,13,27,2014
312,13,36,2014
679,13,25,2014
445,13,2,2014
77,13,45,2014
472,13,42,2014
551,13,3,2014
1252,13,44,2014
242,13,19,2014
591,13,32,2014
157,13,14,2014
285,13,23,2014
8261,13,15,2014
775,13,22,2014
50,13,29,2014
251,13,4,2014
1177,13,12,2014
89,13,43,2014
357,13,24,2014
116,25,17,2014
371,25,34,2014
67,25,46,2014
1740,25,16,2014
484,25,21,2014
1090,25,49,2014
186,25,39,2014
181,25,35,2014
2989,25,10,2014
732,25,18,2014
23,25,9,2014
497,25,28,2014
92,25,47,2014
47,25,31,2014
56,25,26,2014
122,25,41,2014
104,25,6,2014
178,25,38,2014
746,25,37,2014
1045,25,8,2014
316,25,7,2014
74,25,48,2014
55,25,1,2014
158,25,20,2014
4,25,30,2014
47,25,11,2014
110,25,27,2014
126,25,33,2014
2274,25,36,2014
59,25,13,2014
1336,25,2,2014
46,25,45,2014
394,25,42,2014
111,25,3,2014
107,25,44,2014
1584,25,19,2014
181,25,40,2014
572,25,32,2014
35,25,14,2014
285,25,23,2014
1086,25,15,2014
104,25,22,2014
129,25,29,2014
864,25,4,2014
337,25,12,2014
44,25,5,2014
132,25,43,2014
9,25,24,2014
243,2,17,2014
395,2,34,2014
33,2,46,2014
1263,2,16,2014
500,2,21,2014
137,2,49,2014
104,2,39,2014
168,2,35,2014
2550,2,10,2014
1451,2,18,2014
101,2,9,2014
511,2,28,2014
335,2,47,2014
73,2,31,2014
206,2,26,2014
399,2,41,2014
320,2,6,2014
78,2,38,2014
890,2,37,2014
305,2,8,2014
380,2,7,2014
115,2,48,2014
120,2,1,2014
276,2,20,2014
11,2,30,2014
36,2,11,2014
108,2,27,2014
34,2,33,2014
441,2,36,2014
64,2,13,2014
1225,2,25,2014
1,2,45,2014
1007,2,42,2014
117,2,3,2014
182,2,44,2014
1007,2,19,2014
143,2,40,2014
3139,2,32,2014
16,2,14,2014
1223,2,23,2014
1704,2,15,2014
117,2,22,2014
19,2,29,2014
2234,2,4,2014
490,2,12,2014
259,2,5,2014
293,2,43,2014
1,2,24,2014
1909,45,34,2014
1507,45,16,2014
1436,45,21,2014
59,45,35,2014
989,45,10,2014
671,45,18,2014
164,45,9,2014
775,45,28,2014
290,45,47,2014
678,45,31,2014
673,45,26,2014
226,45,6,2014
40,45,38,2014
189,45,37,2014
67,45,8,2014
983,45,7,2014
11644,45,48,2014
1206,45,20,2014
1478,45,30,2014
537,45,11,2014
43,45,27,2014
709,45,33,2014
177,45,36,2014
284,45,25,2014
679,45,2,2014
174,45,42,2014
848,45,3,2014
1284,45,44,2014
298,45,19,2014
2217,45,14,2014
172,45,23,2014
901,45,15,2014
169,45,22,2014
43,45,29,2014
602,45,4,2014
1227,45,12,2014
62,45,5,2014
741,45,43,2014
1178,45,24,2014
394,42,17,2014
595,42,34,2014
61,42,46,2014
712,42,16,2014
380,42,21,2014
91,42,49,2014
12,42,39,2014
24,42,35,2014
2364,42,10,2014
489,42,18,2014
5,42,9,2014
725,42,28,2014
998,42,47,2014
69,42,31,2014
155,42,26,2014
1440,42,41,2014
198,42,6,2014
26,42,38,2014
254,42,37,2014
123,42,8,2014
1105,42,7,2014
168,42,48,2014
94,42,1,2014
227,42,20,2014
19,42,30,2014
46,42,11,2014
144,42,27,2014
28,42,33,2014
131,42,36,2014
52,42,13,2014
410,42,25,2014
955,42,2,2014
72,42,45,2014
147,42,3,2014
71,42,44,2014
912,42,19,2014
15,42,40,2014
462,42,32,2014
42,42,14,2014
398,42,23,2014
1020,42,15,2014
163,42,22,2014
6,42,29,2014
659,42,4,2014
301,42,12,2014
697,42,5,2014
267,42,43,2014
314,3,17,2014
547,3,34,2014
2199,3,46,2014
1678,3,16,2014
1756,3,21,2014
67,3,49,2014
57,3,39,2014
20,3,35,2014
1365,3,10,2014
364,3,18,2014
260,3,9,2014
706,3,28,2014
157,3,47,2014
159,3,31,2014
1555,3,26,2014
260,3,41,2014
614,3,6,2014
62,3,38,2014
86,3,37,2014
202,3,8,2014
302,3,7,2014
130,3,48,2014
96,3,1,2014
1721,3,20,2014
144,3,11,2014
361,3,27,2014
38,3,33,2014
18,3,36,2014
875,3,13,2014
224,3,25,2014
176,3,2,2014
71,3,45,2014
224,3,42,2014
479,3,44,2014
231,3,19,2014
16,3,40,2014
287,3,32,2014
183,3,14,2014
533,3,23,2014
6471,3,15,2014
158,3,22,2014
15,3,29,2014
236,3,4,2014
483,3,12,2014
53,3,5,2014
286,3,43,2014
11,3,24,2014
48,44,17,2014
1652,44,34,2014
64,44,46,2014
5305,44,16,2014
520,44,21,2014
140,44,49,2014
1,44,39,2014
32,44,35,2014
705,44,10,2014
144,44,18,2014
1102,44,9,2014
285,44,28,2014
209,44,47,2014
170,44,31,2014
128,44,26,2014
94,44,41,2014
162,44,6,2014
98,44,37,2014
129,44,8,2014
111,44,7,2014
307,44,48,2014
37,44,1,2014
845,44,20,2014
492,44,30,2014
58,44,11,2014
1017,44,27,2014
62,44,33,2014
108,44,36,2014
307,44,13,2014
209,44,25,2014
330,44,2,2014
78,44,45,2014
388,44,42,2014
68,44,3,2014
200,44,19,2014
11,44,40,2014
76,44,32,2014
3,44,14,2014
232,44,23,2014
1204,44,15,2014
669,44,22,2014
63,44,29,2014
369,44,4,2014
6707,44,12,2014
41,44,5,2014
151,44,43,2014
79,44,24,2014
112,19,17,2014
335,19,34,2014
63,19,46,2014
1161,19,16,2014
331,19,21,2014
302,19,49,2014
443,19,39,2014
180,19,35,2014
2255,19,10,2014
618,19,18,2014
28,19,9,2014
473,19,28,2014
156,19,47,2014
175,19,31,2014
47,19,26,2014
152,19,41,2014
45,19,6,2014
177,19,38,2014
1066,19,37,2014
552,19,8,2014
291,19,7,2014
130,19,48,2014
73,19,1,2014
169,19,20,2014
41,19,30,2014
83,19,11,2014
214,19,27,2014
119,19,33,2014
1482,19,36,2014
73,19,13,2014
1714,19,25,2014
828,19,2,2014
92,19,45,2014
1452,19,42,2014
110,19,3,2014
154,19,44,2014
97,19,40,2014
597,19,32,2014
2,19,14,2014
199,19,23,2014
953,19,15,2014
86,19,22,2014
92,19,29,2014
1117,19,4,2014
243,19,12,2014
378,19,5,2014
110,19,43,2014
1562,40,34,2014
773,40,16,2014
4518,40,49,2014
30,40,39,2014
118,40,35,2014
3613,40,10,2014
404,40,18,2014
47,40,28,2014
250,40,47,2014
116,40,6,2014
414,40,38,2014
819,40,37,2014
8997,40,8,2014
339,40,7,2014
255,40,48,2014
460,40,20,2014
224,40,11,2014
38,40,27,2014
726,40,33,2014
864,40,36,2014
1459,40,25,2014
1284,40,2,2014
907,40,42,2014
110,40,3,2014
152,40,44,2014
1124,40,19,2014
611,40,32,2014
980,40,23,2014
1753,40,15,2014
33,40,22,2014
818,40,29,2014
1278,40,4,2014
378,40,12,2014
174,40,43,2014
467,32,17,2014
212,32,34,2014
112,32,46,2014
813,32,16,2014
329,32,21,2014
94,32,49,2014
86,32,39,2014
80,32,35,2014
2352,32,10,2014
3685,32,18,2014
106,32,9,2014
384,32,28,2014
231,32,47,2014
50,32,31,2014
17,32,26,2014
69,32,41,2014
188,32,6,2014
49,32,38,2014
534,32,37,2014
226,32,8,2014
506,32,7,2014
85,32,48,2014
415,32,1,2014
335,32,20,2014
86,32,11,2014
63,32,27,2014
16,32,33,2014
180,32,36,2014
43,32,13,2014
994,32,25,2014
5468,32,2,2014
63,32,45,2014
355,32,42,2014
161,32,3,2014
33,32,44,2014
623,32,19,2014
98,32,40,2014
7,32,14,2014
1277,32,23,2014
1361,32,15,2014
195,32,22,2014
40,32,29,2014
1198,32,4,2014
658,32,12,2014
132,32,5,2014
360,32,43,2014
1,32,24,2014
1775,14,34,2014
3490,14,16,2014
1848,14,21,2014
109,14,49,2014
816,14,10,2014
532,14,18,2014
481,14,9,2014
137,14,28,2014
704,14,47,2014
2342,14,31,2014
236,14,26,2014
567,14,41,2014
429,14,6,2014
74,14,38,2014
144,14,8,2014
535,14,7,2014
5109,14,48,2014
780,14,20,2014
522,14,30,2014
3184,14,11,2014
207,14,27,2014
170,14,13,2014
22,14,25,2014
638,14,2,2014
2887,14,45,2014
546,14,42,2014
594,14,3,2014
708,14,44,2014
474,14,19,2014
414,14,32,2014
332,14,23,2014
2403,14,15,2014
173,14,29,2014
186,14,4,2014
1857,14,12,2014
277,14,43,2014
781,14,24,2014
1187,23,17,2014
244,23,34,2014
693,23,46,2014
859,23,16,2014
351,23,21,2014
202,23,49,2014
42,23,39,2014
65,23,35,2014
2096,23,10,2014
2262,23,18,2014
208,23,9,2014
744,23,28,2014
587,23,47,2014
17,23,31,2014
145,23,26,2014
1741,23,41,2014
378,23,6,2014
2,23,38,2014
120,23,37,2014
165,23,8,2014
1076,23,7,2014
185,23,48,2014
1531,23,1,2014
491,23,20,2014
2,23,30,2014
61,23,11,2014
297,23,27,2014
18,23,33,2014
257,23,36,2014
14,23,13,2014
452,23,25,2014
977,23,2,2014
57,23,45,2014
976,23,42,2014
470,23,3,2014
56,23,44,2014
499,23,19,2014
11,23,40,2014
628,23,32,2014
93,23,14,2014
2317,23,15,2014
55,23,22,2014
23,23,29,2014
1044,23,4,2014
147,23,12,2014
94,23,5,2014
234,23,43,2014
55,23,24,2014
238,15,17,2014
608,15,34,2014
533,15,46,2014
1445,15,16,2014
906,15,21,2014
62,15,49,2014
27,15,39,2014
48,15,35,2014
933,15,10,2014
641,15,18,2014
96,15,9,2014
455,15,28,2014
185,15,47,2014
191,15,31,2014
417,15,26,2014
206,15,41,2014
797,15,6,2014
82,15,38,2014
195,15,37,2014
198,15,8,2014
350,15,7,2014
135,15,48,2014
205,15,1,2014
419,15,20,2014
80,15,30,2014
125,15,11,2014
196,15,27,2014
3,15,33,2014
106,15,36,2014
633,15,13,2014
479,15,25,2014
578,15,2,2014
39,15,45,2014
310,15,42,2014
1082,15,3,2014
277,15,44,2014
334,15,19,2014
16,15,40,2014
243,15,32,2014
32,15,14,2014
375,15,23,2014
214,15,22,2014
17,15,29,2014
494,15,4,2014
464,15,12,2014
72,15,5,2014
198,15,43,2014
61,15,24,2014
203,22,17,2014
1742,22,34,2014
166,22,46,2014
4859,22,16,2014
996,22,21,2014
82,22,49,2014
151,22,35,2014
996,22,10,2014
300,22,18,2014
1949,22,9,2014
208,22,28,2014
228,22,47,2014
171,22,31,2014
249,22,26,2014
52,22,41,2014
151,22,6,2014
290,22,38,2014
332,22,37,2014
212,22,8,2014
137,22,7,2014
278,22,48,2014
223,22,1,2014
391,22,20,2014
671,22,30,2014
563,22,11,2014
2035,22,27,2014
163,22,33,2014
38,22,36,2014
101,22,13,2014
769,22,25,2014
223,22,2,2014
112,22,45,2014
334,22,42,2014
343,22,3,2014
1412,22,44,2014
289,22,19,2014
147,22,32,2014
44,22,14,2014
73,22,23,2014
1596,22,15,2014
112,22,29,2014
869,22,4,2014
1646,22,12,2014
20,22,5,2014
413,22,43,2014
439,22,24,2014
286,29,17,2014
1057,29,34,2014
1665,29,16,2014
1151,29,21,2014
1319,29,49,2014
3709,29,10,2014
329,29,18,2014
846,29,9,2014
567,29,28,2014
347,29,47,2014
180,29,31,2014
230,29,41,2014
1737,29,38,2014
481,29,37,2014
4422,29,8,2014
55,29,7,2014
151,29,48,2014
284,29,30,2014
259,29,27,2014
3518,29,33,2014
463,29,36,2014
391,29,13,2014
3091,29,25,2014
902,29,2,2014
89,29,42,2014
195,29,44,2014
1078,29,19,2014
148,29,40,2014
398,29,32,2014
259,29,23,2014
908,29,15,2014
220,29,22,2014
407,29,4,2014
1103,29,12,2014
14,29,5,2014
207,29,43,2014
231,4,17,2014
385,4,34,2014
150,4,46,2014
2147,4,16,2014
881,4,21,2014
342,4,49,2014
96,4,39,2014
1193,4,35,2014
3049,4,10,2014
1262,4,18,2014
68,4,9,2014
441,4,28,2014
202,4,47,2014
122,4,31,2014
549,4,26,2014
214,4,41,2014
413,4,6,2014
90,4,38,2014
2625,4,37,2014
715,4,8,2014
366,4,7,2014
234,4,48,2014
98,4,1,2014
425,4,20,2014
61,4,30,2014
184,4,11,2014
160,4,27,2014
101,4,33,2014
579,4,36,2014
127,4,13,2014
1172,4,25,2014
3399,4,2,2014
19,4,45,2014
770,4,42,2014
118,4,3,2014
181,4,44,2014
1388,4,19,2014
110,4,40,2014
1066,4,32,2014
174,4,14,2014
960,4,23,2014
2220,4,15,2014
280,4,22,2014
83,4,29,2014
773,4,12,2014
762,4,5,2014
254,4,43,2014
16,4,24,2014
162,12,17,2014
1864,12,34,2014
110,12,46,2014
4654,12,16,2014
1242,12,21,2014
99,12,49,2014
17,12,39,2014
154,12,35,2014
639,12,10,2014
589,12,18,2014
1624,12,9,2014
434,12,28,2014
270,12,47,2014
182,12,31,2014
373,12,26,2014
219,12,41,2014
215,12,6,2014
117,12,38,2014
176,12,37,2014
186,12,8,2014
432,12,7,2014
273,12,48,2014
120,12,1,2014
266,12,20,2014
758,12,30,2014
75,12,11,2014
815,12,27,2014
20,12,33,2014
91,12,36,2014
224,12,13,2014
500,12,25,2014
628,12,2,2014
167,12,45,2014
578,12,42,2014
439,12,3,2014
3069,12,44,2014
309,12,19,2014
10,12,40,2014
772,12,32,2014
28,12,14,2014
408,12,23,2014
1481,12,15,2014
747,12,22,2014
50,12,29,2014
712,12,4,2014
243,12,43,2014
204,12,24,2014
628,5,17,2014
17,5,34,2014
163,5,46,2014
484,5,16,2014
59,5,21,2014
95,5,39,2014
115,5,35,2014
1791,5,10,2014
804,5,18,2014
95,5,28,2014
16,5,47,2014
87,5,31,2014
75,5,26,2014
1200,5,41,2014
199,5,6,2014
9,5,38,2014
1404,5,37,2014
119,5,8,2014
302,5,7,2014
367,5,48,2014
241,5,1,2014
155,5,20,2014
266,5,27,2014
208,5,36,2014
13,5,13,2014
146,5,25,2014
2696,5,2,2014
36,5,45,2014
4335,5,42,2014
20,5,3,2014
2545,5,19,2014
371,5,32,2014
1050,5,23,2014
1258,5,15,2014
23,5,22,2014
83,5,29,2014
4660,5,4,2014
139,5,12,2014
37,5,43,2014
57,5,24,2014
40,43,17,2014
1034,43,34,2014
142,43,46,2014
1121,43,16,2014
707,43,21,2014
14,43,49,2014
24,43,39,2014
50,43,35,2014
1344,43,10,2014
603,43,18,2014
95,43,9,2014
2617,43,28,2014
570,43,47,2014
499,43,31,2014
76,43,26,2014
33,43,41,2014
112,43,6,2014
125,43,38,2014
131,43,37,2014
145,43,8,2014
962,43,7,2014
3542,43,48,2014
87,43,1,2014
261,43,20,2014
20,43,30,2014
93,43,11,2014
131,43,27,2014
31,43,33,2014
188,43,36,2014
173,43,13,2014
344,43,25,2014
297,43,2,2014
77,43,45,2014
484,43,42,2014
202,43,3,2014
221,43,44,2014
218,43,19,2014
217,43,32,2014
94,43,14,2014
269,43,23,2014
1349,43,15,2014
94,43,22,2014
298,43,4,2014
370,43,12,2014
54,43,5,2014
182,43,24,2014
527,24,17,2014
4583,24,34,2014
58,24,46,2014
2405,24,16,2014
9314,24,21,2014
437,24,35,2014
695,24,10,2014
617,24,18,2014
2659,24,9,2014
326,24,28,2014
1055,24,47,2014
511,24,31,2014
525,24,26,2014
499,24,41,2014
430,24,6,2014
139,24,38,2014
375,24,37,2014
200,24,7,2014
72,24,48,2014
1217,24,20,2014
2664,24,30,2014
1999,24,11,2014
616,24,27,2014
1187,24,13,2014
549,24,25,2014
1158,24,2,2014
1620,24,45,2014
233,24,42,2014
805,24,3,2014
3235,24,44,2014
245,24,19,2014
4056,24,14,2014
223,24,23,2014
2827,24,15,2014
6437,24,22,2014
49,24,29,2014
252,24,4,2014
2374,24,12,2014
27,24,43,2014
125,17,34,2015
197,17,46,2015
1086,17,16,2015
492,17,21,2015
33,17,49,2015
15,17,39,2015
73,17,35,2015
3183,17,10,2015
3374,17,18,2015
116,17,9,2015
381,17,28,2015
438,17,47,2015
58,17,31,2015
147,17,26,2015
301,17,41,2015
683,17,6,2015
314,17,37,2015
55,17,8,2015
285,17,7,2015
21,17,48,2015
1406,17,1,2015
298,17,20,2015
6,17,11,2015
377,17,27,2015
25,17,33,2015
51,17,36,2015
73,17,13,2015
175,17,25,2015
769,17,2,2015
420,17,42,2015
197,17,3,2015
134,17,44,2015
342,17,19,2015
8,17,40,2015
382,17,32,2015
2,17,14,2015
2120,17,23,2015
1477,17,15,2015
76,17,22,2015
50,17,29,2015
595,17,4,2015
119,17,12,2015
49,17,5,2015
66,17,43,2015
52,17,24,2015
273,34,17,2015
246,34,46,2015
5008,34,16,2015
1501,34,21,2015
27,34,49,2015
41,34,39,2015
53,34,35,2015
1049,34,10,2015
250,34,18,2015
461,34,9,2015
992,34,28,2015
420,34,47,2015
449,34,31,2015
304,34,26,2015
113,34,41,2015
40,34,6,2015
37,34,38,2015
387,34,37,2015
308,34,8,2015
586,34,7,2015
582,34,48,2015
49,34,1,2015
483,34,20,2015
173,34,30,2015
218,34,11,2015
819,34,27,2015
97,34,33,2015
222,34,36,2015
503,34,13,2015
877,34,25,2015
873,34,2,2015
147,34,45,2015
623,34,42,2015
365,34,3,2015
929,34,44,2015
427,34,19,2015
94,34,40,2015
131,34,32,2015
181,34,14,2015
367,34,23,2015
2352,34,15,2015
1120,34,22,2015
10,34,29,2015
319,34,4,2015
1443,34,12,2015
371,34,43,2015
175,34,24,2015
782,46,17,2015
185,46,34,2015
962,46,16,2015
512,46,21,2015
68,46,35,2015
2300,46,10,2015
560,46,18,2015
483,46,9,2015
487,46,28,2015
214,46,47,2015
646,46,31,2015
505,46,26,2015
173,46,41,2015
1005,46,6,2015
18,46,37,2015
193,46,8,2015
333,46,7,2015
135,46,48,2015
502,46,1,2015
2648,46,20,2015
107,46,30,2015
248,46,11,2015
16,46,27,2015
81,46,36,2015
14,46,13,2015
353,46,25,2015
237,46,2,2015
85,46,45,2015
471,46,42,2015
2310,46,3,2015
211,46,44,2015
256,46,19,2015
541,46,32,2015
163,46,14,2015
2038,46,23,2015
4882,46,15,2015
77,46,22,2015
287,46,4,2015
384,46,12,2015
2,46,5,2015
97,46,43,2015
66,46,24,2015
87,16,17,2015
1404,16,34,2015
130,16,46,2015
745,16,21,2015
108,16,49,2015
18,16,39,2015
105,16,35,2015
545,16,10,2015
402,16,18,2015
486,16,9,2015
486,16,28,2015
164,16,47,2015
74,16,31,2015
157,16,26,2015
124,16,41,2015
188,16,6,2015
33,16,38,2015
279,16,37,2015
244,16,8,2015
262,16,7,2015
173,16,48,2015
91,16,1,2015
247,16,20,2015
111,16,30,2015
85,16,11,2015
1407,16,27,2015
67,16,33,2015
139,16,36,2015
172,16,13,2015
655,16,25,2015
436,16,2,2015
66,16,45,2015
286,16,42,2015
199,16,3,2015
1039,16,44,2015
263,16,19,2015
48,16,40,2015
151,16,32,2015
34,16,14,2015
257,16,23,2015
1684,16,15,2015
466,16,22,2015
24,16,29,2015
629,16,4,2015
1171,16,12,2015
22,16,5,2015
134,16,43,2015
60,16,24,2015
353,21,17,2015
2025,21,34,2015
445,21,46,2015
3881,21,16,2015
85,21,49,2015
35,21,39,2015
79,21,35,2015
1688,21,10,2015
817,21,18,2015
671,21,9,2015
733,21,28,2015
416,21,47,2015
395,21,31,2015
977,21,26,2015
277,21,41,2015
216,21,6,2015
107,21,38,2015
550,21,37,2015
375,21,8,2015
365,21,7,2015
497,21,48,2015
95,21,1,2015
878,21,20,2015
599,21,30,2015
655,21,11,2015
377,21,27,2015
172,21,33,2015
140,21,36,2015
989,21,13,2015
568,21,25,2015
666,21,2,2015
180,21,45,2015
575,21,42,2015
800,21,3,2015
552,21,44,2015
571,21,19,2015
52,21,40,2015
499,21,32,2015
220,21,14,2015
315,21,23,2015
4143,21,15,2015
727,21,22,2015
68,21,29,2015
697,21,4,2015
1331,21,12,2015
90,21,5,2015
287,21,43,2015
1675,21,24,2015
249,49,17,2015
673,49,34,2015
1729,49,16,2015
628,49,21,2015
141,49,39,2015
360,49,35,2015
4150,49,10,2015
556,49,18,2015
35,49,9,2015
410,49,28,2015
189,49,47,2015
48,49,31,2015
121,49,26,2015
103,49,41,2015
45,49,6,2015
450,49,38,2015
559,49,37,2015
2309,49,8,2015
212,49,7,2015
161,49,48,2015
74,49,20,2015
83,49,11,2015
468,49,27,2015
764,49,33,2015
775,49,36,2015
44,49,13,2015
3257,49,25,2015
1870,49,2,2015
72,49,45,2015
592,49,42,2015
18,49,3,2015
158,49,44,2015
1663,49,19,2015
1076,49,40,2015
935,49,32,2015
8,49,14,2015
277,49,23,2015
1107,49,15,2015
82,49,22,2015
384,49,29,2015
1001,49,4,2015
163,49,12,2015
158,49,5,2015
307,49,43,2015
75,49,24,2015
81,39,17,2015
984,39,34,2015
83,39,46,2015
1187,39,16,2015
81,39,21,2015
365,39,49,2015
267,39,35,2015
1790,39,10,2015
217,39,18,2015
181,39,28,2015
111,39,47,2015
361,39,26,2015
415,39,41,2015
15,39,6,2015
6856,39,37,2015
753,39,8,2015
121,39,7,2015
36,39,48,2015
269,39,20,2015
36,39,11,2015
183,39,33,2015
1213,39,36,2015
1307,39,25,2015
1780,39,2,2015
234,39,42,2015
707,39,3,2015
533,39,44,2015
8090,39,19,2015
227,39,32,2015
336,39,23,2015
2179,39,15,2015
64,39,22,2015
74,39,29,2015
1273,39,4,2015
41,39,12,2015
245,39,5,2015
93,39,43,2015
771,35,17,2015
488,35,34,2015
290,35,46,2015
5786,35,16,2015
1676,35,21,2015
561,35,49,2015
413,35,39,2015
2238,35,10,2015
965,35,18,2015
1554,35,28,2015
105,35,47,2015
165,35,31,2015
185,35,26,2015
312,35,41,2015
136,35,6,2015
177,35,38,2015
32648,35,37,2015
1795,35,8,2015
658,35,7,2015
417,35,48,2015
599,35,20,2015
19,35,11,2015
139,35,27,2015
430,35,33,2015
1251,35,36,2015
8319,35,25,2015
5035,35,2,2015
2210,35,42,2015
540,35,3,2015
1168,35,44,2015
2201,35,19,2015
8,35,40,2015
387,35,32,2015
617,35,23,2015
2106,35,15,2015
275,35,22,2015
423,35,29,2015
16240,35,4,2015
602,35,12,2015
681,35,5,2015
960,35,43,2015
42,35,24,2015
779,10,17,2015
387,10,34,2015
130,10,46,2015
1268,10,16,2015
624,10,21,2015
302,10,49,2015
43,10,39,2015
135,10,35,2015
2339,10,18,2015
92,10,9,2015
565,10,28,2015
372,10,47,2015
173,10,31,2015
166,10,26,2015
347,10,41,2015
267,10,6,2015
128,10,38,2015
510,10,37,2015
585,10,8,2015
571,10,7,2015
173,10,48,2015
302,10,1,2015
355,10,20,2015
47,10,30,2015
89,10,11,2015
296,10,27,2015
150,10,33,2015
459,10,36,2015
106,10,13,2015
1296,10,25,2015
1374,10,2,2015
18,10,45,2015
638,10,42,2015
186,10,3,2015
138,10,44,2015
726,10,19,2015
215,10,40,2015
807,10,32,2015
13,10,14,2015
883,10,23,2015
1666,10,15,2015
117,10,22,2015
21,10,29,2015
1172,10,4,2015
535,10,12,2015
141,10,5,2015
128,10,43,2015
5,10,24,2015
2695,18,17,2015
360,18,34,2015
236,18,46,2015
1142,18,16,2015
456,18,21,2015
124,18,49,2015
32,18,39,2015
99,18,35,2015
3797,18,10,2015
106,18,9,2015
548,18,28,2015
364,18,47,2015
142,18,31,2015
196,18,26,2015
474,18,41,2015
400,18,6,2015
10,18,38,2015
496,18,37,2015
234,18,8,2015
362,18,7,2015
132,18,48,2015
305,18,1,2015
201,18,20,2015
55,18,30,2015
54,18,11,2015
85,18,27,2015
22,18,33,2015
356,18,36,2015
110,18,13,2015
634,18,25,2015
1736,18,2,2015
36,18,45,2015
586,18,42,2015
270,18,3,2015
126,18,44,2015
353,18,19,2015
18,18,40,2015
1527,18,32,2015
26,18,14,2015
1334,18,23,2015
2055,18,15,2015
101,18,22,2015
40,18,29,2015
945,18,4,2015
532,18,12,2015
76,18,5,2015
216,18,43,2015
43,18,24,2015
1717,9,34,2015
129,9,46,2015
3537,9,16,2015
1024,9,21,2015
30,9,49,2015
3,9,35,2015
512,9,10,2015
139,9,18,2015
287,9,28,2015
712,9,47,2015
402,9,31,2015
46,9,26,2015
36,9,6,2015
53,9,38,2015
255,9,8,2015
439,9,7,2015
294,9,48,2015
158,9,1,2015
554,9,20,2015
3138,9,30,2015
181,9,11,2015
1522,9,27,2015
370,9,13,2015
441,9,2,2015
124,9,45,2015
191,9,3,2015
3862,9,44,2015
532,9,19,2015
147,9,40,2015
172,9,32,2015
55,9,14,2015
214,9,23,2015
602,9,15,2015
3884,9,22,2015
47,9,29,2015
164,9,4,2015
6245,9,12,2015
27,9,5,2015
182,9,43,2015
856,9,24,2015
186,28,17,2015
856,28,34,2015
233,28,46,2015
2036,28,16,2015
886,28,21,2015
131,28,49,2015
49,28,39,2015
61,28,35,2015
2053,28,10,2015
774,28,18,2015
66,28,9,2015
2661,28,47,2015
1532,28,31,2015
223,28,26,2015
371,28,41,2015
228,28,6,2015
23,28,38,2015
174,28,37,2015
248,28,8,2015
1030,28,7,2015
542,28,48,2015
106,28,1,2015
1859,28,20,2015
78,28,30,2015
346,28,11,2015
276,28,27,2015
43,28,33,2015
189,28,36,2015
98,28,13,2015
505,28,25,2015
629,28,2,2015
56,28,45,2015
912,28,42,2015
271,28,3,2015
128,28,44,2015
315,28,19,2015
20,28,40,2015
315,28,32,2015
83,28,14,2015
526,28,23,2015
1705,28,15,2015
106,28,22,2015
20,28,29,2015
754,28,4,2015
450,28,12,2015
27,28,5,2015
1806,28,43,2015
30,28,24,2015
179,47,17,2015
618,47,34,2015
118,47,46,2015
1308,47,16,2015
299,47,21,2015
117,47,49,2015
31,47,39,2015
113,47,35,2015
2027,47,10,2015
788,47,18,2015
22,47,9,2015
2190,47,28,2015
236,47,31,2015
222,47,26,2015
1510,47,41,2015
169,47,6,2015
26,47,38,2015
305,47,37,2015
191,47,8,2015
1407,47,7,2015
146,47,48,2015
114,47,1,2015
539,47,20,2015
236,47,30,2015
81,47,11,2015
325,47,27,2015
159,47,33,2015
256,47,36,2015
64,47,13,2015
367,47,25,2015
741,47,2,2015
22,47,45,2015
1791,47,42,2015
136,47,3,2015
124,47,44,2015
336,47,19,2015
8,47,40,2015
307,47,32,2015
23,47,14,2015
1078,47,23,2015
1424,47,15,2015
75,47,22,2015
369,47,4,2015
243,47,12,2015
113,47,5,2015
342,47,43,2015
20,47,24,2015
153,31,17,2015
1269,31,34,2015
188,31,46,2015
446,31,16,2015
870,31,21,2015
115,31,49,2015
39,31,39,2015
43,31,35,2015
1006,31,10,2015
290,31,18,2015
38,31,9,2015
3194,31,28,2015
164,31,47,2015
951,31,26,2015
240,31,41,2015
146,31,6,2015
67,31,38,2015
217,31,37,2015
190,31,7,2015
2241,31,48,2015
105,31,1,2015
1923,31,20,2015
194,31,30,2015
1948,31,11,2015
208,31,27,2015
34,31,33,2015
24,31,36,2015
57,31,13,2015
188,31,25,2015
1018,31,2,2015
801,31,45,2015
454,31,42,2015
210,31,3,2015
497,31,44,2015
162,31,19,2015
331,31,32,2015
733,31,14,2015
369,31,23,2015
1882,31,15,2015
96,31,22,2015
31,31,29,2015
385,31,4,2015
321,31,12,2015
2,31,5,2015
1865,31,43,2015
80,31,24,2015
438,26,17,2015
902,26,34,2015
699,26,46,2015
1355,26,16,2015
2163,26,21,2015
46,26,49,2015
52,26,39,2015
11,26,35,2015
1254,26,10,2015
898,26,18,2015
412,26,9,2015
435,26,28,2015
356,26,47,2015
374,26,31,2015
679,26,41,2015
383,26,6,2015
122,26,38,2015
302,26,37,2015
81,26,8,2015
779,26,7,2015
437,26,48,2015
55,26,1,2015
7161,26,20,2015
103,26,30,2015
1132,26,11,2015
293,26,27,2015
94,26,36,2015
104,26,13,2015
364,26,25,2015
776,26,2,2015
28,26,45,2015
406,26,42,2015
3457,26,3,2015
200,26,44,2015
343,26,19,2015
58,26,40,2015
232,26,32,2015
105,26,14,2015
1109,26,23,2015
3421,26,15,2015
237,26,22,2015
6,26,29,2015
592,26,4,2015
937,26,12,2015
35,26,5,2015
342,26,43,2015
308,41,17,2015
813,41,34,2015
112,41,46,2015
854,41,16,2015
379,41,21,2015
6,41,49,2015
16,41,39,2015
62,41,35,2015
2267,41,10,2015
1200,41,18,2015
178,41,9,2015
599,41,28,2015
3024,41,47,2015
43,41,31,2015
364,41,26,2015
453,41,6,2015
65,41,38,2015
88,41,37,2015
27,41,8,2015
476,41,7,2015
137,41,48,2015
226,41,1,2015
389,41,20,2015
23,41,30,2015
114,41,11,2015
159,41,27,2015
81,41,33,2015
46,41,36,2015
74,41,13,2015
251,41,25,2015
1062,41,2,2015
6,41,45,2015
3129,41,42,2015
149,41,3,2015
419,41,19,2015
26,41,40,2015
679,41,32,2015
7,41,14,2015
3337,41,23,2015
1103,41,15,2015
49,41,22,2015
44,41,29,2015
633,41,4,2015
197,41,12,2015
422,41,5,2015
164,41,43,2015
46,41,24,2015
335,6,17,2015
386,6,34,2015
771,6,46,2015
1355,6,16,2015
644,6,21,2015
29,6,49,2015
84,6,35,2015
1406,6,10,2015
702,6,18,2015
51,6,9,2015
433,6,28,2015
207,6,47,2015
129,6,31,2015
98,6,26,2015
60,6,41,2015
132,6,38,2015
69,6,37,2015
120,6,8,2015
276,6,7,2015
81,6,48,2015
1860,6,1,2015
147,6,20,2015
110,6,11,2015
68,6,27,2015
84,6,33,2015
414,6,36,2015
46,6,13,2015
383,6,25,2015
564,6,2,2015
52,6,45,2015
272,6,42,2015
558,6,3,2015
343,6,44,2015
42,6,19,2015
12,6,40,2015
375,6,32,2015
596,6,23,2015
6655,6,15,2015
57,6,22,2015
29,6,29,2015
856,6,4,2015
135,6,12,2015
217,6,43,2015
67,6,24,2015
73,38,17,2015
587,38,34,2015
1313,38,16,2015
139,38,21,2015
706,38,49,2015
283,38,39,2015
194,38,35,2015
3898,38,10,2015
553,38,18,2015
96,38,9,2015
423,38,28,2015
525,38,47,2015
103,38,31,2015
109,38,26,2015
359,38,41,2015
35,38,6,2015
82,38,37,2015
2572,38,8,2015
444,38,7,2015
57,38,48,2015
207,38,20,2015
151,38,30,2015
441,38,11,2015
49,38,27,2015
3731,38,33,2015
230,38,36,2015
499,38,13,2015
856,38,25,2015
1433,38,2,2015
484,38,42,2015
228,38,3,2015
176,38,44,2015
725,38,19,2015
317,38,40,2015
757,38,32,2015
709,38,23,2015
861,38,15,2015
114,38,22,2015
752,38,29,2015
1165,38,4,2015
493,38,12,2015
117,38,5,2015
34,38,43,2015
594,38,24,2015
239,37,17,2015
351,37,34,2015
11,37,46,2015
1667,37,16,2015
381,37,21,2015
153,37,49,2015
1127,37,39,2015
2460,37,35,2015
2748,37,10,2015
723,37,18,2015
28,37,9,2015
425,37,28,2015
135,37,47,2015
47,37,31,2015
136,37,26,2015
340,37,41,2015
191,37,6,2015
36,37,38,2015
617,37,8,2015
202,37,7,2015
212,37,48,2015
113,37,1,2015
153,37,20,2015
25,37,30,2015
43,37,11,2015
136,37,27,2015
51,37,33,2015
537,37,36,2015
90,37,13,2015
1197,37,25,2015
1901,37,2,2015
51,37,45,2015
599,37,42,2015
198,37,3,2015
146,37,44,2015
2911,37,19,2015
83,37,40,2015
829,37,32,2015
34,37,14,2015
445,37,23,2015
1810,37,15,2015
112,37,22,2015
93,37,29,2015
4703,37,4,2015
642,37,12,2015
886,37,5,2015
149,37,43,2015
1,37,24,2015
65,8,17,2015
445,8,34,2015
76,8,46,2015
1858,8,16,2015
350,8,21,2015
1397,8,49,2015
170,8,39,2015
423,8,35,2015
2450,8,10,2015
367,8,18,2015
67,8,9,2015
509,8,28,2015
172,8,47,2015
71,8,31,2015
91,8,26,2015
176,8,41,2015
123,8,6,2015
652,8,38,2015
479,8,37,2015
464,8,7,2015
201,8,48,2015
133,8,1,2015
253,8,20,2015
5,8,30,2015
5,8,11,2015
116,8,27,2015
2824,8,33,2015
721,8,36,2015
71,8,13,2015
2461,8,25,2015
792,8,2,2015
15,8,45,2015
530,8,42,2015
154,8,3,2015
337,8,44,2015
777,8,19,2015
1862,8,40,2015
441,8,32,2015
597,8,23,2015
1218,8,15,2015
151,8,22,2015
418,8,29,2015
534,8,4,2015
382,8,12,2015
18,8,5,2015
127,8,43,2015
255,7,17,2015
913,7,34,2015
193,7,46,2015
891,7,16,2015
376,7,21,2015
47,7,49,2015
16,7,39,2015
131,7,35,2015
2631,7,10,2015
578,7,18,2015
10,7,9,2015
1201,7,28,2015
1154,7,47,2015
73,7,31,2015
222,7,26,2015
263,7,41,2015
178,7,6,2015
16,7,38,2015
192,7,37,2015
109,7,8,2015
276,7,48,2015
96,7,1,2015
165,7,20,2015
79,7,30,2015
75,7,11,2015
261,7,27,2015
64,7,33,2015
162,7,36,2015
116,7,13,2015
442,7,25,2015
663,7,2,2015
173,7,45,2015
1396,7,42,2015
332,7,3,2015
165,7,44,2015
329,7,19,2015
6,7,40,2015
352,7,32,2015
19,7,14,2015
649,7,23,2015
1401,7,15,2015
57,7,22,2015
77,7,29,2015
344,7,4,2015
259,7,12,2015
52,7,5,2015
493,7,43,2015
4,7,24,2015
35,48,17,2015
1550,48,34,2015
20,48,46,2015
891,48,16,2015
992,48,21,2015
99,48,49,2015
14,48,39,2015
99,48,35,2015
991,48,10,2015
561,48,18,2015
97,48,9,2015
881,48,28,2015
295,48,47,2015
1532,48,31,2015
132,48,26,2015
92,48,41,2015
107,48,6,2015
4,48,38,2015
116,48,37,2015
261,48,8,2015
585,48,7,2015
1,48,1,2015
513,48,20,2015
115,48,30,2015
393,48,11,2015
541,48,27,2015
78,48,33,2015
130,48,36,2015
58,48,13,2015
342,48,25,2015
480,48,2,2015
2501,48,45,2015
323,48,42,2015
185,48,3,2015
371,48,44,2015
328,48,19,2015
10,48,40,2015
180,48,32,2015
707,48,14,2015
304,48,23,2015
904,48,15,2015
94,48,22,2015
1,48,29,2015
508,48,4,2015
638,48,12,2015
67,48,5,2015
3613,48,43,2015
143,48,24,2015
2490,1,17,2015
182,1,34,2015
1142,1,46,2015
849,1,16,2015
294,1,21,2015
28,1,49,2015
8,1,39,2015
113,1,35,2015
1811,1,10,2015
1470,1,18,2015
837,1,28,2015
216,1,47,2015
144,1,31,2015
6,1,26,2015
176,1,41,2015
3712,1,6,2015
256,1,37,2015
166,1,8,2015
211,1,7,2015
73,1,48,2015
645,1,20,2015
20,1,30,2015
72,1,11,2015
50,1,27,2015
80,1,33,2015
91,1,36,2015
444,1,13,2015
362,1,25,2015
241,1,2,2015
79,1,45,2015
297,1,42,2015
238,1,3,2015
48,1,44,2015
522,1,19,2015
12,1,40,2015
438,1,32,2015
3,1,14,2015
3169,1,23,2015
4509,1,15,2015
383,1,22,2015
642,1,4,2015
306,1,12,2015
83,1,5,2015
228,1,43,2015
193,20,17,2015
670,20,34,2015
1048,20,46,2015
1064,20,16,2015
1119,20,21,2015
105,20,49,2015
13,20,39,2015
23,20,35,2015
1726,20,10,2015
806,20,18,2015
306,20,9,2015
2535,20,28,2015
523,20,47,2015
812,20,31,2015
3596,20,26,2015
285,20,41,2015
121,20,6,2015
313,20,37,2015
258,20,8,2015
511,20,7,2015
298,20,48,2015
115,20,1,2015
239,20,30,2015
374,20,11,2015
128,20,27,2015
40,20,33,2015
99,20,36,2015
56,20,13,2015
402,20,25,2015
528,20,2,2015
195,20,45,2015
534,20,42,2015
610,20,3,2015
274,20,44,2015
160,20,19,2015
58,20,40,2015
343,20,32,2015
72,20,14,2015
431,20,23,2015
2844,20,15,2015
201,20,22,2015
501,20,4,2015
417,20,12,2015
60,20,5,2015
304,20,43,2015
30,20,24,2015
116,30,17,2015
1744,30,34,2015
1026,30,46,2015
1957,30,16,2015
883,30,21,2015
1115,30,10,2015
179,30,18,2015
1422,30,9,2015
617,30,28,2015
941,30,47,2015
119,30,31,2015
5,30,26,2015
55,30,6,2015
15,30,38,2015
143,30,37,2015
29,30,8,2015
662,30,7,2015
737,30,48,2015
240,30,1,2015
96,30,20,2015
297,30,11,2015
1437,30,27,2015
269,30,13,2015
283,30,25,2015
558,30,2,2015
1178,30,45,2015
276,30,42,2015
212,30,3,2015
3322,30,44,2015
251,30,19,2015
192,30,32,2015
379,30,14,2015
131,30,23,2015
2144,30,15,2015
2052,30,22,2015
65,30,29,2015
26,30,4,2015
4790,30,12,2015
168,30,43,2015
963,30,24,2015
179,11,17,2015
521,11,34,2015
178,11,46,2015
1735,11,16,2015
2221,11,21,2015
356,11,35,2015
902,11,10,2015
534,11,18,2015
946,11,28,2015
462,11,47,2015
3815,11,31,2015
1659,11,26,2015
472,11,41,2015
59,11,6,2015
118,11,38,2015
449,11,37,2015
158,11,8,2015
208,11,7,2015
1096,11,48,2015
9,11,1,2015
2019,11,20,2015
88,11,30,2015
423,11,27,2015
44,11,33,2015
113,11,36,2015
76,11,25,2015
862,11,2,2015
224,11,45,2015
342,11,42,2015
516,11,3,2015
195,11,44,2015
43,11,19,2015
103,11,32,2015
1377,11,14,2015
978,11,23,2015
2371,11,15,2015
139,11,22,2015
513,11,4,2015
159,11,12,2015
310,11,43,2015
921,11,24,2015
188,27,17,2015
2494,27,34,2015
101,27,46,2015
8835,27,16,2015
1298,27,21,2015
44,27,49,2015
23,27,35,2015
2095,27,10,2015
881,27,18,2015
659,27,9,2015
790,27,28,2015
822,27,47,2015
229,27,31,2015
160,27,26,2015
140,27,41,2015
254,27,6,2015
10,27,38,2015
344,27,37,2015
264,27,8,2015
712,27,7,2015
148,27,48,2015
255,27,1,2015
558,27,20,2015
401,27,30,2015
137,27,11,2015
44,27,33,2015
249,27,36,2015
239,27,13,2015
389,27,25,2015
646,27,2,2015
91,27,45,2015
683,27,42,2015
244,27,3,2015
995,27,44,2015
368,27,19,2015
20,27,40,2015
229,27,32,2015
123,27,14,2015
332,27,23,2015
2728,27,15,2015
1769,27,22,2015
222,27,4,2015
1681,27,12,2015
241,27,43,2015
356,27,24,2015
124,33,17,2015
332,33,34,2015
1391,33,16,2015
436,33,21,2015
899,33,49,2015
35,33,39,2015
35,33,35,2015
3872,33,10,2015
485,33,18,2015
89,33,9,2015
127,33,28,2015
86,33,47,2015
201,33,31,2015
141,33,26,2015
16,33,41,2015
38,33,6,2015
3324,33,38,2015
329,33,37,2015
6151,33,8,2015
297,33,7,2015
340,33,48,2015
102,33,20,2015
211,33,30,2015
47,33,27,2015
386,33,36,2015
83,33,13,2015
1248,33,25,2015
894,33,2,2015
179,33,45,2015
1129,33,42,2015
89,33,3,2015
966,33,44,2015
1260,33,19,2015
516,33,40,2015
423,33,32,2015
339,33,23,2015
1052,33,15,2015
254,33,22,2015
1867,33,29,2015
647,33,4,2015
509,33,12,2015
61,33,43,2015
21,36,17,2015
313,36,34,2015
13,36,46,2015
1453,36,16,2015
363,36,21,2015
415,36,49,2015
489,36,39,2015
203,36,35,2015
3314,36,10,2015
834,36,18,2015
3,36,9,2015
367,36,28,2015
239,36,47,2015
78,36,31,2015
85,36,26,2015
30,36,41,2015
193,36,6,2015
141,36,38,2015
821,36,37,2015
812,36,8,2015
153,36,7,2015
47,36,48,2015
180,36,1,2015
145,36,20,2015
14,36,30,2015
5,36,11,2015
58,36,27,2015
65,36,33,2015
84,36,13,2015
3900,36,25,2015
1492,36,2,2015
391,36,42,2015
103,36,3,2015
18,36,44,2015
4688,36,19,2015
155,36,40,2015
558,36,32,2015
4,36,14,2015
174,36,23,2015
1256,36,15,2015
121,36,22,2015
181,36,29,2015
1065,36,4,2015
362,36,12,2015
24,36,5,2015
128,36,43,2015
369,13,17,2015
3843,13,34,2015
308,13,46,2015
2507,13,16,2015
3059,13,21,2015
347,13,49,2015
404,13,39,2015
19,13,35,2015
1800,13,10,2015
537,13,18,2015
187,13,9,2015
362,13,28,2015
383,13,47,2015
192,13,31,2015
682,13,26,2015
221,13,41,2015
250,13,6,2015
164,13,37,2015
156,13,8,2015
415,13,7,2015
340,13,48,2015
50,13,1,2015
327,13,20,2015
10,13,30,2015
738,13,11,2015
664,13,27,2015
117,13,33,2015
447,13,36,2015
463,13,25,2015
937,13,2,2015
106,13,45,2015
212,13,42,2015
990,13,3,2015
327,13,44,2015
314,13,19,2015
84,13,32,2015
13,13,14,2015
162,13,23,2015
7684,13,15,2015
787,13,22,2015
39,13,29,2015
465,13,4,2015
420,13,12,2015
77,13,5,2015
89,13,43,2015
233,13,24,2015
104,25,17,2015
283,25,34,2015
20,25,46,2015
1877,25,16,2015
292,25,21,2015
1211,25,49,2015
242,25,39,2015
261,25,35,2015
3525,25,10,2015
755,25,18,2015
51,25,9,2015
352,25,28,2015
161,25,47,2015
15,25,31,2015
84,25,26,2015
172,25,41,2015
224,25,6,2015
99,25,38,2015
552,25,37,2015
1170,25,8,2015
220,25,7,2015
179,25,48,2015
13,25,1,2015
161,25,20,2015
7,25,30,2015
42,25,11,2015
168,25,27,2015
171,25,33,2015
2584,25,36,2015
83,25,13,2015
1200,25,2,2015
53,25,45,2015
568,25,42,2015
97,25,3,2015
103,25,44,2015
1671,25,19,2015
150,25,40,2015
473,25,32,2015
354,25,23,2015
1337,25,15,2015
94,25,22,2015
154,25,29,2015
929,25,4,2015
253,25,12,2015
14,25,5,2015
116,25,43,2015
9,25,24,2015
396,2,17,2015
530,2,34,2015
199,2,46,2015
1242,2,16,2015
347,2,21,2015
138,2,49,2015
149,2,39,2015
149,2,35,2015
2392,2,10,2015
1604,2,18,2015
22,2,9,2015
444,2,28,2015
279,2,47,2015
84,2,31,2015
197,2,26,2015
361,2,41,2015
228,2,6,2015
76,2,38,2015
554,2,37,2015
210,2,8,2015
327,2,7,2015
261,2,48,2015
108,2,1,2015
451,2,20,2015
135,2,30,2015
81,2,11,2015
186,2,27,2015
66,2,33,2015
493,2,36,2015
53,2,13,2015
851,2,25,2015
37,2,45,2015
675,2,42,2015
207,2,3,2015
209,2,44,2015
720,2,19,2015
113,2,40,2015
3127,2,32,2015
36,2,14,2015
1180,2,23,2015
1581,2,15,2015
164,2,22,2015
32,2,29,2015
1824,2,4,2015
309,2,12,2015
184,2,5,2015
152,2,43,2015
4,2,24,2015
1540,45,17,2015
1525,45,34,2015
189,45,46,2015
1372,45,16,2015
1840,45,21,2015
125,45,49,2015
560,45,39,2015
1807,45,10,2015
1104,45,9,2015
554,45,28,2015
1176,45,47,2015
380,45,31,2015
9,45,26,2015
64,45,41,2015
271,45,6,2015
244,45,37,2015
127,45,8,2015
1165,45,7,2015
10126,45,48,2015
519,45,20,2015
2388,45,30,2015
762,45,11,2015
409,45,27,2015
63,45,36,2015
344,45,25,2015
1559,45,2,2015
436,45,42,2015
859,45,3,2015
396,45,44,2015
457,45,19,2015
250,45,32,2015
3539,45,14,2015
964,45,23,2015
1294,45,15,2015
336,45,22,2015
283,45,4,2015
1701,45,12,2015
743,45,43,2015
664,45,24,2015
130,42,17,2015
443,42,34,2015
66,42,46,2015
1104,42,16,2015
280,42,21,2015
158,42,49,2015
7,42,39,2015
88,42,35,2015
2358,42,10,2015
674,42,18,2015
48,42,9,2015
884,42,28,2015
1113,42,47,2015
173,42,31,2015
93,42,26,2015
1272,42,41,2015
128,42,6,2015
41,42,38,2015
299,42,37,2015
118,42,8,2015
1256,42,7,2015
217,42,48,2015
95,42,1,2015
401,42,20,2015
25,42,30,2015
29,42,11,2015
103,42,27,2015
48,42,33,2015
142,42,36,2015
113,42,13,2015
280,42,25,2015
637,42,2,2015
79,42,45,2015
161,42,3,2015
148,42,44,2015
1157,42,19,2015
23,42,40,2015
576,42,32,2015
2,42,14,2015
585,42,23,2015
1039,42,15,2015
139,42,22,2015
32,42,29,2015
513,42,4,2015
228,42,12,2015
585,42,5,2015
146,42,43,2015
13,42,24,2015
185,3,17,2015
999,3,34,2015
1919,3,46,2015
2135,3,16,2015
785,3,21,2015
67,3,49,2015
13,3,39,2015
38,3,35,2015
693,3,10,2015
394,3,18,2015
145,3,9,2015
652,3,28,2015
318,3,47,2015
355,3,31,2015
1183,3,26,2015
201,3,41,2015
583,3,6,2015
10,3,38,2015
136,3,37,2015
127,3,8,2015
192,3,7,2015
169,3,48,2015
304,3,1,2015
1251,3,20,2015
26,3,30,2015
291,3,11,2015
67,3,27,2015
60,3,36,2015
335,3,13,2015
376,3,25,2015
272,3,2,2015
117,3,45,2015
270,3,42,2015
204,3,44,2015
198,3,19,2015
180,3,32,2015
56,3,14,2015
659,3,23,2015
6536,3,15,2015
310,3,22,2015
567,3,4,2015
955,3,12,2015
45,3,5,2015
366,3,43,2015
33,3,24,2015
147,44,17,2015
1783,44,34,2015
8,44,46,2015
5189,44,16,2015
1204,44,21,2015
72,44,49,2015
22,44,39,2015
39,44,35,2015
390,44,10,2015
380,44,18,2015
1816,44,9,2015
457,44,28,2015
24,44,47,2015
150,44,31,2015
167,44,26,2015
284,44,41,2015
27,44,6,2015
117,44,38,2015
74,44,37,2015
240,44,8,2015
222,44,7,2015
215,44,48,2015
24,44,1,2015
508,44,20,2015
101,44,30,2015
74,44,11,2015
641,44,27,2015
87,44,33,2015
105,44,36,2015
43,44,13,2015
404,44,25,2015
182,44,2,2015
5,44,45,2015
383,44,42,2015
68,44,3,2015
290,44,19,2015
98,44,40,2015
139,44,32,2015
13,44,14,2015
129,44,23,2015
972,44,15,2015
457,44,22,2015
20,44,29,2015
33,44,4,2015
8110,44,12,2015
86,44,5,2015
264,44,43,2015
11,44,24,2015
210,19,17,2015
305,19,34,2015
28,19,46,2015
1063,19,16,2015
380,19,21,2015
183,19,49,2015
1092,19,39,2015
156,19,35,2015
2254,19,10,2015
507,19,18,2015
16,19,9,2015
376,19,28,2015
221,19,47,2015
12,19,31,2015
110,19,26,2015
245,19,41,2015
143,19,6,2015
77,19,38,2015
1167,19,37,2015
589,19,8,2015
448,19,7,2015
51,19,48,2015
28,19,1,2015
148,19,20,2015
11,19,30,2015
54,19,11,2015
164,19,27,2015
98,19,33,2015
1828,19,36,2015
36,19,13,2015
1985,19,25,2015
1015,19,2,2015
1,19,45,2015
1246,19,42,2015
60,19,3,2015
157,19,44,2015
81,19,40,2015
742,19,32,2015
6,19,14,2015
193,19,23,2015
1015,19,15,2015
211,19,22,2015
25,19,29,2015
1046,19,4,2015
223,19,12,2015
307,19,5,2015
129,19,43,2015
1,19,24,2015
40,40,17,2015
282,40,34,2015
2063,40,16,2015
40,40,21,2015
2873,40,49,2015
221,40,35,2015
2389,40,10,2015
194,40,18,2015
414,40,28,2015
157,40,47,2015
89,40,31,2015
152,40,6,2015
842,40,38,2015
756,40,37,2015
7013,40,8,2015
256,40,7,2015
136,40,48,2015
189,40,20,2015
48,40,30,2015
307,40,27,2015
881,40,33,2015
636,40,36,2015
82,40,13,2015
893,40,25,2015
793,40,2,2015
17,40,45,2015
290,40,42,2015
255,40,3,2015
178,40,44,2015
848,40,19,2015
594,40,32,2015
430,40,23,2015
1003,40,15,2015
710,40,29,2015
1536,40,4,2015
109,40,12,2015
116,40,5,2015
65,40,43,2015
5,40,24,2015
402,32,17,2015
172,32,34,2015
63,32,46,2015
1288,32,16,2015
492,32,21,2015
189,32,49,2015
134,32,39,2015
369,32,35,2015
2851,32,10,2015
3555,32,18,2015
40,32,9,2015
368,32,28,2015
117,32,47,2015
178,32,31,2015
139,32,26,2015
402,32,41,2015
307,32,6,2015
85,32,38,2015
360,32,37,2015
227,32,8,2015
291,32,7,2015
67,32,48,2015
149,32,1,2015
278,32,20,2015
14,32,30,2015
32,32,11,2015
280,32,27,2015
573,32,36,2015
224,32,13,2015
1004,32,25,2015
5584,32,2,2015
68,32,45,2015
573,32,42,2015
193,32,3,2015
281,32,44,2015
667,32,19,2015
90,32,40,2015
232,32,14,2015
847,32,23,2015
1148,32,15,2015
66,32,22,2015
24,32,29,2015
1820,32,4,2015
504,32,12,2015
238,32,5,2015
66,32,43,2015
5,32,24,2015
120,14,17,2015
1852,14,34,2015
170,14,46,2015
714,14,16,2015
857,14,21,2015
423,14,49,2015
10,14,35,2015
1639,14,10,2015
177,14,9,2015
345,14,28,2015
152,14,47,2015
1797,14,31,2015
111,14,26,2015
25,14,38,2015
112,14,37,2015
653,14,7,2015
6278,14,48,2015
1004,14,20,2015
360,14,30,2015
2478,14,11,2015
147,14,27,2015
84,14,36,2015
312,14,25,2015
2025,14,2,2015
2693,14,45,2015
93,14,42,2015
76,14,3,2015
84,14,44,2015
261,14,19,2015
81,14,32,2015
607,14,23,2015
892,14,15,2015
580,14,22,2015
63,14,29,2015
252,14,4,2015
535,14,12,2015
284,14,43,2015
1443,14,24,2015
1093,23,17,2015
493,23,34,2015
915,23,46,2015
1332,23,16,2015
351,23,21,2015
35,23,49,2015
12,23,39,2015
132,23,35,2015
3013,23,10,2015
2744,23,18,2015
63,23,9,2015
844,23,28,2015
529,23,47,2015
265,23,31,2015
292,23,26,2015
1901,23,41,2015
448,23,6,2015
33,23,38,2015
247,23,37,2015
47,23,8,2015
735,23,7,2015
268,23,48,2015
1440,23,1,2015
446,23,20,2015
27,23,30,2015
72,23,11,2015
18,23,27,2015
131,23,36,2015
100,23,13,2015
388,23,25,2015
1149,23,2,2015
63,23,45,2015
783,23,42,2015
196,23,3,2015
180,23,44,2015
300,23,19,2015
137,23,40,2015
840,23,32,2015
61,23,14,2015
2002,23,15,2015
170,23,22,2015
65,23,29,2015
1462,23,4,2015
423,23,12,2015
146,23,5,2015
343,23,43,2015
21,23,24,2015
235,15,17,2015
474,15,34,2015
644,15,46,2015
1518,15,16,2015
919,15,21,2015
91,15,49,2015
51,15,39,2015
47,15,35,2015
1081,15,10,2015
585,15,18,2015
107,15,9,2015
426,15,28,2015
213,15,47,2015
157,15,31,2015
275,15,26,2015
203,15,41,2015
723,15,6,2015
66,15,38,2015
204,15,37,2015
160,15,8,2015
308,15,7,2015
175,15,48,2015
321,15,1,2015
350,15,20,2015
117,15,30,2015
162,15,11,2015
191,15,27,2015
51,15,33,2015
173,15,36,2015
440,15,13,2015
439,15,25,2015
554,15,2,2015
144,15,45,2015
420,15,42,2015
1042,15,3,2015
173,15,44,2015
272,15,19,2015
42,15,40,2015
217,15,32,2015
63,15,14,2015
434,15,23,2015
316,15,22,2015
5,15,29,2015
607,15,4,2015
467,15,12,2015
35,15,5,2015
169,15,43,2015
166,15,24,2015
121,22,17,2015
3408,22,34,2015
149,22,46,2015
2955,22,16,2015
1362,22,21,2015
31,22,49,2015
10,22,39,2015
59,22,35,2015
647,22,10,2015
510,22,18,2015
2221,22,9,2015
203,22,28,2015
237,22,47,2015
25,22,31,2015
592,22,26,2015
109,22,41,2015
60,22,6,2015
53,22,38,2015
106,22,37,2015
135,22,8,2015
186,22,7,2015
368,22,48,2015
23,22,1,2015
320,22,20,2015
606,22,30,2015
268,22,11,2015
1960,22,27,2015
12,22,36,2015
486,22,13,2015
486,22,25,2015
428,22,2,2015
56,22,45,2015
201,22,42,2015
342,22,3,2015
553,22,44,2015
695,22,19,2015
143,22,40,2015
416,22,32,2015
198,22,14,2015
367,22,23,2015
2207,22,15,2015
58,22,29,2015
591,22,4,2015
1954,22,12,2015
161,22,5,2015
156,22,43,2015
1249,22,24,2015
276,29,17,2015
649,29,34,2015
57,29,46,2015
1225,29,16,2015
1749,29,21,2015
419,29,49,2015
124,29,39,2015
187,29,35,2015
2367,29,10,2015
251,29,18,2015
548,29,9,2015
483,29,28,2015
268,29,47,2015
151,29,31,2015
1229,29,38,2015
278,29,37,2015
4871,29,8,2015
302,29,7,2015
19,29,48,2015
23,29,30,2015
12,29,11,2015
5171,29,33,2015
326,29,36,2015
204,29,13,2015
4987,29,25,2015
1105,29,2,2015
175,29,42,2015
324,29,3,2015
706,29,44,2015
1255,29,19,2015
124,29,40,2015
620,29,32,2015
2234,29,23,2015
631,29,15,2015
308,29,22,2015
1087,29,4,2015
287,29,12,2015
235,29,5,2015
22,29,43,2015
9,29,24,2015
570,4,17,2015
454,4,34,2015
281,4,46,2015
1794,4,16,2015
919,4,21,2015
275,4,49,2015
252,4,39,2015
960,4,35,2015
2795,4,10,2015
1895,4,18,2015
82,4,9,2015
694,4,28,2015
345,4,47,2015
99,4,31,2015
125,4,26,2015
240,4,41,2015
207,4,6,2015
57,4,38,2015
2905,4,37,2015
411,4,8,2015
339,4,7,2015
480,4,48,2015
214,4,1,2015
223,4,20,2015
39,4,30,2015
119,4,11,2015
231,4,27,2015
124,4,33,2015
373,4,36,2015
281,4,13,2015
996,4,25,2015
3753,4,2,2015
14,4,45,2015
1035,4,42,2015
201,4,3,2015
278,4,44,2015
1345,4,19,2015
42,4,40,2015
1044,4,32,2015
42,4,14,2015
763,4,23,2015
2203,4,15,2015
194,4,22,2015
32,4,29,2015
705,4,12,2015
884,4,5,2015
247,4,43,2015
67,4,24,2015
121,12,17,2015
1979,12,34,2015
43,12,46,2015
4624,12,16,2015
1028,12,21,2015
172,12,49,2015
58,12,39,2015
18,12,35,2015
533,12,10,2015
331,12,18,2015
907,12,9,2015
471,12,28,2015
168,12,47,2015
291,12,31,2015
216,12,26,2015
232,12,41,2015
207,12,6,2015
59,12,38,2015
217,12,37,2015
255,12,8,2015
272,12,7,2015
335,12,48,2015
221,12,1,2015
364,12,20,2015
692,12,30,2015
109,12,11,2015
909,12,27,2015
160,12,36,2015
200,12,13,2015
550,12,25,2015
262,12,2,2015
233,12,45,2015
363,12,42,2015
203,12,3,2015
3497,12,44,2015
147,12,19,2015
88,12,40,2015
104,12,32,2015
17,12,14,2015
67,12,23,2015
1277,12,15,2015
757,12,22,2015
88,12,29,2015
577,12,4,2015
31,12,5,2015
297,12,43,2015
146,12,24,2015
241,5,17,2015
77,5,46,2015
224,5,16,2015
668,5,21,2015
34,5,49,2015
64,5,39,2015
259,5,35,2015
1888,5,10,2015
705,5,18,2015
239,5,9,2015
438,5,28,2015
15,5,47,2015
24,5,31,2015
86,5,26,2015
1818,5,41,2015
48,5,6,2015
19,5,38,2015
1414,5,37,2015
155,5,8,2015
480,5,7,2015
18,5,48,2015
393,5,1,2015
270,5,20,2015
27,5,30,2015
152,5,27,2015
15,5,33,2015
248,5,36,2015
70,5,13,2015
587,5,25,2015
1838,5,2,2015
108,5,45,2015
4917,5,42,2015
347,5,3,2015
57,5,44,2015
2808,5,19,2015
14,5,40,2015
813,5,32,2015
566,5,23,2015
1130,5,15,2015
74,5,22,2015
4165,5,4,2015
596,5,12,2015
4,5,43,2015
85,43,17,2015
913,43,34,2015
227,43,46,2015
1170,43,16,2015
1026,43,21,2015
38,43,49,2015
89,43,35,2015
1596,43,10,2015
581,43,18,2015
21,43,9,2015
2045,43,28,2015
554,43,47,2015
545,43,31,2015
32,43,26,2015
102,43,41,2015
55,43,6,2015
32,43,38,2015
205,43,37,2015
143,43,8,2015
891,43,7,2015
3286,43,48,2015
130,43,1,2015
335,43,20,2015
43,43,30,2015
232,43,11,2015
198,43,27,2015
35,43,33,2015
41,43,36,2015
20,43,13,2015
309,43,25,2015
211,43,2,2015
114,43,45,2015
343,43,42,2015
160,43,3,2015
276,43,44,2015
300,43,19,2015
212,43,32,2015
92,43,14,2015
256,43,23,2015
762,43,15,2015
312,43,22,2015
285,43,4,2015
496,43,12,2015
16,43,5,2015
72,43,24,2015
280,24,17,2015
4222,24,34,2015
469,24,46,2015
2855,24,16,2015
5592,24,21,2015
1577,24,10,2015
1500,24,18,2015
3896,24,9,2015
490,24,28,2015
293,24,47,2015
391,24,31,2015
671,24,26,2015
896,24,41,2015
44,24,6,2015
355,24,38,2015
464,24,37,2015
268,24,7,2015
1243,24,48,2015
52,24,1,2015
1022,24,20,2015
3430,24,30,2015
1273,24,11,2015
927,24,27,2015
351,24,36,2015
758,24,13,2015
546,24,25,2015
993,24,2,2015
399,24,45,2015
63,24,42,2015
256,24,3,2015
1743,24,44,2015
1150,24,19,2015
2435,24,14,2015
305,24,23,2015
4683,24,15,2015
4455,24,22,2015
25,24,29,2015
455,24,4,2015
1289,24,12,2015
1010,24,43,2015
183,17,34,2016
422,17,46,2016
626,17,16,2016
478,17,21,2016
226,17,49,2016
30,17,39,2016
28,17,35,2016
2334,17,10,2016
3757,17,18,2016
415,17,28,2016
232,17,47,2016
81,17,31,2016
180,17,26,2016
467,17,41,2016
1163,17,6,2016
96,17,38,2016
255,17,37,2016
140,17,8,2016
470,17,7,2016
23,17,48,2016
1053,17,1,2016
469,17,20,2016
60,17,30,2016
46,17,11,2016
81,17,27,2016
35,17,33,2016
9,17,36,2016
150,17,13,2016
82,17,25,2016
717,17,2,2016
39,17,45,2016
637,17,42,2016
36,17,3,2016
34,17,44,2016
406,17,19,2016
10,17,40,2016
580,17,32,2016
1579,17,23,2016
1421,17,15,2016
25,17,22,2016
498,17,4,2016
301,17,12,2016
58,17,5,2016
198,17,43,2016
54,17,24,2016
147,34,17,2016
120,34,46,2016
4863,34,16,2016
1875,34,21,2016
44,34,49,2016
3,34,39,2016
107,34,35,2016
1485,34,10,2016
562,34,18,2016
622,34,9,2016
756,34,28,2016
170,34,47,2016
224,34,31,2016
383,34,26,2016
169,34,41,2016
123,34,6,2016
37,34,38,2016
135,34,37,2016
361,34,8,2016
585,34,7,2016
644,34,48,2016
78,34,1,2016
426,34,20,2016
204,34,30,2016
182,34,11,2016
827,34,27,2016
97,34,33,2016
145,34,36,2016
1058,34,13,2016
716,34,25,2016
509,34,2,2016
98,34,45,2016
377,34,42,2016
275,34,3,2016
710,34,44,2016
299,34,19,2016
51,34,40,2016
246,34,32,2016
105,34,14,2016
208,34,23,2016
2927,34,15,2016
1316,34,22,2016
48,34,29,2016
516,34,4,2016
1844,34,12,2016
8,34,5,2016
484,34,43,2016
50,34,24,2016
165,46,17,2016
403,46,34,2016
1432,46,16,2016
270,46,21,2016
321,46,49,2016
1383,46,10,2016
798,46,18,2016
114,46,9,2016
430,46,28,2016
437,46,47,2016
105,46,31,2016
510,46,26,2016
252,46,41,2016
491,46,6,2016
116,46,37,2016
129,46,8,2016
269,46,7,2016
161,46,48,2016
1084,46,1,2016
2850,46,20,2016
113,46,30,2016
189,46,11,2016
178,46,27,2016
45,46,36,2016
184,46,13,2016
252,46,25,2016
379,46,2,2016
48,46,45,2016
291,46,42,2016
2473,46,3,2016
308,46,44,2016
327,46,19,2016
30,46,40,2016
194,46,32,2016
6,46,14,2016
1867,46,23,2016
4008,46,15,2016
379,46,22,2016
173,46,4,2016
275,46,12,2016
65,46,5,2016
467,46,43,2016
25,46,24,2016
168,16,17,2016
1653,16,34,2016
102,16,46,2016
687,16,21,2016
101,16,49,2016
15,16,39,2016
99,16,35,2016
725,16,10,2016
483,16,18,2016
434,16,9,2016
387,16,28,2016
177,16,47,2016
60,16,31,2016
115,16,26,2016
168,16,41,2016
118,16,6,2016
33,16,38,2016
162,16,37,2016
327,16,8,2016
204,16,7,2016
159,16,48,2016
110,16,1,2016
179,16,20,2016
132,16,30,2016
93,16,11,2016
1161,16,27,2016
24,16,33,2016
210,16,36,2016
126,16,13,2016
577,16,25,2016
450,16,2,2016
45,16,45,2016
300,16,42,2016
288,16,3,2016
1118,16,44,2016
316,16,19,2016
37,16,40,2016
123,16,32,2016
74,16,14,2016
204,16,23,2016
1785,16,15,2016
588,16,22,2016
25,16,29,2016
446,16,4,2016
1314,16,12,2016
27,16,5,2016
174,16,43,2016
40,16,24,2016
393,21,17,2016
2147,21,34,2016
624,21,46,2016
4069,21,16,2016
101,21,49,2016
19,21,39,2016
95,21,35,2016
1783,21,10,2016
602,21,18,2016
554,21,9,2016
587,21,28,2016
273,21,47,2016
627,21,31,2016
966,21,26,2016
491,21,41,2016
456,21,6,2016
73,21,38,2016
398,21,37,2016
549,21,8,2016
382,21,7,2016
846,21,48,2016
79,21,1,2016
895,21,20,2016
455,21,30,2016
1003,21,11,2016
594,21,27,2016
181,21,33,2016
246,21,36,2016
775,21,13,2016
625,21,25,2016
773,21,2,2016
90,21,45,2016
589,21,42,2016
667,21,3,2016
654,21,44,2016
619,21,19,2016
76,21,40,2016
351,21,32,2016
148,21,14,2016
305,21,23,2016
3898,21,15,2016
652,21,22,2016
63,21,29,2016
590,21,4,2016
2349,21,12,2016
83,21,5,2016
745,21,43,2016
763,21,24,2016
158,49,17,2016
446,49,34,2016
51,49,46,2016
819,49,16,2016
805,49,21,2016
352,49,39,2016
342,49,35,2016
4271,49,10,2016
1698,49,18,2016
13,49,9,2016
362,49,28,2016
247,49,47,2016
16,49,31,2016
91,49,41,2016
53,49,6,2016
465,49,38,2016
197,49,37,2016
3138,49,8,2016
254,49,7,2016
113,49,48,2016
28,49,1,2016
124,49,20,2016
19,49,30,2016
354,49,11,2016
139,49,27,2016
680,49,33,2016
1085,49,36,2016
85,49,13,2016
4566,49,25,2016
2075,49,2,2016
9,49,45,2016
374,49,42,2016
109,49,3,2016
314,49,44,2016
1852,49,19,2016
1188,49,40,2016
821,49,32,2016
570,49,23,2016
512,49,15,2016
286,49,22,2016
300,49,29,2016
1441,49,4,2016
365,49,12,2016
176,49,5,2016
96,49,43,2016
442,39,34,2016
1445,39,16,2016
292,39,35,2016
3312,39,10,2016
1363,39,18,2016
216,39,28,2016
422,39,47,2016
27,39,38,2016
5979,39,37,2016
324,39,8,2016
301,39,7,2016
68,39,48,2016
686,39,20,2016
48,39,11,2016
102,39,27,2016
1906,39,36,2016
324,39,13,2016
1126,39,25,2016
1006,39,2,2016
476,39,42,2016
194,39,3,2016
167,39,44,2016
5446,39,19,2016
24,39,40,2016
153,39,32,2016
194,39,23,2016
2120,39,15,2016
193,39,22,2016
30,39,29,2016
1456,39,4,2016
291,39,12,2016
141,35,17,2016
402,35,34,2016
100,35,46,2016
9213,35,16,2016
1983,35,21,2016
631,35,49,2016
164,35,39,2016
2554,35,10,2016
2147,35,18,2016
1579,35,28,2016
93,35,47,2016
20,35,31,2016
137,35,26,2016
78,35,6,2016
236,35,38,2016
28803,35,37,2016
2038,35,8,2016
936,35,7,2016
348,35,48,2016
265,35,1,2016
387,35,20,2016
102,35,11,2016
121,35,33,2016
1073,35,36,2016
153,35,13,2016
4435,35,25,2016
2532,35,2,2016
1143,35,42,2016
370,35,3,2016
883,35,44,2016
2782,35,19,2016
258,35,40,2016
2263,35,32,2016
430,35,23,2016
2367,35,15,2016
714,35,22,2016
90,35,29,2016
12673,35,4,2016
1090,35,12,2016
714,35,5,2016
313,35,43,2016
806,10,17,2016
451,10,34,2016
65,10,46,2016
1229,10,16,2016
657,10,21,2016
224,10,49,2016
34,10,39,2016
131,10,35,2016
2175,10,18,2016
65,10,9,2016
631,10,28,2016
533,10,47,2016
84,10,31,2016
142,10,26,2016
448,10,41,2016
174,10,6,2016
143,10,38,2016
528,10,37,2016
547,10,8,2016
693,10,7,2016
145,10,48,2016
196,10,1,2016
285,10,20,2016
34,10,30,2016
114,10,11,2016
242,10,27,2016
103,10,33,2016
504,10,36,2016
116,10,13,2016
1140,10,25,2016
1563,10,2,2016
11,10,45,2016
731,10,42,2016
153,10,3,2016
153,10,44,2016
627,10,19,2016
134,10,40,2016
648,10,32,2016
36,10,14,2016
724,10,23,2016
1510,10,15,2016
131,10,22,2016
42,10,29,2016
943,10,4,2016
441,10,12,2016
96,10,5,2016
254,10,43,2016
9,10,24,2016
2233,18,17,2016
411,18,34,2016
260,18,46,2016
1423,18,16,2016
594,18,21,2016
109,18,49,2016
28,18,39,2016
107,18,35,2016
3841,18,10,2016
44,18,9,2016
654,18,28,2016
437,18,47,2016
84,18,31,2016
233,18,26,2016
470,18,41,2016
318,18,6,2016
24,18,38,2016
673,18,37,2016
244,18,8,2016
591,18,7,2016
239,18,48,2016
208,18,1,2016
378,18,20,2016
37,18,30,2016
83,18,11,2016
240,18,27,2016
113,18,33,2016
289,18,36,2016
86,18,13,2016
502,18,25,2016
2415,18,2,2016
19,18,45,2016
387,18,42,2016
246,18,3,2016
87,18,44,2016
505,18,19,2016
37,18,40,2016
1575,18,32,2016
12,18,14,2016
1588,18,23,2016
1570,18,15,2016
149,18,22,2016
1,18,29,2016
613,18,4,2016
272,18,12,2016
160,18,5,2016
68,18,43,2016
126,9,17,2016
1649,9,34,2016
2138,9,16,2016
930,9,21,2016
17,9,39,2016
526,9,10,2016
555,9,18,2016
430,9,28,2016
128,9,47,2016
336,9,31,2016
57,9,26,2016
275,9,6,2016
7,9,38,2016
64,9,37,2016
57,9,8,2016
1450,9,7,2016
241,9,48,2016
539,9,1,2016
318,9,20,2016
1036,9,30,2016
262,9,11,2016
602,9,27,2016
74,9,33,2016
227,9,13,2016
340,9,25,2016
753,9,2,2016
304,9,45,2016
18,9,42,2016
353,9,3,2016
2719,9,44,2016
373,9,19,2016
27,9,32,2016
64,9,14,2016
130,9,23,2016
1585,9,15,2016
5658,9,22,2016
87,9,4,2016
6906,9,12,2016
28,9,5,2016
832,9,43,2016
638,9,24,2016
289,28,17,2016
1044,28,34,2016
202,28,46,2016
1680,28,16,2016
886,28,21,2016
135,28,49,2016
74,28,39,2016
188,28,35,2016
1818,28,10,2016
595,28,18,2016
59,28,9,2016
2330,28,47,2016
1165,28,31,2016
198,28,26,2016
498,28,41,2016
199,28,6,2016
34,28,38,2016
93,28,37,2016
485,28,8,2016
1077,28,7,2016
760,28,48,2016
263,28,1,2016
2020,28,20,2016
91,28,30,2016
188,28,11,2016
231,28,27,2016
11,28,33,2016
127,28,36,2016
35,28,13,2016
698,28,25,2016
668,28,2,2016
49,28,45,2016
972,28,42,2016
234,28,3,2016
175,28,44,2016
416,28,19,2016
48,28,40,2016
351,28,32,2016
59,28,14,2016
759,28,23,2016
1704,28,15,2016
112,28,22,2016
14,28,29,2016
602,28,4,2016
578,28,12,2016
27,28,5,2016
2443,28,43,2016
11,28,24,2016
217,47,17,2016
820,47,34,2016
50,47,46,2016
1066,47,16,2016
402,47,21,2016
73,47,49,2016
3,47,39,2016
144,47,35,2016
2166,47,10,2016
282,47,18,2016
23,47,9,2016
2291,47,28,2016
282,47,31,2016
110,47,26,2016
1656,47,41,2016
40,47,6,2016
17,47,38,2016
70,47,37,2016
193,47,8,2016
1624,47,7,2016
266,47,48,2016
122,47,1,2016
395,47,20,2016
42,47,30,2016
57,47,11,2016
125,47,27,2016
29,47,33,2016
172,47,36,2016
48,47,13,2016
371,47,25,2016
634,47,2,2016
19,47,45,2016
1745,47,42,2016
163,47,3,2016
158,47,44,2016
234,47,19,2016
424,47,32,2016
127,47,14,2016
1015,47,23,2016
1519,47,15,2016
203,47,22,2016
343,47,4,2016
195,47,12,2016
51,47,5,2016
524,47,43,2016
17,47,24,2016
214,31,17,2016
845,31,34,2016
356,31,46,2016
1221,31,16,2016
1035,31,21,2016
51,31,49,2016
69,31,35,2016
2117,31,10,2016
677,31,18,2016
153,31,9,2016
3046,31,28,2016
477,31,47,2016
787,31,26,2016
226,31,41,2016
419,31,6,2016
151,31,38,2016
104,31,37,2016
120,31,8,2016
195,31,7,2016
1701,31,48,2016
52,31,1,2016
1851,31,20,2016
36,31,30,2016
1872,31,11,2016
235,31,27,2016
75,31,33,2016
35,31,36,2016
33,31,13,2016
119,31,25,2016
153,31,2,2016
47,31,45,2016
124,31,42,2016
409,31,3,2016
68,31,44,2016
298,31,19,2016
98,31,40,2016
52,31,32,2016
921,31,14,2016
206,31,23,2016
2107,31,15,2016
119,31,22,2016
26,31,29,2016
73,31,4,2016
250,31,12,2016
20,31,5,2016
1080,31,43,2016
181,31,24,2016
433,26,17,2016
1162,26,34,2016
336,26,46,2016
1131,26,16,2016
1591,26,21,2016
113,26,49,2016
821,26,10,2016
688,26,18,2016
45,26,9,2016
921,26,28,2016
522,26,47,2016
642,26,31,2016
516,26,41,2016
514,26,6,2016
14,26,38,2016
225,26,37,2016
350,26,8,2016
229,26,7,2016
788,26,48,2016
69,26,1,2016
6806,26,20,2016
82,26,30,2016
1165,26,11,2016
249,26,27,2016
108,26,33,2016
192,26,36,2016
100,26,13,2016
164,26,25,2016
771,26,2,2016
62,26,45,2016
557,26,42,2016
2077,26,3,2016
600,26,44,2016
396,26,19,2016
331,26,32,2016
385,26,14,2016
548,26,23,2016
3665,26,15,2016
175,26,22,2016
264,26,4,2016
882,26,12,2016
70,26,5,2016
137,26,43,2016
99,26,24,2016
358,41,17,2016
248,41,34,2016
305,41,46,2016
947,41,16,2016
391,41,21,2016
9,41,49,2016
8,41,39,2016
52,41,35,2016
1935,41,10,2016
912,41,18,2016
42,41,9,2016
854,41,28,2016
2248,41,47,2016
282,41,31,2016
118,41,26,2016
62,41,6,2016
96,41,38,2016
157,41,37,2016
155,41,8,2016
529,41,7,2016
110,41,48,2016
365,41,1,2016
652,41,20,2016
9,41,30,2016
41,41,11,2016
285,41,27,2016
31,41,36,2016
76,41,13,2016
380,41,25,2016
768,41,2,2016
19,41,45,2016
2467,41,42,2016
299,41,3,2016
224,41,44,2016
335,41,19,2016
9,41,40,2016
295,41,32,2016
11,41,14,2016
2830,41,23,2016
1597,41,15,2016
257,41,22,2016
14,41,29,2016
1117,41,4,2016
460,41,12,2016
372,41,5,2016
223,41,43,2016
98,41,24,2016
322,6,17,2016
145,6,34,2016
754,6,46,2016
1054,6,16,2016
718,6,21,2016
70,6,49,2016
42,6,35,2016
1148,6,10,2016
1485,6,18,2016
81,6,9,2016
260,6,28,2016
124,6,47,2016
122,6,31,2016
85,6,26,2016
290,6,41,2016
25,6,38,2016
86,6,37,2016
190,6,8,2016
137,6,7,2016
104,6,48,2016
1234,6,1,2016
614,6,20,2016
60,6,30,2016
26,6,11,2016
152,6,27,2016
6,6,33,2016
121,6,36,2016
100,6,13,2016
447,6,25,2016
547,6,2,2016
53,6,45,2016
431,6,42,2016
317,6,3,2016
164,6,44,2016
109,6,19,2016
319,6,32,2016
27,6,14,2016
428,6,23,2016
5984,6,15,2016
187,6,22,2016
490,6,4,2016
237,6,12,2016
76,6,5,2016
159,6,43,2016
32,6,24,2016
113,38,17,2016
266,38,34,2016
133,38,46,2016
1887,38,16,2016
292,38,21,2016
706,38,49,2016
87,38,39,2016
88,38,35,2016
2147,38,10,2016
612,38,18,2016
150,38,9,2016
135,38,28,2016
534,38,47,2016
307,38,31,2016
308,38,41,2016
26,38,6,2016
211,38,37,2016
2523,38,8,2016
333,38,7,2016
86,38,48,2016
166,38,20,2016
8,38,30,2016
16,38,11,2016
370,38,27,2016
2518,38,33,2016
362,38,36,2016
265,38,13,2016
1198,38,25,2016
994,38,2,2016
382,38,42,2016
61,38,3,2016
314,38,44,2016
578,38,19,2016
156,38,40,2016
585,38,32,2016
2102,38,23,2016
1159,38,15,2016
47,38,22,2016
742,38,29,2016
925,38,4,2016
199,38,12,2016
448,38,5,2016
47,38,43,2016
49,38,24,2016
316,37,17,2016
244,37,34,2016
53,37,46,2016
1771,37,16,2016
577,37,21,2016
285,37,49,2016
1163,37,39,2016
2128,37,35,2016
2939,37,10,2016
1099,37,18,2016
46,37,9,2016
356,37,28,2016
253,37,47,2016
89,37,31,2016
111,37,26,2016
181,37,41,2016
41,37,6,2016
55,37,38,2016
472,37,8,2016
348,37,7,2016
121,37,48,2016
86,37,1,2016
207,37,20,2016
124,37,30,2016
111,37,11,2016
42,37,27,2016
107,37,33,2016
860,37,36,2016
257,37,13,2016
1387,37,25,2016
1610,37,2,2016
434,37,42,2016
94,37,3,2016
279,37,44,2016
3289,37,19,2016
103,37,40,2016
1149,37,32,2016
4,37,14,2016
132,37,23,2016
1184,37,15,2016
135,37,22,2016
89,37,29,2016
4729,37,4,2016
455,37,12,2016
1182,37,5,2016
95,37,43,2016
1,37,24,2016
48,8,17,2016
590,8,34,2016
44,8,46,2016
2060,8,16,2016
321,8,21,2016
1248,8,49,2016
74,8,39,2016
289,8,35,2016
2913,8,10,2016
839,8,18,2016
61,8,9,2016
535,8,28,2016
135,8,47,2016
24,8,31,2016
181,8,26,2016
77,8,41,2016
150,8,6,2016
1142,8,38,2016
375,8,37,2016
381,8,7,2016
167,8,48,2016
8,8,1,2016
100,8,20,2016
11,8,30,2016
20,8,11,2016
57,8,27,2016
3086,8,33,2016
506,8,36,2016
70,8,13,2016
2619,8,25,2016
749,8,2,2016
9,8,45,2016
360,8,42,2016
30,8,3,2016
119,8,44,2016
1223,8,19,2016
1330,8,40,2016
443,8,32,2016
39,8,14,2016
312,8,23,2016
825,8,15,2016
57,8,22,2016
546,8,29,2016
797,8,4,2016
690,8,12,2016
3,8,5,2016
155,8,43,2016
220,7,17,2016
655,7,34,2016
93,7,46,2016
1149,7,16,2016
430,7,21,2016
61,7,49,2016
1,7,39,2016
92,7,35,2016
1962,7,10,2016
476,7,18,2016
38,7,9,2016
821,7,28,2016
899,7,47,2016
94,7,31,2016
15,7,26,2016
301,7,41,2016
103,7,6,2016
25,7,38,2016
215,7,37,2016
163,7,8,2016
225,7,48,2016
130,7,1,2016
439,7,20,2016
23,7,30,2016
66,7,11,2016
228,7,27,2016
41,7,33,2016
145,7,36,2016
139,7,13,2016
356,7,25,2016
685,7,2,2016
37,7,45,2016
1317,7,42,2016
158,7,3,2016
99,7,44,2016
229,7,19,2016
69,7,40,2016
322,7,32,2016
14,7,14,2016
397,7,23,2016
1008,7,15,2016
134,7,22,2016
5,7,29,2016
474,7,4,2016
449,7,12,2016
57,7,5,2016
545,7,43,2016
32,7,24,2016
22,48,17,2016
988,48,34,2016
81,48,46,2016
1973,48,16,2016
674,48,21,2016
141,48,49,2016
98,48,35,2016
1227,48,10,2016
573,48,18,2016
77,48,9,2016
645,48,28,2016
360,48,47,2016
1382,48,31,2016
215,48,26,2016
171,48,41,2016
75,48,6,2016
40,48,38,2016
119,48,37,2016
101,48,8,2016
481,48,7,2016
14,48,1,2016
342,48,20,2016
378,48,30,2016
299,48,11,2016
239,48,27,2016
44,48,33,2016
91,48,36,2016
146,48,13,2016
237,48,25,2016
322,48,2,2016
2115,48,45,2016
505,48,42,2016
95,48,3,2016
131,48,44,2016
281,48,19,2016
25,48,40,2016
112,48,32,2016
903,48,14,2016
449,48,23,2016
1230,48,15,2016
146,48,22,2016
1,48,29,2016
216,48,4,2016
751,48,12,2016
3265,48,43,2016
85,48,24,2016
2544,1,17,2016
190,1,34,2016
1237,1,46,2016
1062,1,16,2016
441,1,21,2016
35,1,39,2016
74,1,35,2016
2215,1,10,2016
1939,1,18,2016
538,1,28,2016
524,1,47,2016
198,1,31,2016
84,1,26,2016
572,1,41,2016
2747,1,6,2016
417,1,37,2016
16,1,8,2016
965,1,7,2016
45,1,48,2016
1000,1,20,2016
120,1,30,2016
152,1,11,2016
46,1,27,2016
123,1,33,2016
89,1,36,2016
268,1,25,2016
505,1,2,2016
141,1,45,2016
202,1,42,2016
289,1,3,2016
78,1,44,2016
133,1,19,2016
45,1,40,2016
254,1,32,2016
41,1,14,2016
2924,1,23,2016
2953,1,15,2016
62,1,22,2016
298,1,4,2016
230,1,12,2016
50,1,5,2016
30,1,43,2016
451,20,17,2016
609,20,34,2016
1135,20,46,2016
1245,20,16,2016
1026,20,21,2016
40,20,49,2016
37,20,39,2016
92,20,35,2016
1914,20,10,2016
620,20,18,2016
64,20,9,2016
2669,20,28,2016
388,20,47,2016
1069,20,31,2016
3708,20,26,2016
390,20,41,2016
165,20,6,2016
191,20,38,2016
84,20,37,2016
206,20,8,2016
528,20,7,2016
381,20,48,2016
169,20,1,2016
25,20,30,2016
360,20,11,2016
189,20,27,2016
59,20,33,2016
231,20,36,2016
279,20,13,2016
479,20,25,2016
749,20,2,2016
92,20,45,2016
362,20,42,2016
862,20,3,2016
196,20,44,2016
223,20,19,2016
14,20,40,2016
191,20,32,2016
82,20,14,2016
539,20,23,2016
2291,20,15,2016
345,20,22,2016
7,20,29,2016
457,20,4,2016
546,20,12,2016
20,20,5,2016
265,20,43,2016
2,20,24,2016
282,30,17,2016
2319,30,34,2016
34,30,46,2016
1222,30,16,2016
1281,30,21,2016
90,30,39,2016
16,30,35,2016
650,30,10,2016
282,30,18,2016
1369,30,9,2016
509,30,28,2016
289,30,31,2016
656,30,26,2016
28,30,41,2016
582,30,6,2016
24,30,38,2016
62,30,37,2016
1110,30,7,2016
519,30,48,2016
27,30,1,2016
157,30,11,2016
637,30,27,2016
30,30,33,2016
460,30,36,2016
163,30,13,2016
126,30,25,2016
133,30,2,2016
1255,30,45,2016
592,30,42,2016
462,30,3,2016
2716,30,44,2016
164,30,19,2016
80,30,40,2016
206,30,32,2016
449,30,14,2016
636,30,23,2016
1896,30,15,2016
1572,30,22,2016
101,30,4,2016
4522,30,12,2016
37,30,5,2016
152,30,43,2016
1255,30,24,2016
17,11,17,2016
688,11,34,2016
740,11,46,2016
984,11,16,2016
1600,11,21,2016
99,11,35,2016
981,11,10,2016
297,11,18,2016
34,11,9,2016
637,11,28,2016
56,11,47,2016
3574,11,31,2016
1480,11,26,2016
54,11,41,2016
76,11,6,2016
224,11,37,2016
313,11,8,2016
505,11,7,2016
1035,11,48,2016
378,11,1,2016
1450,11,20,2016
60,11,30,2016
258,11,27,2016
47,11,33,2016
152,11,36,2016
94,11,25,2016
86,11,2,2016
483,11,45,2016
215,11,42,2016
76,11,3,2016
337,11,44,2016
557,11,19,2016
102,11,40,2016
47,11,32,2016
946,11,14,2016
113,11,23,2016
3254,11,15,2016
274,11,22,2016
1023,11,4,2016
749,11,12,2016
246,11,43,2016
447,11,24,2016
87,27,17,2016
2519,27,34,2016
409,27,46,2016
8450,27,16,2016
1496,27,21,2016
11,27,49,2016
9,27,39,2016
122,27,35,2016
1464,27,10,2016
308,27,18,2016
1131,27,9,2016
505,27,28,2016
164,27,47,2016
240,27,31,2016
84,27,26,2016
238,27,41,2016
38,27,6,2016
175,27,37,2016
121,27,8,2016
597,27,7,2016
192,27,48,2016
159,27,1,2016
409,27,20,2016
335,27,30,2016
201,27,11,2016
136,27,33,2016
125,27,36,2016
452,27,13,2016
149,27,25,2016
723,27,2,2016
62,27,45,2016
730,27,42,2016
214,27,3,2016
559,27,44,2016
275,27,19,2016
33,27,40,2016
61,27,32,2016
33,27,14,2016
93,27,23,2016
2227,27,15,2016
1775,27,22,2016
790,27,4,2016
1217,27,12,2016
100,27,5,2016
385,27,43,2016
38,27,24,2016
166,33,34,2016
662,33,16,2016
1013,33,21,2016
558,33,49,2016
125,33,35,2016
3942,33,10,2016
429,33,18,2016
34,33,9,2016
552,33,28,2016
428,33,47,2016
57,33,31,2016
505,33,41,2016
4208,33,38,2016
45,33,37,2016
7881,33,8,2016
286,33,7,2016
130,33,48,2016
61,33,1,2016
105,33,20,2016
15,33,30,2016
189,33,11,2016
164,33,27,2016
83,33,36,2016
468,33,13,2016
1522,33,25,2016
1153,33,2,2016
286,33,45,2016
795,33,42,2016
292,33,3,2016
937,33,19,2016
687,33,40,2016
851,33,32,2016
253,33,23,2016
1148,33,15,2016
2447,33,29,2016
477,33,4,2016
584,33,12,2016
100,33,5,2016
310,33,43,2016
91,36,17,2016
447,36,34,2016
28,36,46,2016
1351,36,16,2016
307,36,21,2016
506,36,49,2016
637,36,39,2016
168,36,35,2016
3828,36,10,2016
586,36,18,2016
32,36,9,2016
308,36,28,2016
554,36,47,2016
115,36,31,2016
101,36,26,2016
64,36,41,2016
62,36,6,2016
212,36,38,2016
835,36,37,2016
674,36,8,2016
258,36,7,2016
47,36,48,2016
22,36,1,2016
71,36,20,2016
96,36,11,2016
278,36,27,2016
44,36,33,2016
44,36,13,2016
3804,36,25,2016
1319,36,2,2016
64,36,45,2016
509,36,42,2016
47,36,3,2016
110,36,44,2016
4522,36,19,2016
71,36,40,2016
413,36,32,2016
187,36,23,2016
983,36,15,2016
79,36,22,2016
157,36,29,2016
869,36,4,2016
370,36,12,2016
54,36,5,2016
58,36,43,2016
56,36,24,2016
394,13,17,2016
4519,13,34,2016
107,13,46,2016
3866,13,16,2016
2425,13,21,2016
1477,13,10,2016
567,13,18,2016
720,13,9,2016
147,13,28,2016
308,13,47,2016
196,13,31,2016
191,13,26,2016
48,13,41,2016
75,13,6,2016
76,13,38,2016
676,13,37,2016
381,13,8,2016
40,13,7,2016
121,13,48,2016
74,13,1,2016
499,13,20,2016
331,13,30,2016
184,13,11,2016
672,13,27,2016
67,13,36,2016
317,13,25,2016
220,13,2,2016
68,13,45,2016
263,13,42,2016
483,13,3,2016
1177,13,44,2016
322,13,19,2016
66,13,32,2016
185,13,14,2016
76,13,23,2016
6234,13,15,2016
416,13,22,2016
28,13,29,2016
988,13,4,2016
1067,13,12,2016
38,13,5,2016
339,13,43,2016
381,13,24,2016
155,25,17,2016
154,25,34,2016
30,25,46,2016
2082,25,16,2016
438,25,21,2016
1128,25,49,2016
112,25,39,2016
242,25,35,2016
3080,25,10,2016
1261,25,18,2016
34,25,9,2016
385,25,28,2016
131,25,47,2016
41,25,31,2016
142,25,26,2016
173,25,41,2016
95,25,6,2016
96,25,38,2016
591,25,37,2016
1114,25,8,2016
337,25,7,2016
82,25,48,2016
29,25,1,2016
128,25,20,2016
7,25,30,2016
29,25,11,2016
241,25,27,2016
197,25,33,2016
2473,25,36,2016
83,25,13,2016
1512,25,2,2016
6,25,45,2016
484,25,42,2016
104,25,3,2016
147,25,44,2016
2047,25,19,2016
134,25,40,2016
521,25,32,2016
4,25,14,2016
249,25,23,2016
927,25,15,2016
127,25,22,2016
162,25,29,2016
755,25,4,2016
360,25,12,2016
67,25,5,2016
75,25,43,2016
2,25,24,2016
632,2,17,2016
453,2,34,2016
92,2,46,2016
1405,2,16,2016
596,2,21,2016
162,2,49,2016
33,2,39,2016
134,2,35,2016
2828,2,10,2016
1747,2,18,2016
208,2,9,2016
431,2,28,2016
442,2,47,2016
172,2,31,2016
160,2,26,2016
350,2,41,2016
449,2,6,2016
102,2,38,2016
772,2,37,2016
360,2,8,2016
575,2,7,2016
128,2,48,2016
244,2,1,2016
177,2,20,2016
34,2,30,2016
45,2,11,2016
124,2,27,2016
109,2,33,2016
338,2,36,2016
97,2,13,2016
932,2,25,2016
15,2,45,2016
868,2,42,2016
187,2,3,2016
210,2,44,2016
910,2,19,2016
79,2,40,2016
2998,2,32,2016
9,2,14,2016
584,2,23,2016
1227,2,15,2016
189,2,22,2016
32,2,29,2016
2225,2,4,2016
713,2,12,2016
238,2,5,2016
113,2,43,2016
4,2,24,2016
2202,45,34,2016
51,45,46,2016
3531,45,16,2016
2387,45,21,2016
84,45,49,2016
110,45,35,2016
1493,45,10,2016
577,45,18,2016
938,45,9,2016
493,45,28,2016
660,45,47,2016
1336,45,31,2016
494,45,26,2016
373,45,41,2016
568,45,38,2016
82,45,37,2016
159,45,7,2016
14242,45,48,2016
31,45,1,2016
1080,45,20,2016
1826,45,30,2016
896,45,11,2016
441,45,27,2016
348,45,36,2016
405,45,25,2016
885,45,2,2016
387,45,42,2016
281,45,3,2016
532,45,44,2016
140,45,19,2016
149,45,40,2016
788,45,32,2016
2462,45,14,2016
80,45,23,2016
2685,45,15,2016
1678,45,22,2016
54,45,29,2016
106,45,4,2016
2678,45,12,2016
177,45,5,2016
813,45,43,2016
1117,45,24,2016
231,42,17,2016
329,42,34,2016
16,42,46,2016
829,42,16,2016
315,42,21,2016
96,42,49,2016
23,42,39,2016
56,42,35,2016
2548,42,10,2016
972,42,18,2016
32,42,9,2016
624,42,28,2016
1143,42,47,2016
108,42,31,2016
63,42,26,2016
1153,42,41,2016
118,42,6,2016
20,42,38,2016
369,42,37,2016
194,42,8,2016
1394,42,7,2016
220,42,48,2016
103,42,1,2016
286,42,20,2016
14,42,30,2016
25,42,11,2016
92,42,27,2016
35,42,33,2016
186,42,36,2016
74,42,13,2016
571,42,25,2016
830,42,2,2016
14,42,45,2016
110,42,3,2016
122,42,44,2016
919,42,19,2016
27,42,40,2016
570,42,32,2016
67,42,14,2016
619,42,23,2016
804,42,15,2016
71,42,22,2016
10,42,29,2016
660,42,4,2016
243,42,12,2016
625,42,5,2016
182,42,43,2016
27,42,24,2016
297,3,17,2016
1908,3,34,2016
1470,3,46,2016
1534,3,16,2016
974,3,21,2016
11,3,49,2016
31,3,35,2016
795,3,10,2016
492,3,18,2016
45,3,9,2016
186,3,28,2016
164,3,47,2016
192,3,31,2016
1428,3,26,2016
152,3,41,2016
460,3,6,2016
36,3,38,2016
97,3,37,2016
300,3,8,2016
250,3,7,2016
392,3,48,2016
194,3,1,2016
1075,3,20,2016
234,3,30,2016
191,3,11,2016
56,3,27,2016
17,3,33,2016
72,3,36,2016
260,3,13,2016
355,3,25,2016
763,3,2,2016
86,3,45,2016
562,3,42,2016
556,3,44,2016
287,3,19,2016
14,3,40,2016
303,3,32,2016
5,3,14,2016
378,3,23,2016
7776,3,15,2016
304,3,22,2016
940,3,4,2016
519,3,12,2016
3,3,5,2016
357,3,43,2016
171,3,24,2016
121,44,17,2016
2268,44,34,2016
95,44,46,2016
4625,44,16,2016
849,44,21,2016
15,44,49,2016
30,44,35,2016
307,44,10,2016
540,44,18,2016
693,44,9,2016
250,44,28,2016
338,44,47,2016
3,44,31,2016
139,44,26,2016
69,44,41,2016
148,44,6,2016
45,44,38,2016
127,44,37,2016
170,44,8,2016
181,44,7,2016
259,44,48,2016
150,44,1,2016
423,44,20,2016
400,44,30,2016
76,44,11,2016
221,44,27,2016
46,44,36,2016
216,44,13,2016
612,44,25,2016
308,44,2,2016
84,44,45,2016
362,44,42,2016
155,44,3,2016
613,44,19,2016
22,44,40,2016
162,44,32,2016
57,44,14,2016
158,44,23,2016
905,44,15,2016
682,44,22,2016
96,44,29,2016
221,44,4,2016
7917,44,12,2016
338,44,43,2016
148,44,24,2016
78,19,17,2016
363,19,34,2016
89,19,46,2016
1024,19,16,2016
358,19,21,2016
268,19,49,2016
793,19,39,2016
193,19,35,2016
2367,19,10,2016
654,19,18,2016
83,19,9,2016
297,19,28,2016
169,19,47,2016
55,19,31,2016
36,19,26,2016
163,19,41,2016
75,19,6,2016
77,19,38,2016
1053,19,37,2016
562,19,8,2016
245,19,7,2016
92,19,48,2016
57,19,1,2016
238,19,20,2016
33,19,30,2016
37,19,11,2016
79,19,27,2016
140,19,33,2016
1843,19,36,2016
136,19,13,2016
1794,19,25,2016
1056,19,2,2016
2,19,45,2016
1128,19,42,2016
109,19,3,2016
153,19,44,2016
70,19,40,2016
615,19,32,2016
11,19,14,2016
213,19,23,2016
920,19,15,2016
155,19,22,2016
113,19,29,2016
1104,19,4,2016
121,19,12,2016
487,19,5,2016
119,19,43,2016
208,19,24,2016
48,40,34,2016
2143,40,16,2016
59,40,21,2016
3080,40,49,2016
253,40,35,2016
4631,40,10,2016
377,40,18,2016
338,40,28,2016
23,40,31,2016
363,40,26,2016
160,40,6,2016
1088,40,38,2016
878,40,37,2016
9250,40,8,2016
422,40,7,2016
11,40,1,2016
110,40,20,2016
934,40,11,2016
206,40,27,2016
881,40,33,2016
122,40,36,2016
2,40,13,2016
951,40,25,2016
848,40,2,2016
631,40,42,2016
147,40,44,2016
1139,40,19,2016
669,40,32,2016
423,40,14,2016
1287,40,15,2016
247,40,29,2016
1201,40,4,2016
352,40,12,2016
76,40,43,2016
595,32,17,2016
356,32,34,2016
14,32,46,2016
1036,32,16,2016
392,32,21,2016
212,32,49,2016
42,32,39,2016
77,32,35,2016
3207,32,10,2016
2258,32,18,2016
18,32,9,2016
192,32,28,2016
328,32,47,2016
27,32,31,2016
35,32,26,2016
277,32,41,2016
200,32,6,2016
69,32,38,2016
332,32,37,2016
346,32,8,2016
429,32,7,2016
81,32,48,2016
227,32,1,2016
502,32,20,2016
58,32,30,2016
101,32,11,2016
264,32,27,2016
306,32,36,2016
117,32,13,2016
951,32,25,2016
6472,32,2,2016
501,32,42,2016
223,32,3,2016
107,32,44,2016
319,32,19,2016
70,32,40,2016
438,32,23,2016
1607,32,15,2016
154,32,22,2016
7,32,29,2016
1684,32,4,2016
277,32,12,2016
87,32,5,2016
104,32,43,2016
67,32,24,2016
60,14,17,2016
2790,14,34,2016
1544,14,16,2016
2010,14,21,2016
26,14,39,2016
619,14,10,2016
389,14,18,2016
164,14,9,2016
517,14,28,2016
1381,14,31,2016
676,14,26,2016
368,14,41,2016
136,14,6,2016
229,14,37,2016
158,14,8,2016
92,14,7,2016
5940,14,48,2016
971,14,20,2016
185,14,30,2016
1873,14,11,2016
900,14,27,2016
368,14,36,2016
11,14,13,2016
184,14,25,2016
860,14,2,2016
2754,14,45,2016
251,14,42,2016
224,14,3,2016
704,14,44,2016
187,14,19,2016
140,14,40,2016
683,14,32,2016
239,14,23,2016
996,14,15,2016
921,14,22,2016
717,14,29,2016
164,14,4,2016
1339,14,12,2016
143,14,5,2016
1010,14,43,2016
988,14,24,2016
1498,23,17,2016
275,23,34,2016
396,23,46,2016
926,23,16,2016
607,23,21,2016
59,23,49,2016
5,23,39,2016
68,23,35,2016
2805,23,10,2016
3033,23,18,2016
9,23,9,2016
1042,23,28,2016
448,23,47,2016
188,23,31,2016
263,23,26,2016
1825,23,41,2016
328,23,6,2016
69,23,38,2016
344,23,37,2016
117,23,8,2016
775,23,7,2016
209,23,48,2016
1507,23,1,2016
605,23,20,2016
20,23,30,2016
40,23,11,2016
178,23,27,2016
14,23,33,2016
241,23,36,2016
259,23,13,2016
550,23,25,2016
1238,23,2,2016
26,23,45,2016
1174,23,42,2016
196,23,3,2016
175,23,44,2016
413,23,19,2016
87,23,40,2016
558,23,32,2016
22,23,14,2016
2342,23,15,2016
145,23,22,2016
1127,23,4,2016
552,23,12,2016
286,23,5,2016
164,23,43,2016
1,23,24,2016
275,15,17,2016
534,15,34,2016
483,15,46,2016
1401,15,16,2016
742,15,21,2016
95,15,49,2016
18,15,39,2016
79,15,35,2016
1116,15,10,2016
716,15,18,2016
93,15,9,2016
476,15,28,2016
336,15,47,2016
123,15,31,2016
361,15,26,2016
200,15,41,2016
785,15,6,2016
21,15,38,2016
187,15,37,2016
123,15,8,2016
375,15,7,2016
173,15,48,2016
144,15,1,2016
411,15,20,2016
77,15,30,2016
96,15,11,2016
119,15,27,2016
54,15,33,2016
198,15,36,2016
614,15,13,2016
335,15,25,2016
429,15,2,2016
49,15,45,2016
312,15,42,2016
1005,15,3,2016
192,15,44,2016
447,15,19,2016
38,15,40,2016
264,15,32,2016
69,15,14,2016
423,15,23,2016
267,15,22,2016
568,15,4,2016
573,15,12,2016
48,15,5,2016
162,15,43,2016
68,15,24,2016
172,22,17,2016
3280,22,34,2016
203,22,46,2016
3653,22,16,2016
1197,22,21,2016
81,22,35,2016
1160,22,10,2016
303,22,18,2016
2434,22,9,2016
398,22,28,2016
83,22,47,2016
163,22,31,2016
277,22,26,2016
287,22,41,2016
92,22,6,2016
193,22,38,2016
127,22,37,2016
172,22,8,2016
236,22,7,2016
600,22,48,2016
15,22,1,2016
418,22,20,2016
441,22,30,2016
349,22,11,2016
1071,22,27,2016
201,22,33,2016
34,22,36,2016
205,22,13,2016
351,22,25,2016
417,22,2,2016
12,22,45,2016
533,22,42,2016
257,22,3,2016
1067,22,44,2016
662,22,19,2016
19,22,40,2016
139,22,32,2016
217,22,14,2016
59,22,23,2016
2985,22,15,2016
25,22,29,2016
495,22,4,2016
1776,22,12,2016
58,22,5,2016
406,22,43,2016
431,22,24,2016
1310,29,34,2016
641,29,16,2016
1037,29,21,2016
1813,29,49,2016
179,29,39,2016
2608,29,10,2016
1170,29,18,2016
1473,29,28,2016
190,29,47,2016
219,29,31,2016
113,29,26,2016
195,29,6,2016
1059,29,38,2016
556,29,37,2016
5172,29,8,2016
679,29,7,2016
64,29,48,2016
97,29,20,2016
182,29,30,2016
59,29,27,2016
4472,29,33,2016
577,29,36,2016
6245,29,25,2016
974,29,2,2016
697,29,42,2016
97,29,3,2016
253,29,44,2016
968,29,19,2016
540,29,40,2016
495,29,23,2016
404,29,15,2016
354,29,22,2016
1398,29,4,2016
1191,29,12,2016
221,29,43,2016
420,4,17,2016
1047,4,34,2016
158,4,46,2016
1706,4,16,2016
849,4,21,2016
275,4,49,2016
121,4,39,2016
1170,4,35,2016
3505,4,10,2016
1378,4,18,2016
47,4,9,2016
930,4,28,2016
379,4,47,2016
78,4,31,2016
215,4,26,2016
373,4,41,2016
302,4,6,2016
151,4,38,2016
2844,4,37,2016
495,4,8,2016
236,4,7,2016
127,4,48,2016
146,4,1,2016
346,4,20,2016
111,4,11,2016
155,4,27,2016
82,4,33,2016
635,4,36,2016
95,4,13,2016
1279,4,25,2016
4237,4,2,2016
29,4,45,2016
694,4,42,2016
156,4,3,2016
254,4,44,2016
1520,4,19,2016
84,4,40,2016
960,4,32,2016
85,4,14,2016
794,4,23,2016
2337,4,15,2016
165,4,22,2016
28,4,29,2016
455,4,12,2016
726,4,5,2016
265,4,43,2016
10,4,24,2016
92,12,17,2016
1905,12,34,2016
309,12,46,2016
3834,12,16,2016
615,12,21,2016
86,12,49,2016
24,12,39,2016
57,12,35,2016
843,12,10,2016
448,12,18,2016
1275,12,9,2016
497,12,28,2016
164,12,47,2016
227,12,31,2016
258,12,26,2016
42,12,41,2016
207,12,6,2016
124,12,38,2016
298,12,37,2016
200,12,8,2016
253,12,7,2016
365,12,48,2016
272,12,1,2016
399,12,20,2016
703,12,30,2016
111,12,11,2016
635,12,27,2016
1,12,33,2016
73,12,36,2016
252,12,13,2016
675,12,25,2016
651,12,2,2016
97,12,45,2016
469,12,42,2016
227,12,3,2016
3318,12,44,2016
517,12,19,2016
54,12,40,2016
266,12,32,2016
133,12,14,2016
299,12,23,2016
1965,12,15,2016
695,12,22,2016
22,12,29,2016
675,12,4,2016
29,12,5,2016
223,12,43,2016
195,12,24,2016
22,5,17,2016
774,5,34,2016
40,5,46,2016
628,5,16,2016
168,5,21,2016
156,5,49,2016
86,5,39,2016
161,5,35,2016
2173,5,10,2016
457,5,18,2016
66,5,9,2016
480,5,28,2016
85,5,47,2016
110,5,31,2016
1599,5,41,2016
320,5,6,2016
58,5,38,2016
2590,5,37,2016
159,5,8,2016
237,5,7,2016
180,5,48,2016
141,5,1,2016
280,5,20,2016
60,5,30,2016
24,5,11,2016
7,5,27,2016
162,5,33,2016
191,5,36,2016
83,5,13,2016
820,5,25,2016
2032,5,2,2016
78,5,45,2016
4765,5,42,2016
95,5,3,2016
76,5,44,2016
2173,5,19,2016
1312,5,32,2016
71,5,14,2016
682,5,23,2016
499,5,15,2016
27,5,22,2016
12,5,29,2016
3614,5,4,2016
174,5,12,2016
60,5,43,2016
92,5,24,2016
151,43,17,2016
1166,43,34,2016
93,43,46,2016
1273,43,16,2016
561,43,21,2016
41,43,49,2016
41,43,35,2016
1957,43,10,2016
220,43,18,2016
43,43,9,2016
2701,43,28,2016
426,43,47,2016
666,43,31,2016
21,43,26,2016
227,43,41,2016
123,43,6,2016
56,43,38,2016
125,43,37,2016
257,43,8,2016
876,43,7,2016
3236,43,48,2016
252,43,1,2016
316,43,20,2016
162,43,30,2016
38,43,11,2016
154,43,27,2016
14,43,33,2016
57,43,36,2016
57,43,13,2016
482,43,25,2016
450,43,2,2016
96,43,45,2016
287,43,42,2016
143,43,3,2016
96,43,44,2016
404,43,19,2016
56,43,40,2016
215,43,32,2016
177,43,14,2016
226,43,23,2016
853,43,15,2016
68,43,22,2016
9,43,29,2016
325,43,4,2016
336,43,12,2016
119,43,24,2016
922,24,17,2016
1583,24,34,2016
304,24,46,2016
4577,24,16,2016
6259,24,21,2016
777,24,10,2016
37,24,18,2016
5186,24,9,2016
463,24,28,2016
292,24,31,2016
135,24,26,2016
277,24,6,2016
284,24,8,2016
2362,24,7,2016
1448,24,48,2016
924,24,20,2016
2454,24,30,2016
2192,24,11,2016
2885,24,27,2016
338,24,13,2016
142,24,25,2016
248,24,2,2016
585,24,45,2016
306,24,42,2016
511,24,3,2016
963,24,44,2016
321,24,19,2016
869,24,32,2016
3503,24,14,2016
42,24,23,2016
1252,24,15,2016
1292,24,22,2016
82,24,4,2016
1482,24,12,2016
718,24,43,2016
274,17,34,2017
117,17,46,2017
762,17,16,2017
640,17,21,2017
42,17,49,2017
103,17,39,2017
101,17,35,2017
1926,17,10,2017
3132,17,18,2017
11,17,9,2017
345,17,28,2017
249,17,47,2017
167,17,31,2017
56,17,26,2017
584,17,41,2017
580,17,6,2017
50,17,38,2017
132,17,37,2017
43,17,8,2017
752,17,7,2017
100,17,48,2017
1217,17,1,2017
516,17,20,2017
61,17,30,2017
86,17,11,2017
39,17,27,2017
22,17,33,2017
34,17,36,2017
157,17,13,2017
379,17,25,2017
928,17,2,2017
10,17,45,2017
510,17,42,2017
232,17,3,2017
36,17,44,2017
290,17,19,2017
27,17,40,2017
437,17,32,2017
29,17,14,2017
1953,17,23,2017
2099,17,15,2017
132,17,22,2017
480,17,4,2017
329,17,12,2017
49,17,5,2017
155,17,43,2017
54,17,24,2017
214,34,17,2017
150,34,46,2017
3819,34,16,2017
960,34,21,2017
91,34,49,2017
10,34,39,2017
77,34,35,2017
791,34,10,2017
882,34,18,2017
216,34,9,2017
590,34,28,2017
134,34,47,2017
333,34,31,2017
199,34,26,2017
47,34,41,2017
73,34,6,2017
45,34,38,2017
239,34,37,2017
146,34,8,2017
702,34,7,2017
367,34,48,2017
78,34,1,2017
400,34,20,2017
54,34,30,2017
206,34,11,2017
781,34,27,2017
26,34,33,2017
127,34,36,2017
1012,34,13,2017
543,34,25,2017
798,34,2,2017
80,34,45,2017
446,34,42,2017
274,34,3,2017
984,34,44,2017
463,34,19,2017
14,34,40,2017
337,34,32,2017
57,34,14,2017
358,34,23,2017
2111,34,15,2017
1156,34,22,2017
18,34,29,2017
367,34,4,2017
1665,34,12,2017
1,34,5,2017
241,34,43,2017
31,34,24,2017
172,46,17,2017
587,46,34,2017
1156,46,16,2017
451,46,21,2017
53,46,49,2017
34,46,35,2017
1008,46,10,2017
684,46,18,2017
88,46,9,2017
863,46,28,2017
283,46,47,2017
230,46,31,2017
408,46,26,2017
113,46,41,2017
1095,46,6,2017
3,46,38,2017
136,46,37,2017
68,46,8,2017
274,46,7,2017
211,46,48,2017
749,46,1,2017
2185,46,20,2017
299,46,30,2017
88,46,11,2017
183,46,27,2017
61,46,33,2017
58,46,36,2017
85,46,13,2017
402,46,25,2017
248,46,2,2017
15,46,45,2017
227,46,42,2017
2277,46,3,2017
175,46,44,2017
97,46,19,2017
58,46,40,2017
77,46,32,2017
27,46,14,2017
1946,46,23,2017
4738,46,15,2017
58,46,22,2017
394,46,4,2017
357,46,12,2017
200,46,43,2017
240,46,24,2017
59,16,17,2017
1504,16,34,2017
135,16,46,2017
686,16,21,2017
71,16,49,2017
14,16,39,2017
95,16,35,2017
785,16,10,2017
306,16,18,2017
543,16,9,2017
407,16,28,2017
256,16,47,2017
66,16,31,2017
165,16,26,2017
113,16,41,2017
140,16,6,2017
40,16,38,2017
228,16,37,2017
323,16,8,2017
276,16,7,2017
140,16,48,2017
119,16,1,2017
277,16,20,2017
138,16,30,2017
94,16,11,2017
1207,16,27,2017
61,16,33,2017
202,16,36,2017
175,16,13,2017
634,16,25,2017
570,16,2,2017
102,16,45,2017
286,16,42,2017
182,16,3,2017
1273,16,44,2017
279,16,19,2017
61,16,40,2017
193,16,32,2017
91,16,14,2017
200,16,23,2017
1605,16,15,2017
432,16,22,2017
31,16,29,2017
368,16,4,2017
1333,16,12,2017
14,16,5,2017
120,16,43,2017
59,16,24,2017
351,21,17,2017
2282,21,34,2017
453,21,46,2017
4461,21,16,2017
65,21,49,2017
25,21,39,2017
197,21,35,2017
2149,21,10,2017
887,21,18,2017
681,21,9,2017
921,21,28,2017
301,21,47,2017
402,21,31,2017
1046,21,26,2017
109,21,41,2017
280,21,6,2017
151,21,38,2017
388,21,37,2017
330,21,8,2017
534,21,7,2017
752,21,48,2017
178,21,1,2017
761,21,20,2017
399,21,30,2017
805,21,11,2017
1517,21,27,2017
91,21,33,2017
195,21,36,2017
637,21,13,2017
553,21,25,2017
716,21,2,2017
177,21,45,2017
571,21,42,2017
619,21,3,2017
567,21,44,2017
496,21,19,2017
75,21,40,2017
312,21,32,2017
228,21,14,2017
324,21,23,2017
3567,21,15,2017
824,21,22,2017
122,21,29,2017
827,21,4,2017
1509,21,12,2017
82,21,5,2017
374,21,43,2017
758,21,24,2017
94,49,17,2017
204,49,34,2017
1660,49,16,2017
503,49,21,2017
48,49,39,2017
321,49,35,2017
3148,49,10,2017
620,49,18,2017
520,49,28,2017
115,49,47,2017
41,49,31,2017
115,49,26,2017
223,49,41,2017
113,49,6,2017
472,49,38,2017
483,49,37,2017
2557,49,8,2017
219,49,7,2017
260,49,48,2017
40,49,1,2017
118,49,20,2017
193,49,27,2017
824,49,33,2017
1489,49,36,2017
4852,49,25,2017
1617,49,2,2017
693,49,42,2017
27,49,3,2017
99,49,44,2017
1101,49,19,2017
893,49,40,2017
959,49,32,2017
563,49,23,2017
661,49,15,2017
79,49,22,2017
234,49,29,2017
942,49,4,2017
366,49,12,2017
11,49,5,2017
78,49,43,2017
53,49,24,2017
22,39,17,2017
846,39,34,2017
513,39,16,2017
798,39,21,2017
483,39,49,2017
391,39,35,2017
4003,39,10,2017
1041,39,18,2017
131,39,9,2017
125,39,28,2017
99,39,31,2017
583,39,41,2017
116,39,38,2017
5701,39,37,2017
1653,39,8,2017
75,39,7,2017
136,39,48,2017
71,39,1,2017
65,39,20,2017
11,39,11,2017
540,39,27,2017
1612,39,36,2017
1257,39,25,2017
1239,39,2,2017
174,39,45,2017
424,39,42,2017
88,39,44,2017
9315,39,19,2017
484,39,32,2017
677,39,23,2017
310,39,15,2017
14,39,29,2017
2202,39,4,2017
985,39,12,2017
376,39,5,2017
419,39,43,2017
250,39,24,2017
543,35,17,2017
520,35,34,2017
9811,35,16,2017
1241,35,21,2017
595,35,49,2017
454,35,39,2017
870,35,10,2017
1549,35,18,2017
1431,35,28,2017
359,35,47,2017
7,35,26,2017
73,35,41,2017
143,35,6,2017
178,35,38,2017
32826,35,37,2017
2042,35,8,2017
640,35,7,2017
742,35,48,2017
244,35,20,2017
67,35,30,2017
14,35,11,2017
358,35,27,2017
146,35,33,2017
952,35,36,2017
198,35,13,2017
6333,35,25,2017
3141,35,2,2017
1676,35,42,2017
51,35,3,2017
86,35,44,2017
4804,35,19,2017
463,35,32,2017
463,35,23,2017
1880,35,15,2017
720,35,22,2017
375,35,29,2017
14517,35,4,2017
2073,35,12,2017
413,35,5,2017
210,35,43,2017
675,10,17,2017
406,10,34,2017
72,10,46,2017
1173,10,16,2017
590,10,21,2017
314,10,49,2017
63,10,39,2017
56,10,35,2017
2243,10,18,2017
87,10,9,2017
501,10,28,2017
430,10,47,2017
188,10,31,2017
126,10,26,2017
301,10,41,2017
210,10,6,2017
145,10,38,2017
369,10,37,2017
548,10,8,2017
690,10,7,2017
167,10,48,2017
213,10,1,2017
316,10,20,2017
57,10,30,2017
98,10,11,2017
277,10,27,2017
118,10,33,2017
431,10,36,2017
49,10,13,2017
1342,10,25,2017
1602,10,2,2017
59,10,45,2017
755,10,42,2017
201,10,3,2017
155,10,44,2017
815,10,19,2017
191,10,40,2017
702,10,32,2017
27,10,14,2017
928,10,23,2017
1609,10,15,2017
49,10,22,2017
78,10,29,2017
852,10,4,2017
491,10,12,2017
125,10,5,2017
262,10,43,2017
7,10,24,2017
2148,18,17,2017
506,18,34,2017
173,18,46,2017
982,18,16,2017
452,18,21,2017
147,18,49,2017
17,18,39,2017
144,18,35,2017
3727,18,10,2017
42,18,9,2017
424,18,28,2017
405,18,47,2017
237,18,31,2017
239,18,26,2017
254,18,41,2017
324,18,6,2017
119,18,38,2017
609,18,37,2017
354,18,8,2017
556,18,7,2017
215,18,48,2017
763,18,1,2017
270,18,20,2017
10,18,30,2017
56,18,11,2017
119,18,27,2017
69,18,33,2017
297,18,36,2017
39,18,13,2017
1088,18,25,2017
1622,18,2,2017
5,18,45,2017
589,18,42,2017
207,18,3,2017
125,18,44,2017
504,18,19,2017
88,18,40,2017
1218,18,32,2017
24,18,14,2017
1620,18,23,2017
1554,18,15,2017
213,18,22,2017
7,18,29,2017
836,18,4,2017
516,18,12,2017
62,18,5,2017
172,18,43,2017
68,9,17,2017
2323,9,34,2017
338,9,46,2017
3275,9,16,2017
1737,9,21,2017
93,9,35,2017
791,9,10,2017
1062,9,18,2017
390,9,28,2017
22,9,47,2017
585,9,31,2017
31,9,26,2017
18,9,41,2017
104,9,38,2017
202,9,37,2017
426,9,8,2017
125,9,7,2017
121,9,48,2017
450,9,20,2017
697,9,30,2017
392,9,11,2017
1895,9,27,2017
186,9,36,2017
353,9,13,2017
633,9,25,2017
56,9,2,2017
499,9,45,2017
384,9,42,2017
196,9,3,2017
2587,9,44,2017
257,9,19,2017
19,9,40,2017
237,9,32,2017
25,9,14,2017
327,9,23,2017
1476,9,15,2017
3924,9,22,2017
62,9,4,2017
5800,9,12,2017
69,9,5,2017
151,9,43,2017
349,9,24,2017
187,28,17,2017
1024,28,34,2017
176,28,46,2017
2122,28,16,2017
833,28,21,2017
54,28,49,2017
67,28,39,2017
213,28,35,2017
2240,28,10,2017
941,28,18,2017
27,28,9,2017
2310,28,47,2017
1017,28,31,2017
222,28,26,2017
417,28,41,2017
143,28,6,2017
11,28,38,2017
204,28,37,2017
180,28,8,2017
1088,28,7,2017
571,28,48,2017
204,28,1,2017
1781,28,20,2017
65,28,30,2017
126,28,11,2017
214,28,27,2017
75,28,33,2017
196,28,36,2017
101,28,13,2017
538,28,25,2017
470,28,2,2017
23,28,45,2017
757,28,42,2017
153,28,3,2017
321,28,44,2017
394,28,19,2017
16,28,40,2017
306,28,32,2017
13,28,14,2017
968,28,23,2017
2051,28,15,2017
141,28,22,2017
103,28,29,2017
509,28,4,2017
692,28,12,2017
15,28,5,2017
2109,28,43,2017
12,28,24,2017
344,47,17,2017
507,47,34,2017
271,47,46,2017
779,47,16,2017
413,47,21,2017
80,47,49,2017
6,47,39,2017
106,47,35,2017
1777,47,10,2017
498,47,18,2017
25,47,9,2017
2552,47,28,2017
208,47,31,2017
215,47,26,2017
1530,47,41,2017
49,47,6,2017
14,47,38,2017
283,47,37,2017
170,47,8,2017
1377,47,7,2017
376,47,48,2017
294,47,1,2017
313,47,20,2017
47,47,30,2017
25,47,11,2017
129,47,27,2017
46,47,33,2017
132,47,36,2017
176,47,13,2017
399,47,25,2017
659,47,2,2017
11,47,45,2017
1502,47,42,2017
195,47,3,2017
112,47,44,2017
550,47,19,2017
37,47,40,2017
441,47,32,2017
712,47,23,2017
1428,47,15,2017
124,47,22,2017
235,47,4,2017
175,47,12,2017
73,47,5,2017
341,47,43,2017
2,47,24,2017
199,31,17,2017
1089,31,34,2017
56,31,46,2017
1325,31,16,2017
966,31,21,2017
5,31,35,2017
1103,31,10,2017
343,31,18,2017
2812,31,28,2017
580,31,47,2017
674,31,26,2017
177,31,41,2017
150,31,6,2017
121,31,37,2017
105,31,8,2017
626,31,7,2017
1868,31,48,2017
86,31,1,2017
1807,31,20,2017
81,31,30,2017
2809,31,11,2017
108,31,27,2017
21,31,33,2017
7,31,36,2017
154,31,13,2017
652,31,25,2017
311,31,2,2017
207,31,45,2017
536,31,42,2017
414,31,3,2017
174,31,44,2017
188,31,19,2017
21,31,40,2017
49,31,32,2017
789,31,14,2017
106,31,23,2017
1937,31,15,2017
25,31,22,2017
25,31,29,2017
488,31,4,2017
275,31,12,2017
57,31,5,2017
960,31,43,2017
162,31,24,2017
222,26,17,2017
861,26,34,2017
694,26,46,2017
1788,26,16,2017
2287,26,21,2017
1160,26,10,2017
1792,26,18,2017
416,26,28,2017
546,26,47,2017
995,26,31,2017
367,26,41,2017
199,26,6,2017
155,26,37,2017
237,26,8,2017
503,26,7,2017
229,26,48,2017
100,26,1,2017
7595,26,20,2017
91,26,30,2017
803,26,11,2017
84,26,27,2017
429,26,36,2017
46,26,13,2017
474,26,25,2017
546,26,2,2017
33,26,45,2017
745,26,42,2017
2805,26,3,2017
446,26,44,2017
154,26,19,2017
283,26,32,2017
114,26,14,2017
617,26,23,2017
4004,26,15,2017
126,26,22,2017
20,26,29,2017
952,26,4,2017
773,26,12,2017
139,26,5,2017
152,26,43,2017
36,26,24,2017
484,41,17,2017
383,41,34,2017
274,41,46,2017
770,41,16,2017
493,41,21,2017
50,41,49,2017
4,41,39,2017
64,41,35,2017
2192,41,10,2017
499,41,18,2017
60,41,9,2017
670,41,28,2017
2537,41,47,2017
104,41,31,2017
37,41,26,2017
99,41,6,2017
9,41,38,2017
201,41,37,2017
208,41,8,2017
888,41,7,2017
80,41,48,2017
182,41,1,2017
356,41,20,2017
15,41,30,2017
110,41,11,2017
121,41,27,2017
10,41,33,2017
70,41,36,2017
43,41,13,2017
273,41,25,2017
343,41,2,2017
5,41,45,2017
3466,41,42,2017
306,41,3,2017
28,41,44,2017
479,41,19,2017
548,41,32,2017
2950,41,23,2017
1473,41,15,2017
239,41,22,2017
621,41,4,2017
88,41,12,2017
203,41,5,2017
197,41,43,2017
494,6,17,2017
465,6,34,2017
613,6,46,2017
1106,6,16,2017
469,6,21,2017
153,6,49,2017
15,6,39,2017
98,6,35,2017
1370,6,10,2017
1365,6,18,2017
60,6,9,2017
225,6,28,2017
261,6,47,2017
70,6,31,2017
124,6,26,2017
257,6,41,2017
97,6,38,2017
84,6,37,2017
202,6,8,2017
353,6,7,2017
80,6,48,2017
1734,6,1,2017
410,6,20,2017
48,6,30,2017
56,6,11,2017
95,6,27,2017
10,6,33,2017
63,6,36,2017
189,6,13,2017
303,6,25,2017
747,6,2,2017
45,6,45,2017
176,6,42,2017
512,6,3,2017
312,6,44,2017
224,6,19,2017
60,6,40,2017
343,6,32,2017
269,6,14,2017
559,6,23,2017
6144,6,15,2017
67,6,22,2017
31,6,29,2017
579,6,4,2017
514,6,12,2017
33,6,5,2017
224,6,43,2017
28,6,24,2017
41,38,17,2017
145,38,34,2017
1931,38,16,2017
335,38,21,2017
469,38,49,2017
91,38,35,2017
2217,38,10,2017
98,38,18,2017
202,38,9,2017
129,38,28,2017
40,38,31,2017
17,38,26,2017
147,38,37,2017
3071,38,8,2017
257,38,7,2017
122,38,48,2017
171,38,1,2017
112,38,30,2017
61,38,27,2017
2959,38,33,2017
190,38,36,2017
1207,38,25,2017
759,38,2,2017
276,38,42,2017
35,38,3,2017
152,38,44,2017
866,38,19,2017
326,38,40,2017
386,38,32,2017
66,38,14,2017
439,38,23,2017
485,38,15,2017
113,38,22,2017
467,38,29,2017
850,38,4,2017
422,38,12,2017
29,38,5,2017
677,38,43,2017
132,37,17,2017
183,37,34,2017
236,37,46,2017
1876,37,16,2017
567,37,21,2017
164,37,49,2017
1618,37,39,2017
1798,37,35,2017
3138,37,10,2017
668,37,18,2017
50,37,9,2017
445,37,28,2017
181,37,47,2017
96,37,31,2017
103,37,26,2017
234,37,41,2017
125,37,6,2017
14,37,38,2017
447,37,8,2017
244,37,7,2017
155,37,48,2017
157,37,1,2017
310,37,20,2017
31,37,30,2017
77,37,11,2017
226,37,27,2017
138,37,33,2017
799,37,36,2017
155,37,13,2017
1410,37,25,2017
1809,37,2,2017
15,37,45,2017
733,37,42,2017
163,37,3,2017
229,37,44,2017
3300,37,19,2017
42,37,40,2017
543,37,32,2017
50,37,14,2017
248,37,23,2017
1625,37,15,2017
187,37,22,2017
46,37,29,2017
4246,37,4,2017
435,37,12,2017
782,37,5,2017
99,37,43,2017
18,37,24,2017
65,8,17,2017
347,8,34,2017
14,8,46,2017
2445,8,16,2017
405,8,21,2017
1749,8,49,2017
57,8,39,2017
389,8,35,2017
2654,8,10,2017
413,8,18,2017
437,8,28,2017
139,8,47,2017
41,8,31,2017
60,8,26,2017
80,8,41,2017
51,8,6,2017
1103,8,38,2017
414,8,37,2017
258,8,7,2017
186,8,48,2017
26,8,1,2017
295,8,20,2017
4,8,30,2017
25,8,11,2017
122,8,27,2017
3168,8,33,2017
378,8,36,2017
50,8,13,2017
2153,8,25,2017
1108,8,2,2017
19,8,45,2017
441,8,42,2017
36,8,3,2017
119,8,44,2017
885,8,19,2017
1738,8,40,2017
380,8,32,2017
161,8,23,2017
802,8,15,2017
94,8,22,2017
579,8,29,2017
509,8,4,2017
537,8,12,2017
28,8,5,2017
95,8,43,2017
182,7,17,2017
566,7,34,2017
96,7,46,2017
1156,7,16,2017
266,7,21,2017
37,7,49,2017
44,7,39,2017
81,7,35,2017
1922,7,10,2017
526,7,18,2017
63,7,9,2017
1082,7,28,2017
839,7,47,2017
63,7,31,2017
37,7,26,2017
160,7,41,2017
200,7,6,2017
22,7,38,2017
137,7,37,2017
275,7,8,2017
467,7,48,2017
42,7,1,2017
252,7,20,2017
75,7,30,2017
90,7,11,2017
202,7,27,2017
10,7,33,2017
168,7,36,2017
49,7,13,2017
309,7,25,2017
541,7,2,2017
71,7,45,2017
1145,7,42,2017
25,7,3,2017
164,7,44,2017
332,7,19,2017
19,7,40,2017
268,7,32,2017
25,7,14,2017
655,7,23,2017
704,7,15,2017
60,7,22,2017
35,7,29,2017
299,7,4,2017
384,7,12,2017
80,7,5,2017
500,7,43,2017
9,7,24,2017
75,48,17,2017
1274,48,34,2017
145,48,46,2017
1345,48,16,2017
784,48,21,2017
28,48,49,2017
8,48,39,2017
78,48,35,2017
1367,48,10,2017
465,48,18,2017
62,48,9,2017
949,48,28,2017
251,48,47,2017
1227,48,31,2017
121,48,26,2017
103,48,41,2017
15,48,6,2017
43,48,38,2017
131,48,37,2017
325,48,8,2017
211,48,7,2017
59,48,1,2017
300,48,20,2017
170,48,30,2017
487,48,11,2017
303,48,27,2017
7,48,33,2017
160,48,36,2017
55,48,13,2017
354,48,25,2017
497,48,2,2017
2487,48,45,2017
244,48,42,2017
194,48,3,2017
167,48,44,2017
292,48,19,2017
156,48,32,2017
630,48,14,2017
175,48,23,2017
1565,48,15,2017
308,48,22,2017
13,48,29,2017
361,48,4,2017
573,48,12,2017
28,48,5,2017
3570,48,43,2017
85,48,24,2017
2609,1,17,2017
421,1,34,2017
1395,1,46,2017
1103,1,16,2017
363,1,21,2017
52,1,35,2017
1417,1,10,2017
1538,1,18,2017
87,1,9,2017
806,1,28,2017
214,1,47,2017
54,1,31,2017
184,1,26,2017
165,1,41,2017
3015,1,6,2017
22,1,38,2017
269,1,37,2017
15,1,8,2017
611,1,7,2017
191,1,48,2017
516,1,20,2017
78,1,30,2017
268,1,27,2017
26,1,36,2017
140,1,13,2017
253,1,25,2017
576,1,2,2017
124,1,45,2017
191,1,42,2017
514,1,3,2017
122,1,44,2017
540,1,19,2017
55,1,40,2017
382,1,32,2017
4,1,14,2017
2954,1,23,2017
3747,1,15,2017
120,1,22,2017
354,1,4,2017
81,1,12,2017
115,1,5,2017
285,1,43,2017
89,20,17,2017
850,20,34,2017
1106,20,46,2017
1120,20,16,2017
618,20,21,2017
262,20,49,2017
25,20,39,2017
76,20,35,2017
1444,20,10,2017
656,20,18,2017
199,20,9,2017
2644,20,28,2017
210,20,47,2017
738,20,31,2017
3537,20,26,2017
269,20,41,2017
159,20,6,2017
107,20,38,2017
41,20,37,2017
412,20,8,2017
694,20,7,2017
285,20,48,2017
474,20,1,2017
14,20,30,2017
315,20,11,2017
407,20,27,2017
33,20,33,2017
124,20,36,2017
100,20,13,2017
657,20,25,2017
719,20,2,2017
411,20,42,2017
525,20,3,2017
268,20,44,2017
153,20,19,2017
25,20,40,2017
548,20,32,2017
62,20,14,2017
625,20,23,2017
2273,20,15,2017
338,20,22,2017
435,20,4,2017
488,20,12,2017
360,20,43,2017
46,20,24,2017
234,30,17,2017
2314,30,34,2017
112,30,46,2017
2668,30,16,2017
641,30,21,2017
717,30,10,2017
57,30,18,2017
891,30,9,2017
177,30,28,2017
182,30,47,2017
420,30,31,2017
321,30,26,2017
160,30,41,2017
329,30,6,2017
74,30,37,2017
140,30,8,2017
117,30,7,2017
400,30,48,2017
399,30,1,2017
313,30,20,2017
196,30,11,2017
407,30,27,2017
51,30,36,2017
933,30,13,2017
567,30,25,2017
411,30,2,2017
1017,30,45,2017
417,30,42,2017
564,30,3,2017
953,30,44,2017
67,30,19,2017
401,30,40,2017
480,30,32,2017
206,30,14,2017
201,30,23,2017
617,30,15,2017
1941,30,22,2017
19,30,29,2017
215,30,4,2017
4363,30,12,2017
24,30,5,2017
422,30,43,2017
1306,30,24,2017
87,11,17,2017
976,11,34,2017
247,11,46,2017
1262,11,16,2017
2370,11,21,2017
80,11,49,2017
515,11,10,2017
339,11,18,2017
268,11,9,2017
1195,11,28,2017
270,11,47,2017
3465,11,31,2017
1533,11,26,2017
297,11,41,2017
73,11,6,2017
144,11,38,2017
156,11,8,2017
323,11,7,2017
1161,11,48,2017
519,11,1,2017
1735,11,20,2017
53,11,30,2017
600,11,27,2017
189,11,36,2017
136,11,13,2017
51,11,25,2017
135,11,2,2017
269,11,45,2017
323,11,42,2017
75,11,3,2017
192,11,44,2017
233,11,19,2017
272,11,32,2017
1509,11,14,2017
268,11,23,2017
1403,11,15,2017
302,11,22,2017
52,11,29,2017
550,11,4,2017
443,11,12,2017
149,11,5,2017
225,11,43,2017
246,11,24,2017
669,27,17,2017
2574,27,34,2017
147,27,46,2017
8002,27,16,2017
1279,27,21,2017
47,27,49,2017
43,27,35,2017
1576,27,10,2017
117,27,18,2017
739,27,9,2017
863,27,28,2017
309,27,47,2017
294,27,31,2017
264,27,26,2017
72,27,41,2017
79,27,6,2017
21,27,38,2017
454,27,37,2017
458,27,8,2017
549,27,7,2017
335,27,48,2017
203,27,1,2017
741,27,20,2017
195,27,30,2017
381,27,11,2017
364,27,33,2017
79,27,36,2017
339,27,13,2017
765,27,25,2017
591,27,2,2017
5,27,45,2017
285,27,42,2017
269,27,3,2017
943,27,44,2017
451,27,19,2017
460,27,32,2017
94,27,14,2017
287,27,23,2017
2558,27,15,2017
2002,27,22,2017
101,27,29,2017
569,27,4,2017
1480,27,12,2017
10,27,5,2017
138,27,43,2017
120,27,24,2017
181,33,17,2017
428,33,34,2017
57,33,46,2017
901,33,16,2017
1049,33,21,2017
349,33,49,2017
65,33,35,2017
4364,33,10,2017
722,33,18,2017
229,33,28,2017
51,33,47,2017
34,33,31,2017
250,33,26,2017
216,33,41,2017
441,33,6,2017
3168,33,38,2017
195,33,37,2017
9206,33,8,2017
264,33,7,2017
54,33,48,2017
22,33,1,2017
231,33,20,2017
56,33,30,2017
49,33,11,2017
66,33,27,2017
85,33,36,2017
57,33,13,2017
1480,33,25,2017
202,33,2,2017
513,33,42,2017
33,33,3,2017
197,33,44,2017
1271,33,19,2017
364,33,40,2017
751,33,32,2017
20,33,14,2017
473,33,15,2017
1252,33,29,2017
971,33,4,2017
300,33,12,2017
160,33,5,2017
140,33,43,2017
8,33,24,2017
124,36,17,2017
487,36,34,2017
40,36,46,2017
1452,36,16,2017
581,36,21,2017
442,36,49,2017
450,36,39,2017
291,36,35,2017
3139,36,10,2017
831,36,18,2017
7,36,9,2017
416,36,28,2017
319,36,47,2017
23,36,31,2017
45,36,26,2017
82,36,41,2017
58,36,6,2017
74,36,38,2017
715,36,37,2017
773,36,8,2017
153,36,7,2017
128,36,48,2017
117,36,1,2017
189,36,20,2017
10,36,30,2017
6,36,11,2017
85,36,27,2017
69,36,33,2017
22,36,13,2017
3933,36,25,2017
1300,36,2,2017
26,36,45,2017
365,36,42,2017
25,36,3,2017
53,36,44,2017
4443,36,19,2017
262,36,40,2017
861,36,32,2017
15,36,14,2017
136,36,23,2017
839,36,15,2017
109,36,22,2017
78,36,29,2017
1011,36,4,2017
416,36,12,2017
60,36,5,2017
152,36,43,2017
14,36,24,2017
481,13,17,2017
3085,13,34,2017
197,13,46,2017
2539,13,16,2017
2254,13,21,2017
394,13,49,2017
21,13,39,2017
98,13,35,2017
1343,13,10,2017
860,13,18,2017
272,13,9,2017
302,13,28,2017
697,13,47,2017
65,13,31,2017
235,13,26,2017
673,13,41,2017
142,13,6,2017
18,13,38,2017
509,13,37,2017
340,13,8,2017
217,13,7,2017
360,13,48,2017
12,13,1,2017
471,13,20,2017
108,13,30,2017
88,13,11,2017
895,13,27,2017
294,13,25,2017
500,13,2,2017
42,13,45,2017
250,13,42,2017
907,13,3,2017
500,13,44,2017
363,13,19,2017
36,13,40,2017
250,13,32,2017
72,13,14,2017
570,13,23,2017
7837,13,15,2017
851,13,22,2017
28,13,29,2017
1120,13,4,2017
1030,13,12,2017
411,13,43,2017
3,13,24,2017
112,25,17,2017
289,25,34,2017
14,25,46,2017
1749,25,16,2017
436,25,21,2017
1456,25,49,2017
181,25,39,2017
267,25,35,2017
3252,25,10,2017
785,25,18,2017
30,25,9,2017
325,25,28,2017
79,25,47,2017
15,25,31,2017
112,25,26,2017
107,25,41,2017
94,25,6,2017
126,25,38,2017
691,25,37,2017
1162,25,8,2017
374,25,7,2017
167,25,48,2017
39,25,1,2017
78,25,20,2017
50,25,30,2017
33,25,11,2017
116,25,27,2017
210,25,33,2017
2921,25,36,2017
45,25,13,2017
1379,25,2,2017
12,25,45,2017
671,25,42,2017
98,25,3,2017
127,25,44,2017
2055,25,19,2017
116,25,40,2017
587,25,32,2017
17,25,14,2017
276,25,23,2017
1054,25,15,2017
90,25,22,2017
140,25,29,2017
643,25,4,2017
317,25,12,2017
27,25,5,2017
68,25,43,2017
5,25,24,2017
413,2,17,2017
431,2,34,2017
170,2,46,2017
1316,2,16,2017
610,2,21,2017
186,2,49,2017
31,2,39,2017
181,2,35,2017
2266,2,10,2017
1235,2,18,2017
126,2,9,2017
382,2,28,2017
320,2,47,2017
177,2,31,2017
113,2,26,2017
314,2,41,2017
188,2,6,2017
104,2,38,2017
919,2,37,2017
313,2,8,2017
351,2,7,2017
169,2,48,2017
70,2,1,2017
273,2,20,2017
30,2,30,2017
34,2,11,2017
404,2,27,2017
108,2,33,2017
306,2,36,2017
25,2,13,2017
1168,2,25,2017
764,2,42,2017
144,2,3,2017
93,2,44,2017
871,2,19,2017
26,2,40,2017
2779,2,32,2017
20,2,14,2017
865,2,23,2017
1294,2,15,2017
122,2,22,2017
28,2,29,2017
2559,2,4,2017
671,2,12,2017
286,2,5,2017
219,2,43,2017
19,2,24,2017
1163,45,17,2017
3609,45,34,2017
116,45,46,2017
2944,45,16,2017
1703,45,21,2017
247,45,49,2017
6,45,35,2017
929,45,10,2017
42,45,18,2017
2516,45,9,2017
762,45,28,2017
103,45,47,2017
439,45,31,2017
119,45,26,2017
174,45,41,2017
480,45,6,2017
430,45,37,2017
189,45,8,2017
1168,45,7,2017
14012,45,48,2017
23,45,1,2017
666,45,20,2017
2249,45,30,2017
716,45,11,2017
202,45,27,2017
226,45,36,2017
284,45,13,2017
594,45,25,2017
756,45,2,2017
463,45,42,2017
129,45,3,2017
610,45,44,2017
537,45,19,2017
100,45,32,2017
2319,45,14,2017
2125,45,15,2017
2892,45,22,2017
294,45,4,2017
1654,45,12,2017
761,45,43,2017
472,45,24,2017
145,42,17,2017
436,42,34,2017
3,42,46,2017
978,42,16,2017
441,42,21,2017
100,42,49,2017
6,42,39,2017
87,42,35,2017
1967,42,10,2017
812,42,18,2017
34,42,9,2017
577,42,28,2017
938,42,47,2017
84,42,31,2017
175,42,26,2017
1671,42,41,2017
84,42,6,2017
36,42,38,2017
241,42,37,2017
153,42,8,2017
1055,42,7,2017
231,42,48,2017
30,42,1,2017
369,42,20,2017
22,42,30,2017
59,42,11,2017
200,42,27,2017
2,42,33,2017
156,42,36,2017
49,42,13,2017
674,42,25,2017
974,42,2,2017
2,42,45,2017
98,42,3,2017
74,42,44,2017
963,42,19,2017
8,42,40,2017
417,42,32,2017
9,42,14,2017
508,42,23,2017
1140,42,15,2017
166,42,22,2017
3,42,29,2017
407,42,4,2017
301,42,12,2017
475,42,5,2017
186,42,43,2017
5,42,24,2017
223,3,17,2017
1235,3,34,2017
1997,3,46,2017
1243,3,16,2017
1317,3,21,2017
101,3,49,2017
75,3,39,2017
1557,3,10,2017
581,3,18,2017
57,3,9,2017
174,3,28,2017
431,3,47,2017
121,3,31,2017
1655,3,26,2017
342,3,41,2017
231,3,6,2017
2,3,38,2017
278,3,37,2017
50,3,8,2017
261,3,7,2017
76,3,48,2017
17,3,1,2017
1587,3,20,2017
57,3,30,2017
241,3,11,2017
93,3,27,2017
65,3,33,2017
83,3,36,2017
160,3,13,2017
512,3,25,2017
320,3,2,2017
56,3,45,2017
238,3,42,2017
285,3,44,2017
172,3,19,2017
175,3,32,2017
26,3,14,2017
681,3,23,2017
5233,3,15,2017
233,3,22,2017
3,3,29,2017
878,3,4,2017
892,3,12,2017
47,3,5,2017
163,3,43,2017
80,3,24,2017
107,44,17,2017
2582,44,34,2017
180,44,46,2017
4958,44,16,2017
1051,44,21,2017
139,44,49,2017
25,44,39,2017
8,44,35,2017
779,44,10,2017
173,44,18,2017
932,44,9,2017
232,44,28,2017
161,44,47,2017
170,44,31,2017
80,44,26,2017
88,44,41,2017
63,44,6,2017
70,44,38,2017
45,44,37,2017
134,44,8,2017
542,44,7,2017
211,44,48,2017
333,44,20,2017
299,44,30,2017
205,44,11,2017
844,44,27,2017
32,44,33,2017
195,44,36,2017
131,44,13,2017
400,44,25,2017
429,44,2,2017
172,44,45,2017
206,44,42,2017
202,44,3,2017
319,44,19,2017
35,44,32,2017
17,44,14,2017
212,44,23,2017
898,44,15,2017
989,44,22,2017
83,44,29,2017
123,44,4,2017
6760,44,12,2017
7,44,5,2017
170,44,43,2017
36,44,24,2017
124,19,17,2017
495,19,34,2017
206,19,46,2017
1262,19,16,2017
378,19,21,2017
255,19,49,2017
862,19,39,2017
142,19,35,2017
2229,19,10,2017
466,19,18,2017
45,19,9,2017
241,19,28,2017
104,19,47,2017
110,19,31,2017
52,19,26,2017
120,19,41,2017
69,19,6,2017
127,19,38,2017
961,19,37,2017
407,19,8,2017
265,19,7,2017
97,19,48,2017
53,19,1,2017
202,19,20,2017
29,19,30,2017
28,19,11,2017
137,19,27,2017
146,19,33,2017
1730,19,36,2017
32,19,13,2017
1955,19,25,2017
980,19,2,2017
83,19,45,2017
1225,19,42,2017
47,19,3,2017
88,19,44,2017
38,19,40,2017
544,19,32,2017
2,19,14,2017
365,19,23,2017
991,19,15,2017
77,19,22,2017
37,19,29,2017
1043,19,4,2017
360,19,12,2017
386,19,5,2017
167,19,43,2017
7,19,24,2017
803,40,17,2017
133,40,34,2017
1670,40,16,2017
912,40,21,2017
1952,40,49,2017
280,40,35,2017
3087,40,10,2017
610,40,18,2017
251,40,28,2017
149,40,31,2017
145,40,41,2017
45,40,6,2017
318,40,38,2017
541,40,37,2017
7641,40,8,2017
88,40,7,2017
116,40,48,2017
102,40,20,2017
18,40,30,2017
80,40,27,2017
551,40,33,2017
565,40,36,2017
275,40,13,2017
2514,40,25,2017
221,40,2,2017
167,40,42,2017
204,40,3,2017
150,40,44,2017
999,40,19,2017
269,40,32,2017
44,40,23,2017
9,40,15,2017
409,40,29,2017
1376,40,4,2017
1521,40,12,2017
86,40,5,2017
49,40,43,2017
377,32,17,2017
241,32,34,2017
96,32,46,2017
1420,32,16,2017
442,32,21,2017
202,32,49,2017
28,32,39,2017
46,32,35,2017
2095,32,10,2017
3040,32,18,2017
28,32,9,2017
368,32,28,2017
191,32,47,2017
81,32,31,2017
293,32,41,2017
179,32,6,2017
37,32,38,2017
370,32,37,2017
430,32,8,2017
533,32,7,2017
103,32,48,2017
189,32,1,2017
227,32,20,2017
70,32,11,2017
310,32,27,2017
87,32,33,2017
256,32,36,2017
145,32,13,2017
1203,32,25,2017
5677,32,2,2017
108,32,45,2017
739,32,42,2017
158,32,3,2017
82,32,44,2017
910,32,19,2017
40,32,40,2017
2,32,14,2017
579,32,23,2017
1219,32,15,2017
250,32,22,2017
17,32,29,2017
1378,32,4,2017
780,32,12,2017
121,32,5,2017
170,32,43,2017
109,14,17,2017
1670,14,34,2017
1607,14,16,2017
1664,14,21,2017
874,14,10,2017
151,14,18,2017
160,14,9,2017
785,14,28,2017
426,14,47,2017
3076,14,31,2017
835,14,26,2017
83,14,41,2017
18,14,6,2017
64,14,8,2017
136,14,7,2017
7153,14,48,2017
615,14,20,2017
583,14,30,2017
2906,14,11,2017
1040,14,27,2017
256,14,33,2017
114,14,13,2017
143,14,25,2017
13,14,2,2017
1893,14,45,2017
29,14,42,2017
30,14,3,2017
659,14,44,2017
746,14,19,2017
93,14,32,2017
240,14,23,2017
1716,14,15,2017
36,14,29,2017
565,14,4,2017
319,14,12,2017
166,14,43,2017
355,14,24,2017
1195,23,17,2017
327,23,34,2017
802,23,46,2017
806,23,16,2017
365,23,21,2017
24,23,49,2017
47,23,39,2017
157,23,35,2017
1792,23,10,2017
2269,23,18,2017
111,23,9,2017
758,23,28,2017
763,23,47,2017
171,23,31,2017
117,23,26,2017
1735,23,41,2017
258,23,6,2017
38,23,38,2017
145,23,37,2017
142,23,8,2017
551,23,7,2017
329,23,48,2017
1734,23,1,2017
345,23,20,2017
12,23,30,2017
101,23,11,2017
152,23,27,2017
24,23,33,2017
106,23,36,2017
64,23,13,2017
606,23,25,2017
1254,23,2,2017
71,23,45,2017
913,23,42,2017
348,23,3,2017
166,23,44,2017
335,23,19,2017
43,23,40,2017
635,23,32,2017
39,23,14,2017
1733,23,15,2017
144,23,22,2017
26,23,29,2017
614,23,4,2017
193,23,12,2017
188,23,5,2017
250,23,43,2017
26,23,24,2017
311,15,17,2017
452,15,34,2017
557,15,46,2017
1448,15,16,2017
891,15,21,2017
130,15,49,2017
40,15,39,2017
101,15,35,2017
1117,15,10,2017
705,15,18,2017
130,15,9,2017
411,15,28,2017
372,15,47,2017
117,15,31,2017
346,15,26,2017
235,15,41,2017
624,15,6,2017
17,15,38,2017
243,15,37,2017
162,15,8,2017
248,15,7,2017
195,15,48,2017
178,15,1,2017
523,15,20,2017
55,15,30,2017
172,15,11,2017
188,15,27,2017
42,15,33,2017
232,15,36,2017
578,15,13,2017
355,15,25,2017
517,15,2,2017
59,15,45,2017
427,15,42,2017
1146,15,3,2017
249,15,44,2017
255,15,19,2017
34,15,40,2017
318,15,32,2017
40,15,14,2017
456,15,23,2017
230,15,22,2017
17,15,29,2017
551,15,4,2017
498,15,12,2017
76,15,5,2017
189,15,43,2017
34,15,24,2017
321,22,17,2017
2771,22,34,2017
211,22,46,2017
3200,22,16,2017
1101,22,21,2017
48,22,49,2017
10,22,39,2017
123,22,35,2017
1955,22,10,2017
484,22,18,2017
2330,22,9,2017
374,22,28,2017
399,22,47,2017
157,22,31,2017
316,22,26,2017
10,22,6,2017
143,22,38,2017
261,22,37,2017
430,22,8,2017
403,22,7,2017
126,22,48,2017
245,22,20,2017
283,22,30,2017
473,22,11,2017
1422,22,27,2017
9,22,33,2017
86,22,36,2017
132,22,13,2017
107,22,25,2017
200,22,2,2017
79,22,45,2017
677,22,42,2017
65,22,3,2017
1323,22,44,2017
381,22,19,2017
68,22,40,2017
271,22,32,2017
54,22,14,2017
210,22,23,2017
2944,22,15,2017
41,22,29,2017
684,22,4,2017
2451,22,12,2017
147,22,5,2017
690,22,43,2017
236,22,24,2017
153,29,34,2017
1433,29,16,2017
754,29,21,2017
629,29,49,2017
94,29,39,2017
715,29,35,2017
4510,29,10,2017
60,29,18,2017
81,29,28,2017
820,29,47,2017
363,29,31,2017
136,29,41,2017
911,29,38,2017
618,29,37,2017
3203,29,8,2017
528,29,7,2017
73,29,48,2017
365,29,20,2017
49,29,30,2017
20,29,11,2017
379,29,27,2017
3001,29,33,2017
438,29,36,2017
4691,29,25,2017
839,29,2,2017
583,29,42,2017
59,29,3,2017
493,29,44,2017
2967,29,19,2017
148,29,40,2017
22,29,32,2017
376,29,23,2017
1060,29,15,2017
326,29,22,2017
1542,29,4,2017
805,29,12,2017
168,29,43,2017
505,4,17,2017
424,4,34,2017
128,4,46,2017
2500,4,16,2017
720,4,21,2017
155,4,49,2017
178,4,39,2017
887,4,35,2017
3335,4,10,2017
1329,4,18,2017
72,4,9,2017
487,4,28,2017
220,4,47,2017
91,4,31,2017
121,4,26,2017
289,4,41,2017
244,4,6,2017
137,4,38,2017
2754,4,37,2017
364,4,8,2017
418,4,7,2017
183,4,48,2017
33,4,1,2017
330,4,20,2017
80,4,30,2017
91,4,11,2017
135,4,27,2017
54,4,33,2017
679,4,36,2017
200,4,13,2017
1261,4,25,2017
3288,4,2,2017
51,4,45,2017
617,4,42,2017
108,4,3,2017
421,4,44,2017
994,4,19,2017
194,4,40,2017
1037,4,32,2017
43,4,14,2017
1339,4,23,2017
1823,4,15,2017
376,4,22,2017
75,4,29,2017
942,4,12,2017
636,4,5,2017
197,4,43,2017
99,4,24,2017
173,12,17,2017
1938,12,34,2017
207,12,46,2017
4464,12,16,2017
899,12,21,2017
50,12,49,2017
27,12,35,2017
831,12,10,2017
356,12,18,2017
1196,12,9,2017
652,12,28,2017
374,12,47,2017
189,12,31,2017
107,12,26,2017
192,12,41,2017
83,12,6,2017
45,12,38,2017
247,12,37,2017
225,12,8,2017
211,12,7,2017
448,12,48,2017
119,12,1,2017
420,12,20,2017
522,12,30,2017
47,12,11,2017
700,12,27,2017
19,12,33,2017
152,12,36,2017
75,12,13,2017
744,12,25,2017
794,12,2,2017
183,12,45,2017
398,12,42,2017
271,12,3,2017
3522,12,44,2017
430,12,19,2017
163,12,40,2017
191,12,32,2017
26,12,14,2017
240,12,23,2017
1972,12,15,2017
709,12,22,2017
24,12,29,2017
739,12,4,2017
63,12,5,2017
340,12,43,2017
102,12,24,2017
588,5,17,2017
175,5,34,2017
434,5,16,2017
23,5,21,2017
204,5,39,2017
1203,5,10,2017
231,5,18,2017
71,5,28,2017
574,5,47,2017
302,5,31,2017
1177,5,41,2017
143,5,6,2017
39,5,38,2017
2160,5,37,2017
88,5,8,2017
215,5,7,2017
24,5,48,2017
637,5,1,2017
49,5,20,2017
61,5,30,2017
90,5,11,2017
181,5,36,2017
221,5,25,2017
1883,5,2,2017
4041,5,42,2017
141,5,44,2017
2271,5,19,2017
1712,5,32,2017
548,5,23,2017
744,5,15,2017
78,5,22,2017
26,5,29,2017
2913,5,4,2017
301,5,12,2017
279,5,43,2017
193,43,17,2017
673,43,34,2017
165,43,46,2017
1614,43,16,2017
605,43,21,2017
32,43,49,2017
51,43,39,2017
19,43,35,2017
1243,43,10,2017
605,43,18,2017
76,43,9,2017
2119,43,28,2017
648,43,47,2017
520,43,31,2017
54,43,26,2017
276,43,41,2017
55,43,6,2017
155,43,37,2017
189,43,8,2017
601,43,7,2017
3549,43,48,2017
69,43,1,2017
653,43,20,2017
85,43,30,2017
119,43,11,2017
65,43,27,2017
16,43,33,2017
174,43,36,2017
47,43,13,2017
219,43,25,2017
327,43,2,2017
148,43,45,2017
347,43,42,2017
87,43,3,2017
236,43,44,2017
292,43,19,2017
40,43,40,2017
280,43,32,2017
168,43,14,2017
246,43,23,2017
1285,43,15,2017
183,43,22,2017
18,43,29,2017
165,43,4,2017
363,43,12,2017
29,43,5,2017
3,43,24,2017
179,24,17,2017
1722,24,34,2017
20,24,46,2017
2409,24,16,2017
8869,24,21,2017
443,24,49,2017
684,24,10,2017
1088,24,18,2017
3017,24,9,2017
715,24,28,2017
93,24,31,2017
212,24,26,2017
459,24,41,2017
336,24,6,2017
76,24,37,2017
1096,24,7,2017
367,24,48,2017
366,24,1,2017
913,24,20,2017
7033,24,30,2017
988,24,11,2017
247,24,27,2017
190,24,36,2017
461,24,13,2017
93,24,25,2017
274,24,2,2017
1431,24,45,2017
428,24,42,2017
433,24,3,2017
392,24,44,2017
1257,24,14,2017
625,24,23,2017
1637,24,15,2017
2974,24,22,2017
1110,24,29,2017
526,24,4,2017
1003,24,12,2017
471,24,43,2017
573,17,34,2018
89,17,46,2018
939,17,16,2018
735,17,21,2018
215,17,49,2018
7,17,39,2018
35,17,35,2018
2633,17,10,2018
3189,17,18,2018
17,17,9,2018
261,17,28,2018
197,17,47,2018
30,17,31,2018
97,17,26,2018
420,17,41,2018
299,17,6,2018
132,17,37,2018
98,17,8,2018
109,17,7,2018
199,17,48,2018
1718,17,1,2018
486,17,20,2018
110,17,30,2018
54,17,11,2018
81,17,27,2018
32,17,33,2018
30,17,36,2018
224,17,13,2018
285,17,25,2018
672,17,2,2018
356,17,42,2018
110,17,3,2018
64,17,44,2018
245,17,19,2018
37,17,40,2018
948,17,32,2018
17,17,14,2018
1748,17,23,2018
1216,17,15,2018
64,17,22,2018
25,17,29,2018
700,17,4,2018
101,17,12,2018
16,17,5,2018
117,17,43,2018
130,17,24,2018
267,34,17,2018
84,34,46,2018
4703,34,16,2018
1115,34,21,2018
168,34,49,2018
16,34,39,2018
28,34,35,2018
634,34,10,2018
315,34,18,2018
538,34,9,2018
812,34,28,2018
420,34,47,2018
282,34,31,2018
251,34,26,2018
206,34,41,2018
38,34,6,2018
106,34,38,2018
312,34,37,2018
217,34,8,2018
562,34,7,2018
303,34,48,2018
94,34,1,2018
280,34,20,2018
249,34,30,2018
188,34,11,2018
977,34,27,2018
98,34,33,2018
227,34,36,2018
458,34,13,2018
494,34,25,2018
366,34,2,2018
74,34,45,2018
339,34,42,2018
507,34,3,2018
1080,34,44,2018
456,34,19,2018
6,34,40,2018
203,34,32,2018
33,34,14,2018
403,34,23,2018
2602,34,15,2018
953,34,22,2018
28,34,29,2018
581,34,4,2018
1991,34,12,2018
37,34,5,2018
402,34,43,2018
130,34,24,2018
349,46,17,2018
494,46,34,2018
854,46,16,2018
479,46,21,2018
16,46,49,2018
1076,46,10,2018
631,46,18,2018
164,46,9,2018
394,46,28,2018
422,46,47,2018
136,46,31,2018
500,46,26,2018
131,46,41,2018
549,46,6,2018
260,46,37,2018
73,46,8,2018
250,46,7,2018
206,46,48,2018
231,46,1,2018
2713,46,20,2018
6,46,30,2018
78,46,11,2018
16,46,27,2018
189,46,33,2018
116,46,13,2018
17,46,25,2018
630,46,2,2018
154,46,45,2018
193,46,42,2018
2832,46,3,2018
144,46,44,2018
493,46,19,2018
459,46,32,2018
1608,46,23,2018
4776,46,15,2018
297,46,22,2018
332,46,4,2018
316,46,12,2018
95,46,5,2018
97,46,43,2018
130,46,24,2018
67,16,17,2018
1736,16,34,2018
94,16,46,2018
716,16,21,2018
98,16,49,2018
13,16,39,2018
96,16,35,2018
681,16,10,2018
424,16,18,2018
532,16,9,2018
418,16,28,2018
172,16,47,2018
111,16,31,2018
143,16,26,2018
51,16,41,2018
145,16,6,2018
21,16,38,2018
200,16,37,2018
352,16,8,2018
284,16,7,2018
124,16,48,2018
52,16,1,2018
206,16,20,2018
126,16,30,2018
105,16,11,2018
1284,16,27,2018
32,16,33,2018
243,16,36,2018
190,16,13,2018
639,16,25,2018
444,16,2,2018
26,16,45,2018
222,16,42,2018
211,16,3,2018
1091,16,44,2018
293,16,19,2018
56,16,40,2018
306,16,32,2018
52,16,14,2018
245,16,23,2018
2183,16,15,2018
456,16,22,2018
34,16,29,2018
537,16,4,2018
1405,16,12,2018
13,16,5,2018
168,16,43,2018
40,16,24,2018
293,21,17,2018
2023,21,34,2018
571,21,46,2018
3295,21,16,2018
194,21,49,2018
59,21,35,2018
2766,21,10,2018
614,21,18,2018
264,21,9,2018
563,21,28,2018
824,21,47,2018
853,21,31,2018
669,21,26,2018
288,21,41,2018
421,21,6,2018
147,21,38,2018
205,21,37,2018
206,21,8,2018
586,21,7,2018
457,21,48,2018
49,21,1,2018
1543,21,20,2018
513,21,30,2018
849,21,11,2018
654,21,27,2018
67,21,33,2018
264,21,36,2018
856,21,13,2018
799,21,25,2018
961,21,2,2018
91,21,45,2018
389,21,42,2018
709,21,3,2018
578,21,44,2018
847,21,19,2018
88,21,40,2018
284,21,32,2018
140,21,14,2018
950,21,23,2018
3779,21,15,2018
734,21,22,2018
114,21,29,2018
800,21,4,2018
1778,21,12,2018
140,21,5,2018
583,21,43,2018
989,21,24,2018
209,49,17,2018
140,49,34,2018
44,49,46,2018
1782,49,16,2018
419,49,21,2018
136,49,39,2018
73,49,35,2018
5121,49,10,2018
1560,49,18,2018
533,49,9,2018
535,49,28,2018
202,49,47,2018
6,49,31,2018
90,49,26,2018
91,49,41,2018
163,49,6,2018
485,49,38,2018
529,49,37,2018
3982,49,8,2018
388,49,7,2018
95,49,48,2018
101,49,20,2018
90,49,30,2018
97,49,11,2018
55,49,27,2018
363,49,33,2018
612,49,36,2018
15,49,13,2018
4037,49,25,2018
756,49,2,2018
702,49,42,2018
43,49,44,2018
1089,49,19,2018
1341,49,40,2018
1903,49,32,2018
499,49,23,2018
1053,49,15,2018
201,49,22,2018
630,49,29,2018
911,49,4,2018
499,49,12,2018
178,49,5,2018
171,49,43,2018
3,49,24,2018
855,39,17,2018
50,39,34,2018
130,39,46,2018
1183,39,16,2018
196,39,21,2018
1051,39,49,2018
188,39,35,2018
4271,39,10,2018
538,39,18,2018
9,39,28,2018
899,39,47,2018
402,39,41,2018
54,39,6,2018
30,39,38,2018
6018,39,37,2018
918,39,8,2018
89,39,7,2018
243,39,20,2018
101,39,27,2018
246,39,33,2018
1781,39,36,2018
1375,39,25,2018
2059,39,2,2018
1031,39,42,2018
6213,39,19,2018
1012,39,32,2018
54,39,23,2018
1320,39,15,2018
63,39,22,2018
1352,39,4,2018
135,39,12,2018
433,39,5,2018
218,39,43,2018
37,35,34,2018
7216,35,16,2018
1595,35,21,2018
721,35,49,2018
193,35,39,2018
1401,35,10,2018
813,35,18,2018
1453,35,28,2018
45,35,47,2018
544,35,31,2018
498,35,26,2018
249,35,41,2018
279,35,6,2018
334,35,38,2018
30066,35,37,2018
2219,35,8,2018
364,35,7,2018
200,35,48,2018
141,35,1,2018
657,35,20,2018
142,35,11,2018
61,35,27,2018
135,35,33,2018
1691,35,36,2018
42,35,13,2018
3994,35,25,2018
2895,35,2,2018
75,35,45,2018
1124,35,42,2018
322,35,44,2018
1904,35,19,2018
64,35,40,2018
1059,35,32,2018
289,35,23,2018
1509,35,15,2018
212,35,22,2018
191,35,29,2018
16849,35,4,2018
2618,35,12,2018
467,35,5,2018
155,35,43,2018
673,10,17,2018
315,10,34,2018
186,10,46,2018
1057,10,16,2018
659,10,21,2018
214,10,49,2018
52,10,39,2018
84,10,35,2018
2401,10,18,2018
66,10,9,2018
638,10,28,2018
407,10,47,2018
90,10,31,2018
187,10,26,2018
349,10,41,2018
135,10,6,2018
98,10,38,2018
564,10,37,2018
445,10,8,2018
593,10,7,2018
269,10,48,2018
158,10,1,2018
334,10,20,2018
59,10,30,2018
52,10,11,2018
189,10,27,2018
179,10,33,2018
639,10,36,2018
103,10,13,2018
1133,10,25,2018
1769,10,2,2018
63,10,45,2018
707,10,42,2018
258,10,3,2018
180,10,44,2018
801,10,19,2018
30,10,40,2018
742,10,32,2018
100,10,14,2018
1257,10,23,2018
1753,10,15,2018
129,10,22,2018
99,10,29,2018
954,10,4,2018
380,10,12,2018
81,10,5,2018
263,10,43,2018
54,10,24,2018
1753,18,17,2018
299,18,34,2018
88,18,46,2018
1118,18,16,2018
783,18,21,2018
247,18,49,2018
11,18,39,2018
61,18,35,2018
3363,18,10,2018
41,18,9,2018
390,18,28,2018
430,18,47,2018
13,18,31,2018
101,18,26,2018
346,18,41,2018
561,18,6,2018
22,18,38,2018
349,18,37,2018
284,18,8,2018
140,18,7,2018
69,18,48,2018
319,18,1,2018
182,18,20,2018
84,18,30,2018
93,18,11,2018
143,18,27,2018
50,18,33,2018
172,18,36,2018
22,18,13,2018
760,18,25,2018
1619,18,2,2018
113,18,45,2018
492,18,42,2018
151,18,3,2018
114,18,44,2018
404,18,19,2018
70,18,40,2018
1532,18,32,2018
92,18,14,2018
1659,18,23,2018
1354,18,15,2018
253,18,22,2018
16,18,29,2018
751,18,4,2018
561,18,12,2018
55,18,5,2018
191,18,43,2018
3,18,24,2018
1561,9,34,2018
2412,9,16,2018
724,9,21,2018
910,9,10,2018
110,9,18,2018
624,9,28,2018
506,9,47,2018
63,9,31,2018
256,9,26,2018
1265,9,41,2018
39,9,6,2018
175,9,38,2018
268,9,37,2018
25,9,8,2018
290,9,7,2018
310,9,48,2018
157,9,20,2018
1232,9,30,2018
10,9,11,2018
499,9,27,2018
145,9,36,2018
379,9,13,2018
280,9,25,2018
139,9,2,2018
247,9,45,2018
190,9,42,2018
123,9,3,2018
3281,9,44,2018
62,9,19,2018
23,9,40,2018
169,9,14,2018
84,9,23,2018
1995,9,15,2018
4897,9,22,2018
94,9,4,2018
6804,9,12,2018
73,9,43,2018
209,9,24,2018
260,28,17,2018
1041,28,34,2018
264,28,46,2018
1742,28,16,2018
611,28,21,2018
118,28,49,2018
15,28,39,2018
83,28,35,2018
2171,28,10,2018
483,28,18,2018
9,28,9,2018
2480,28,47,2018
1233,28,31,2018
223,28,26,2018
401,28,41,2018
173,28,6,2018
14,28,38,2018
143,28,37,2018
268,28,8,2018
801,28,7,2018
664,28,48,2018
255,28,1,2018
1575,28,20,2018
43,28,30,2018
133,28,11,2018
230,28,27,2018
76,28,36,2018
37,28,13,2018
469,28,25,2018
514,28,2,2018
36,28,45,2018
770,28,42,2018
251,28,3,2018
158,28,44,2018
287,28,19,2018
23,28,40,2018
271,28,32,2018
66,28,14,2018
774,28,23,2018
1512,28,15,2018
136,28,22,2018
5,28,29,2018
552,28,4,2018
423,28,12,2018
44,28,5,2018
1977,28,43,2018
16,28,24,2018
279,47,17,2018
381,47,34,2018
185,47,46,2018
942,47,16,2018
439,47,21,2018
35,47,49,2018
7,47,39,2018
21,47,35,2018
1759,47,10,2018
619,47,18,2018
77,47,9,2018
2422,47,28,2018
186,47,31,2018
109,47,26,2018
1678,47,41,2018
68,47,6,2018
30,47,38,2018
156,47,37,2018
122,47,8,2018
1897,47,7,2018
207,47,48,2018
426,47,1,2018
517,47,20,2018
58,47,30,2018
99,47,11,2018
126,47,27,2018
48,47,33,2018
46,47,36,2018
299,47,25,2018
523,47,2,2018
16,47,45,2018
2128,47,42,2018
121,47,3,2018
127,47,44,2018
305,47,19,2018
462,47,32,2018
21,47,14,2018
736,47,23,2018
1449,47,15,2018
53,47,22,2018
4,47,29,2018
337,47,4,2018
166,47,12,2018
183,47,5,2018
397,47,43,2018
33,47,24,2018
223,31,17,2018
968,31,34,2018
37,31,46,2018
781,31,16,2018
757,31,21,2018
27,31,49,2018
65,31,39,2018
51,31,35,2018
1123,31,10,2018
633,31,18,2018
56,31,9,2018
2454,31,28,2018
98,31,47,2018
1176,31,26,2018
84,31,41,2018
31,31,6,2018
102,31,37,2018
25,31,8,2018
160,31,7,2018
1469,31,48,2018
22,31,1,2018
1557,31,20,2018
45,31,30,2018
1928,31,11,2018
161,31,27,2018
4,31,33,2018
51,31,36,2018
137,31,13,2018
746,31,25,2018
627,31,2,2018
52,31,45,2018
760,31,42,2018
191,31,3,2018
44,31,44,2018
115,31,19,2018
329,31,32,2018
1040,31,14,2018
186,31,23,2018
2025,31,15,2018
239,31,22,2018
16,31,29,2018
440,31,4,2018
205,31,12,2018
975,31,43,2018
9,31,24,2018
122,26,17,2018
1305,26,34,2018
368,26,46,2018
1657,26,16,2018
1741,26,21,2018
27,26,49,2018
256,26,39,2018
1020,26,10,2018
381,26,18,2018
196,26,9,2018
703,26,28,2018
315,26,47,2018
781,26,31,2018
1035,26,41,2018
362,26,6,2018
23,26,38,2018
196,26,37,2018
256,26,8,2018
626,26,7,2018
321,26,48,2018
200,26,1,2018
7225,26,20,2018
354,26,30,2018
1495,26,11,2018
141,26,27,2018
14,26,33,2018
85,26,36,2018
129,26,13,2018
433,26,25,2018
623,26,2,2018
105,26,45,2018
275,26,42,2018
1852,26,3,2018
308,26,44,2018
365,26,19,2018
374,26,32,2018
311,26,14,2018
273,26,23,2018
4138,26,15,2018
331,26,22,2018
644,26,4,2018
452,26,12,2018
38,26,5,2018
407,26,43,2018
231,26,24,2018
945,41,17,2018
283,41,34,2018
186,41,46,2018
450,41,16,2018
617,41,21,2018
52,41,49,2018
21,41,39,2018
24,41,35,2018
2539,41,10,2018
454,41,18,2018
8,41,9,2018
737,41,28,2018
2067,41,47,2018
88,41,31,2018
165,41,26,2018
681,41,6,2018
114,41,38,2018
166,41,37,2018
89,41,8,2018
497,41,7,2018
99,41,48,2018
56,41,1,2018
457,41,20,2018
5,41,30,2018
136,41,11,2018
189,41,27,2018
60,41,33,2018
25,41,36,2018
28,41,13,2018
221,41,25,2018
875,41,2,2018
3720,41,42,2018
47,41,3,2018
211,41,44,2018
206,41,19,2018
19,41,40,2018
315,41,32,2018
12,41,14,2018
3075,41,23,2018
860,41,15,2018
82,41,22,2018
165,41,29,2018
544,41,4,2018
106,41,12,2018
237,41,5,2018
372,41,43,2018
127,41,24,2018
608,6,17,2018
303,6,34,2018
495,6,46,2018
953,6,16,2018
260,6,21,2018
128,6,49,2018
100,6,39,2018
941,6,10,2018
661,6,18,2018
56,6,9,2018
509,6,28,2018
160,6,47,2018
77,6,31,2018
235,6,26,2018
154,6,41,2018
8,6,38,2018
274,6,37,2018
135,6,8,2018
269,6,7,2018
81,6,48,2018
2585,6,1,2018
442,6,20,2018
22,6,30,2018
42,6,11,2018
140,6,27,2018
75,6,36,2018
112,6,13,2018
444,6,25,2018
526,6,2,2018
166,6,45,2018
313,6,42,2018
452,6,3,2018
51,6,44,2018
211,6,19,2018
410,6,32,2018
87,6,14,2018
477,6,23,2018
6246,6,15,2018
51,6,22,2018
5,6,29,2018
559,6,4,2018
274,6,12,2018
122,6,5,2018
111,6,43,2018
15,6,24,2018
263,38,34,2018
20,38,46,2018
966,38,16,2018
681,38,21,2018
1002,38,49,2018
75,38,39,2018
45,38,35,2018
2078,38,10,2018
66,38,18,2018
95,38,47,2018
75,38,31,2018
88,38,41,2018
26,38,6,2018
739,38,37,2018
2380,38,8,2018
306,38,7,2018
185,38,48,2018
38,38,1,2018
135,38,20,2018
40,38,30,2018
5,38,11,2018
2999,38,33,2018
75,38,36,2018
191,38,13,2018
545,38,25,2018
922,38,2,2018
568,38,42,2018
303,38,44,2018
684,38,19,2018
452,38,40,2018
143,38,32,2018
430,38,23,2018
608,38,15,2018
73,38,22,2018
339,38,29,2018
399,38,4,2018
314,38,12,2018
55,38,5,2018
138,38,43,2018
11,38,24,2018
81,37,17,2018
489,37,34,2018
77,37,46,2018
1829,37,16,2018
572,37,21,2018
195,37,49,2018
934,37,39,2018
2109,37,35,2018
2513,37,10,2018
960,37,18,2018
12,37,9,2018
498,37,28,2018
197,37,47,2018
144,37,26,2018
279,37,41,2018
85,37,6,2018
62,37,38,2018
569,37,8,2018
194,37,7,2018
220,37,48,2018
64,37,1,2018
112,37,20,2018
95,37,11,2018
78,37,27,2018
70,37,33,2018
461,37,36,2018
26,37,13,2018
1288,37,25,2018
1444,37,2,2018
46,37,45,2018
376,37,42,2018
144,37,3,2018
54,37,44,2018
3422,37,19,2018
86,37,40,2018
1296,37,32,2018
23,37,14,2018
243,37,23,2018
2282,37,15,2018
123,37,22,2018
59,37,29,2018
4699,37,4,2018
749,37,12,2018
642,37,5,2018
95,37,43,2018
64,8,17,2018
188,8,34,2018
20,8,46,2018
2546,8,16,2018
573,8,21,2018
1108,8,49,2018
69,8,39,2018
241,8,35,2018
2951,8,10,2018
374,8,18,2018
574,8,28,2018
146,8,47,2018
74,8,31,2018
206,8,26,2018
34,8,41,2018
91,8,6,2018
839,8,38,2018
254,8,37,2018
513,8,7,2018
118,8,48,2018
50,8,1,2018
72,8,20,2018
60,8,30,2018
74,8,11,2018
289,8,27,2018
2966,8,33,2018
690,8,36,2018
65,8,13,2018
1971,8,25,2018
845,8,2,2018
496,8,42,2018
101,8,3,2018
207,8,44,2018
821,8,19,2018
1658,8,40,2018
646,8,32,2018
521,8,23,2018
803,8,15,2018
277,8,22,2018
554,8,29,2018
816,8,4,2018
641,8,12,2018
55,8,5,2018
168,8,43,2018
36,8,24,2018
223,7,17,2018
448,7,34,2018
58,7,46,2018
1035,7,16,2018
425,7,21,2018
82,7,49,2018
15,7,39,2018
48,7,35,2018
2088,7,10,2018
560,7,18,2018
21,7,9,2018
922,7,28,2018
798,7,47,2018
150,7,31,2018
82,7,26,2018
291,7,41,2018
163,7,6,2018
132,7,38,2018
163,7,37,2018
212,7,8,2018
204,7,48,2018
67,7,1,2018
237,7,20,2018
14,7,30,2018
66,7,11,2018
115,7,27,2018
100,7,33,2018
96,7,36,2018
85,7,13,2018
374,7,25,2018
580,7,2,2018
41,7,45,2018
1543,7,42,2018
139,7,3,2018
241,7,44,2018
314,7,19,2018
15,7,40,2018
272,7,32,2018
15,7,14,2018
482,7,23,2018
808,7,15,2018
147,7,22,2018
10,7,29,2018
314,7,4,2018
361,7,12,2018
32,7,5,2018
474,7,43,2018
111,7,24,2018
163,48,17,2018
1106,48,34,2018
34,48,46,2018
1109,48,16,2018
928,48,21,2018
18,48,49,2018
25,48,35,2018
1216,48,10,2018
185,48,18,2018
112,48,9,2018
802,48,28,2018
239,48,47,2018
1121,48,31,2018
148,48,26,2018
77,48,41,2018
48,48,6,2018
13,48,38,2018
50,48,37,2018
281,48,8,2018
213,48,7,2018
4,48,1,2018
385,48,20,2018
446,48,30,2018
399,48,11,2018
190,48,27,2018
9,48,33,2018
62,48,36,2018
114,48,13,2018
229,48,25,2018
596,48,2,2018
1903,48,45,2018
250,48,42,2018
208,48,3,2018
301,48,44,2018
360,48,19,2018
65,48,32,2018
681,48,14,2018
66,48,23,2018
1300,48,15,2018
94,48,22,2018
82,48,29,2018
288,48,4,2018
380,48,12,2018
12,48,5,2018
3501,48,43,2018
10,48,24,2018
2567,1,17,2018
597,1,34,2018
861,1,46,2018
802,1,16,2018
200,1,21,2018
49,1,39,2018
48,1,35,2018
1000,1,10,2018
995,1,18,2018
70,1,9,2018
727,1,28,2018
380,1,47,2018
127,1,31,2018
59,1,26,2018
136,1,41,2018
2517,1,6,2018
71,1,38,2018
297,1,37,2018
26,1,8,2018
377,1,7,2018
139,1,48,2018
943,1,20,2018
118,1,11,2018
153,1,27,2018
80,1,36,2018
338,1,13,2018
149,1,25,2018
1154,1,2,2018
92,1,45,2018
847,1,42,2018
149,1,3,2018
358,1,44,2018
431,1,19,2018
300,1,32,2018
77,1,14,2018
3905,1,23,2018
2906,1,15,2018
72,1,22,2018
950,1,4,2018
205,1,12,2018
187,1,43,2018
21,1,24,2018
302,20,17,2018
731,20,34,2018
1535,20,46,2018
1303,20,16,2018
1111,20,21,2018
11,20,49,2018
32,20,35,2018
1596,20,10,2018
471,20,18,2018
58,20,9,2018
2459,20,28,2018
719,20,47,2018
708,20,31,2018
4529,20,26,2018
475,20,41,2018
110,20,6,2018
57,20,38,2018
204,20,37,2018
200,20,8,2018
314,20,7,2018
405,20,48,2018
325,20,1,2018
30,20,30,2018
463,20,11,2018
184,20,27,2018
58,20,33,2018
54,20,36,2018
110,20,13,2018
381,20,25,2018
488,20,2,2018
88,20,45,2018
557,20,42,2018
957,20,3,2018
111,20,44,2018
159,20,19,2018
46,20,40,2018
483,20,32,2018
31,20,14,2018
839,20,23,2018
3472,20,15,2018
159,20,22,2018
20,20,29,2018
814,20,4,2018
463,20,12,2018
11,20,5,2018
436,20,43,2018
149,20,24,2018
71,30,17,2018
1337,30,34,2018
71,30,46,2018
2339,30,16,2018
3517,30,21,2018
32,30,49,2018
86,30,35,2018
949,30,10,2018
959,30,18,2018
2715,30,9,2018
298,30,28,2018
233,30,47,2018
470,30,31,2018
387,30,26,2018
102,30,41,2018
209,30,6,2018
231,30,38,2018
210,30,37,2018
203,30,8,2018
496,30,7,2018
765,30,48,2018
407,30,1,2018
470,30,20,2018
101,30,11,2018
485,30,27,2018
285,30,13,2018
350,30,25,2018
312,30,2,2018
2043,30,45,2018
638,30,42,2018
43,30,3,2018
1428,30,44,2018
309,30,19,2018
521,30,32,2018
403,30,14,2018
115,30,23,2018
1533,30,15,2018
1459,30,22,2018
4211,30,12,2018
386,30,43,2018
1415,30,24,2018
392,11,17,2018
863,11,34,2018
39,11,46,2018
1879,11,16,2018
3128,11,21,2018
44,11,39,2018
2021,11,10,2018
1089,11,18,2018
75,11,9,2018
457,11,28,2018
148,11,47,2018
4216,11,31,2018
1060,11,26,2018
46,11,41,2018
22,11,6,2018
299,11,37,2018
100,11,8,2018
595,11,7,2018
950,11,48,2018
30,11,1,2018
1075,11,20,2018
48,11,30,2018
348,11,27,2018
86,11,36,2018
178,11,13,2018
449,11,25,2018
546,11,2,2018
6,11,45,2018
932,11,42,2018
501,11,3,2018
49,11,44,2018
170,11,19,2018
19,11,40,2018
280,11,32,2018
1939,11,14,2018
474,11,23,2018
1536,11,15,2018
195,11,22,2018
14,11,29,2018
211,11,4,2018
703,11,12,2018
179,11,43,2018
406,11,24,2018
32,27,17,2018
2661,27,34,2018
27,27,46,2018
7410,27,16,2018
1141,27,21,2018
49,27,49,2018
11,27,35,2018
1245,27,10,2018
222,27,18,2018
1234,27,9,2018
513,27,28,2018
485,27,47,2018
269,27,31,2018
210,27,26,2018
89,27,41,2018
682,27,6,2018
7,27,38,2018
39,27,37,2018
106,27,8,2018
556,27,7,2018
280,27,48,2018
337,27,1,2018
489,27,20,2018
82,27,30,2018
187,27,11,2018
149,27,33,2018
67,27,36,2018
286,27,13,2018
612,27,25,2018
283,27,2,2018
4,27,45,2018
482,27,42,2018
365,27,3,2018
1775,27,44,2018
135,27,19,2018
13,27,40,2018
123,27,32,2018
18,27,14,2018
260,27,23,2018
2052,27,15,2018
1447,27,22,2018
36,27,29,2018
395,27,4,2018
1394,27,12,2018
8,27,5,2018
445,27,43,2018
94,27,24,2018
1108,33,34,2018
115,33,46,2018
503,33,16,2018
135,33,21,2018
693,33,49,2018
115,33,39,2018
96,33,35,2018
3795,33,10,2018
76,33,18,2018
31,33,28,2018
257,33,47,2018
132,33,41,2018
3495,33,38,2018
786,33,37,2018
8312,33,8,2018
459,33,7,2018
81,33,48,2018
189,33,30,2018
121,33,27,2018
698,33,36,2018
397,33,13,2018
1827,33,25,2018
1375,33,2,2018
20,33,42,2018
677,33,19,2018
500,33,40,2018
581,33,32,2018
41,33,14,2018
479,33,23,2018
861,33,15,2018
198,33,22,2018
2125,33,29,2018
1081,33,4,2018
428,33,12,2018
185,33,43,2018
247,33,24,2018
136,36,17,2018
459,36,34,2018
31,36,46,2018
1312,36,16,2018
200,36,21,2018
514,36,49,2018
687,36,39,2018
268,36,35,2018
3387,36,10,2018
1019,36,18,2018
3,36,9,2018
392,36,28,2018
279,36,47,2018
2,36,31,2018
68,36,26,2018
12,36,41,2018
70,36,6,2018
43,36,38,2018
712,36,37,2018
903,36,8,2018
260,36,7,2018
25,36,48,2018
17,36,1,2018
183,36,20,2018
10,36,30,2018
28,36,11,2018
245,36,27,2018
60,36,33,2018
114,36,13,2018
4096,36,25,2018
1344,36,2,2018
19,36,45,2018
403,36,42,2018
43,36,3,2018
128,36,44,2018
4920,36,19,2018
116,36,40,2018
553,36,32,2018
251,36,23,2018
664,36,15,2018
72,36,22,2018
151,36,29,2018
1080,36,4,2018
505,36,12,2018
61,36,5,2018
123,36,43,2018
27,13,17,2018
3280,13,34,2018
102,13,46,2018
1826,13,16,2018
5468,13,21,2018
14,13,39,2018
1222,13,10,2018
773,13,18,2018
86,13,9,2018
497,13,28,2018
318,13,47,2018
171,13,31,2018
326,13,26,2018
285,13,41,2018
590,13,6,2018
46,13,38,2018
571,13,37,2018
37,13,8,2018
158,13,7,2018
194,13,48,2018
289,13,20,2018
534,13,30,2018
217,13,11,2018
1013,13,27,2018
48,13,33,2018
309,13,25,2018
1101,13,2,2018
614,13,45,2018
548,13,42,2018
730,13,3,2018
688,13,44,2018
637,13,19,2018
20,13,40,2018
451,13,32,2018
142,13,14,2018
174,13,23,2018
8443,13,15,2018
484,13,22,2018
48,13,29,2018
666,13,4,2018
931,13,12,2018
16,13,5,2018
931,13,43,2018
244,13,24,2018
165,25,17,2018
270,25,34,2018
7,25,46,2018
1784,25,16,2018
325,25,21,2018
1400,25,49,2018
148,25,39,2018
237,25,35,2018
3227,25,10,2018
550,25,18,2018
150,25,9,2018
452,25,28,2018
77,25,47,2018
22,25,31,2018
84,25,26,2018
168,25,41,2018
107,25,6,2018
148,25,38,2018
428,25,37,2018
1021,25,8,2018
331,25,7,2018
181,25,48,2018
67,25,1,2018
164,25,20,2018
9,25,30,2018
39,25,11,2018
141,25,27,2018
65,25,33,2018
3318,25,36,2018
56,25,13,2018
1310,25,2,2018
107,25,45,2018
464,25,42,2018
62,25,3,2018
145,25,44,2018
2204,25,19,2018
166,25,40,2018
651,25,32,2018
18,25,14,2018
271,25,23,2018
969,25,15,2018
174,25,22,2018
232,25,29,2018
920,25,4,2018
386,25,12,2018
32,25,5,2018
63,25,43,2018
20,25,24,2018
214,2,17,2018
634,2,34,2018
61,2,46,2018
1098,2,16,2018
610,2,21,2018
110,2,49,2018
56,2,39,2018
98,2,35,2018
2572,2,10,2018
1633,2,18,2018
128,2,9,2018
437,2,28,2018
249,2,47,2018
48,2,31,2018
113,2,26,2018
365,2,41,2018
78,2,6,2018
101,2,38,2018
634,2,37,2018
305,2,8,2018
362,2,7,2018
186,2,48,2018
34,2,1,2018
234,2,20,2018
35,2,30,2018
131,2,11,2018
86,2,27,2018
165,2,33,2018
612,2,36,2018
39,2,13,2018
892,2,25,2018
17,2,45,2018
560,2,42,2018
78,2,3,2018
343,2,44,2018
730,2,19,2018
64,2,40,2018
2671,2,32,2018
18,2,14,2018
904,2,23,2018
1729,2,15,2018
73,2,22,2018
25,2,29,2018
2303,2,4,2018
523,2,12,2018
181,2,5,2018
178,2,43,2018
35,2,24,2018
2861,45,34,2018
296,45,46,2018
2518,45,16,2018
1474,45,21,2018
220,45,39,2018
1958,45,10,2018
480,45,18,2018
344,45,9,2018
712,45,28,2018
652,45,31,2018
80,45,41,2018
176,45,38,2018
383,45,37,2018
410,45,7,2018
12918,45,48,2018
93,45,1,2018
250,45,20,2018
2609,45,30,2018
518,45,11,2018
79,45,33,2018
379,45,36,2018
270,45,13,2018
387,45,25,2018
233,45,2,2018
291,45,42,2018
17,45,3,2018
313,45,44,2018
588,45,19,2018
228,45,40,2018
656,45,32,2018
2619,45,14,2018
375,45,23,2018
3239,45,15,2018
635,45,22,2018
619,45,4,2018
1865,45,12,2018
546,45,43,2018
951,45,24,2018
111,42,17,2018
541,42,34,2018
73,42,46,2018
1198,42,16,2018
271,42,21,2018
120,42,49,2018
38,42,39,2018
136,42,35,2018
1922,42,10,2018
593,42,18,2018
7,42,9,2018
550,42,28,2018
1267,42,47,2018
82,42,31,2018
289,42,26,2018
1305,42,41,2018
82,42,6,2018
67,42,38,2018
265,42,37,2018
96,42,8,2018
1166,42,7,2018
97,42,48,2018
68,42,1,2018
195,42,20,2018
62,42,30,2018
66,42,11,2018
163,42,27,2018
22,42,33,2018
345,42,36,2018
93,42,13,2018
452,42,25,2018
807,42,2,2018
11,42,45,2018
79,42,3,2018
119,42,44,2018
1054,42,19,2018
53,42,40,2018
495,42,32,2018
537,42,23,2018
822,42,15,2018
118,42,22,2018
17,42,29,2018
540,42,4,2018
263,42,12,2018
625,42,5,2018
321,42,43,2018
40,42,24,2018
236,3,17,2018
642,3,34,2018
2154,3,46,2018
1243,3,16,2018
1511,3,21,2018
43,3,49,2018
809,3,10,2018
836,3,18,2018
201,3,9,2018
264,3,28,2018
333,3,47,2018
180,3,31,2018
1968,3,26,2018
286,3,41,2018
119,3,6,2018
55,3,38,2018
210,3,37,2018
66,3,8,2018
100,3,7,2018
281,3,48,2018
104,3,1,2018
1167,3,20,2018
60,3,30,2018
201,3,11,2018
330,3,27,2018
20,3,33,2018
64,3,36,2018
547,3,13,2018
330,3,25,2018
516,3,2,2018
413,3,45,2018
8,3,42,2018
177,3,44,2018
399,3,19,2018
57,3,32,2018
540,3,23,2018
6240,3,15,2018
32,3,22,2018
18,3,29,2018
451,3,4,2018
868,3,12,2018
12,3,5,2018
200,3,43,2018
77,3,24,2018
3275,44,34,2018
60,44,46,2018
5750,44,16,2018
691,44,21,2018
153,44,49,2018
19,44,35,2018
870,44,10,2018
217,44,18,2018
1132,44,9,2018
265,44,28,2018
243,44,47,2018
41,44,31,2018
109,44,26,2018
249,44,41,2018
145,44,6,2018
43,44,38,2018
219,44,37,2018
242,44,8,2018
302,44,7,2018
232,44,48,2018
13,44,1,2018
130,44,20,2018
785,44,30,2018
195,44,11,2018
744,44,27,2018
54,44,33,2018
46,44,36,2018
480,44,13,2018
338,44,25,2018
733,44,2,2018
95,44,45,2018
415,44,42,2018
381,44,3,2018
346,44,19,2018
20,44,40,2018
178,44,32,2018
8,44,14,2018
553,44,23,2018
1544,44,15,2018
1228,44,22,2018
29,44,29,2018
118,44,4,2018
7566,44,12,2018
32,44,5,2018
370,44,43,2018
212,44,24,2018
138,19,17,2018
288,19,34,2018
67,19,46,2018
925,19,16,2018
367,19,21,2018
269,19,49,2018
780,19,39,2018
126,19,35,2018
2477,19,10,2018
353,19,18,2018
73,19,9,2018
410,19,28,2018
215,19,47,2018
28,19,31,2018
75,19,26,2018
149,19,41,2018
53,19,6,2018
108,19,38,2018
973,19,37,2018
469,19,8,2018
333,19,7,2018
100,19,48,2018
83,19,1,2018
125,19,20,2018
21,19,30,2018
22,19,11,2018
121,19,27,2018
123,19,33,2018
1885,19,36,2018
84,19,13,2018
1510,19,25,2018
941,19,2,2018
57,19,45,2018
1318,19,42,2018
73,19,3,2018
86,19,44,2018
32,19,40,2018
549,19,32,2018
15,19,14,2018
195,19,23,2018
714,19,15,2018
86,19,22,2018
40,19,29,2018
1016,19,4,2018
242,19,12,2018
491,19,5,2018
120,19,43,2018
11,19,24,2018
305,40,34,2018
1642,40,16,2018
667,40,21,2018
2018,40,49,2018
176,40,39,2018
82,40,35,2018
3986,40,10,2018
185,40,18,2018
391,40,28,2018
299,40,38,2018
130,40,37,2018
10044,40,8,2018
39,40,7,2018
190,40,48,2018
37,40,20,2018
66,40,11,2018
83,40,27,2018
816,40,33,2018
210,40,36,2018
1286,40,25,2018
1450,40,2,2018
39,40,42,2018
52,40,3,2018
505,40,19,2018
1591,40,32,2018
172,40,23,2018
881,40,15,2018
47,40,22,2018
222,40,29,2018
1710,40,4,2018
212,40,12,2018
25,40,43,2018
83,40,24,2018
239,32,17,2018
442,32,34,2018
23,32,46,2018
962,32,16,2018
629,32,21,2018
356,32,49,2018
92,32,39,2018
80,32,35,2018
2999,32,10,2018
3211,32,18,2018
12,32,9,2018
696,32,28,2018
486,32,47,2018
34,32,31,2018
56,32,26,2018
283,32,41,2018
237,32,6,2018
98,32,38,2018
494,32,37,2018
223,32,8,2018
516,32,7,2018
29,32,48,2018
129,32,1,2018
444,32,20,2018
132,32,30,2018
14,32,11,2018
120,32,27,2018
202,32,33,2018
244,32,36,2018
249,32,13,2018
876,32,25,2018
5131,32,2,2018
22,32,45,2018
905,32,42,2018
157,32,3,2018
160,32,44,2018
643,32,19,2018
8,32,40,2018
120,32,14,2018
1192,32,23,2018
1732,32,15,2018
48,32,22,2018
35,32,29,2018
1726,32,4,2018
398,32,12,2018
458,32,5,2018
121,32,43,2018
10,32,24,2018
319,14,17,2018
1039,14,34,2018
166,14,46,2018
1474,14,16,2018
2476,14,21,2018
3484,14,10,2018
594,14,18,2018
848,14,28,2018
1893,14,31,2018
433,14,26,2018
150,14,41,2018
331,14,6,2018
80,14,38,2018
175,14,37,2018
59,14,8,2018
402,14,7,2018
4433,14,48,2018
594,14,20,2018
426,14,30,2018
3133,14,11,2018
3,14,27,2018
490,14,25,2018
64,14,2,2018
1394,14,45,2018
152,14,42,2018
343,14,3,2018
402,14,44,2018
517,14,19,2018
227,14,32,2018
1959,14,23,2018
2252,14,15,2018
361,14,22,2018
253,14,4,2018
185,14,12,2018
51,14,5,2018
425,14,43,2018
853,14,24,2018
1805,23,17,2018
190,23,34,2018
811,23,46,2018
1190,23,16,2018
213,23,21,2018
109,23,49,2018
15,23,39,2018
101,23,35,2018
1961,23,10,2018
2699,23,18,2018
71,23,9,2018
1046,23,28,2018
798,23,47,2018
86,23,31,2018
171,23,26,2018
1845,23,41,2018
230,23,6,2018
86,23,38,2018
246,23,37,2018
315,23,8,2018
593,23,7,2018
180,23,48,2018
1477,23,1,2018
465,23,20,2018
35,23,30,2018
135,23,11,2018
123,23,27,2018
36,23,33,2018
63,23,36,2018
114,23,13,2018
464,23,25,2018
1104,23,2,2018
95,23,45,2018
807,23,42,2018
326,23,3,2018
44,23,44,2018
378,23,19,2018
836,23,32,2018
44,23,14,2018
1805,23,15,2018
120,23,22,2018
45,23,29,2018
1175,23,4,2018
379,23,12,2018
388,23,5,2018
196,23,43,2018
15,23,24,2018
199,15,17,2018
707,15,34,2018
542,15,46,2018
1320,15,16,2018
940,15,21,2018
141,15,49,2018
13,15,39,2018
36,15,35,2018
845,15,10,2018
794,15,18,2018
90,15,9,2018
468,15,28,2018
220,15,47,2018
118,15,31,2018
263,15,26,2018
222,15,41,2018
823,15,6,2018
83,15,38,2018
258,15,37,2018
143,15,8,2018
275,15,7,2018
166,15,48,2018
204,15,1,2018
377,15,20,2018
76,15,30,2018
224,15,11,2018
179,15,27,2018
27,15,33,2018
227,15,36,2018
497,15,13,2018
513,15,25,2018
654,15,2,2018
38,15,45,2018
286,15,42,2018
1102,15,3,2018
188,15,44,2018
340,15,19,2018
33,15,40,2018
188,15,32,2018
9,15,14,2018
420,15,23,2018
262,15,22,2018
14,15,29,2018
521,15,4,2018
643,15,12,2018
18,15,5,2018
138,15,43,2018
47,15,24,2018
25,22,17,2018
1848,22,34,2018
225,22,46,2018
2993,22,16,2018
1532,22,21,2018
413,22,49,2018
31,22,39,2018
68,22,35,2018
1128,22,10,2018
356,22,18,2018
2101,22,9,2018
837,22,28,2018
192,22,47,2018
160,22,31,2018
371,22,26,2018
380,22,41,2018
191,22,6,2018
45,22,38,2018
587,22,37,2018
147,22,8,2018
189,22,7,2018
198,22,48,2018
148,22,1,2018
915,22,20,2018
282,22,30,2018
142,22,11,2018
2261,22,27,2018
9,22,33,2018
6,22,36,2018
380,22,13,2018
115,22,25,2018
550,22,2,2018
101,22,45,2018
609,22,42,2018
616,22,3,2018
796,22,44,2018
647,22,19,2018
61,22,40,2018
669,22,32,2018
24,22,14,2018
376,22,23,2018
1993,22,15,2018
104,22,29,2018
902,22,4,2018
2367,22,12,2018
35,22,5,2018
397,22,43,2018
288,22,24,2018
59,29,34,2018
2628,29,16,2018
1670,29,21,2018
952,29,49,2018
488,29,39,2018
341,29,35,2018
2759,29,10,2018
690,29,18,2018
102,29,9,2018
121,29,28,2018
48,29,47,2018
1596,29,38,2018
70,29,37,2018
3169,29,8,2018
227,29,7,2018
136,29,48,2018
377,29,20,2018
89,29,30,2018
41,29,27,2018
2762,29,33,2018
307,29,13,2018
6521,29,25,2018
1934,29,2,2018
502,29,42,2018
243,29,3,2018
792,29,44,2018
1604,29,19,2018
214,29,40,2018
703,29,32,2018
123,29,23,2018
911,29,15,2018
972,29,4,2018
12,29,12,2018
176,29,43,2018
614,4,17,2018
582,4,34,2018
105,4,46,2018
2084,4,16,2018
1089,4,21,2018
269,4,49,2018
171,4,39,2018
914,4,35,2018
3740,4,10,2018
822,4,18,2018
94,4,9,2018
554,4,28,2018
288,4,47,2018
35,4,31,2018
160,4,26,2018
432,4,41,2018
156,4,6,2018
102,4,38,2018
3119,4,37,2018
501,4,8,2018
481,4,7,2018
95,4,48,2018
81,4,1,2018
379,4,20,2018
29,4,30,2018
79,4,11,2018
190,4,27,2018
98,4,33,2018
236,4,36,2018
116,4,13,2018
1094,4,25,2018
3275,4,2,2018
15,4,45,2018
787,4,42,2018
159,4,3,2018
191,4,44,2018
1177,4,19,2018
150,4,40,2018
765,4,32,2018
18,4,14,2018
961,4,23,2018
2203,4,15,2018
179,4,22,2018
106,4,29,2018
692,4,12,2018
781,4,5,2018
102,4,43,2018
23,4,24,2018
282,12,17,2018
2333,12,34,2018
176,12,46,2018
5051,12,16,2018
888,12,21,2018
141,12,49,2018
51,12,35,2018
1202,12,10,2018
467,12,18,2018
1987,12,9,2018
379,12,28,2018
158,12,47,2018
165,12,31,2018
141,12,26,2018
164,12,41,2018
117,12,6,2018
37,12,38,2018
250,12,37,2018
274,12,8,2018
421,12,7,2018
782,12,48,2018
17,12,1,2018
335,12,20,2018
724,12,30,2018
86,12,11,2018
828,12,27,2018
26,12,33,2018
200,12,36,2018
360,12,13,2018
260,12,25,2018
902,12,2,2018
90,12,45,2018
270,12,42,2018
167,12,3,2018
2880,12,44,2018
406,12,19,2018
66,12,40,2018
510,12,32,2018
75,12,14,2018
431,12,23,2018
2240,12,15,2018
1088,12,22,2018
21,12,29,2018
851,12,4,2018
24,12,5,2018
257,12,43,2018
49,12,24,2018
97,5,17,2018
16,5,34,2018
39,5,46,2018
690,5,16,2018
131,5,21,2018
100,5,49,2018
68,5,39,2018
162,5,35,2018
3192,5,10,2018
707,5,18,2018
85,5,9,2018
481,5,28,2018
264,5,47,2018
49,5,26,2018
2092,5,41,2018
314,5,6,2018
3005,5,37,2018
63,5,8,2018
63,5,7,2018
157,5,1,2018
32,5,20,2018
22,5,11,2018
168,5,36,2018
113,5,13,2018
624,5,25,2018
2562,5,2,2018
3469,5,42,2018
102,5,44,2018
3039,5,19,2018
719,5,32,2018
944,5,23,2018
512,5,15,2018
41,5,22,2018
1342,5,4,2018
100,5,12,2018
146,5,43,2018
65,5,24,2018
171,43,17,2018
1341,43,34,2018
22,43,46,2018
923,43,16,2018
533,43,21,2018
56,43,49,2018
59,43,35,2018
1304,43,10,2018
452,43,18,2018
7,43,9,2018
2404,43,28,2018
555,43,47,2018
746,43,31,2018
163,43,26,2018
161,43,41,2018
70,43,6,2018
17,43,38,2018
298,43,37,2018
121,43,8,2018
622,43,7,2018
2629,43,48,2018
214,43,1,2018
266,43,20,2018
133,43,30,2018
57,43,11,2018
198,43,27,2018
34,43,33,2018
86,43,36,2018
49,43,13,2018
333,43,25,2018
330,43,2,2018
81,43,45,2018
478,43,42,2018
67,43,3,2018
72,43,44,2018
297,43,19,2018
13,43,40,2018
282,43,32,2018
6,43,14,2018
256,43,23,2018
1006,43,15,2018
231,43,22,2018
30,43,29,2018
280,43,4,2018
582,43,12,2018
75,43,5,2018
4,43,24,2018
128,24,17,2018
1608,24,34,2018
2641,24,16,2018
3377,24,21,2018
117,24,35,2018
1288,24,10,2018
2318,24,18,2018
1481,24,9,2018
161,24,28,2018
1745,24,47,2018
415,24,31,2018
1049,24,26,2018
167,24,6,2018
254,24,37,2018
76,24,8,2018
174,24,7,2018
734,24,48,2018
1293,24,1,2018
1056,24,20,2018
3374,24,30,2018
1662,24,11,2018
1369,24,27,2018
429,24,13,2018
31,24,25,2018
1810,24,2,2018
502,24,45,2018
129,24,42,2018
1109,24,3,2018
2210,24,44,2018
270,24,19,2018
460,24,32,2018
1127,24,14,2018
209,24,23,2018
4028,24,15,2018
2655,24,22,2018
77,24,29,2018
460,24,4,2018
2141,24,12,2018
356,24,43,2018
